id,problem
000aaa,Which of these numbers is largest?
001aab,Last year a bicycle cost$160 and a cycling helmet cost$40. This year the cost of the bicycle increased by 5% and the cost of the helmet increased by 10%. The percent increase in the combined cost of the bicycle and the helmet is
002aac,"A vacuum pump removes$\frac{1}{2}$of the air in a container with each stroke. After 5 strokes, the percentage of the original amount of air that remains in the container will be"
003aad,"The ratio of wto x is 4:3, of y to zis 3:2, and of zto x is 1:6. What is the ratio of wto y?"
004aae,Find the difference of and . x+1$x^2$-1 -2
005aaf,The number of real solutions of the equation$|x-2|+|x-3|=1$is
006aag,The sum of the solutions to$x^2$$-x=6$is
007aah,"If$f(x)=1-x^2,$find a constant cso that$=c(2a+h).$h"
008aai,"If$m>0$and the points (m,3) and (1,m) lie on a line with slope m, then$m=$"
009aaj,For how many integers nbetween 1 and 100 does$x^2$+x-n factor into the product of two linear factors with integer coefficients.
010aak,"For the triangle formed by the points A(-3,2),B(5,4), and C(3,-8), write the equation of the line that contains the altitude of the triangle through point C in the form$y=mx+b.$1 1 1"
011aal,A parent is currently 3 times as old as his/her child; and in 10 years he/she will be twice as old as his/her child. How many years older is the parent than the child now.
012aam,The following system of equations has only one solution if kx+$y=1$ $x+ky=1$
013aan,The concentration of a mixture consisting of 10 gallons 20%-acid and 40 gallons 15%-acid is
014aao,What is the average of the two solutions of the arbitrary quadratic equation$ax^2$$+bx+c=0$? b b c b
015aap,"A line passes through (5,-6). Which of the following are possible values of the slope m of the line, if the line never enters the first quadrant? -6 -5 -5 -6"
016aaq,"Bill scores 78 on a test that had 4 problems worth 7 points each and 24 multiple-choice questions worth 3 points each. If he had one of the 7-point problems wrong, how many of the multiple-choice questions did he miss?"
017aar,"In ∆ABC,∠$A=55(cid$:68),∠C$=75(cid$:68),D is on side AB and E is on side BC. If$DB=BE,$then ∠$BED=$B"
018aas,"If ∠Ais four times ∠B, and the complement of ∠Bis four times the complement of ∠A, then ∠$B=$A 55 75 C"
019aat,"If AC ⊥BD, DE$=$2, BE$=$1, and EC$=$1 /2, what is the length of AB?"
020aau,The area of the shaded region formed by the four semicircles in the given unit square is \pi \pi \pi \pi
021aav,In how many ways can 6 people be lined up to get on a bus if 3 specific persons insist on following each other?
022aaw,Assume that girl-boy births are equally probable. The probability that a family with 5 children has at least one girl is
023aax,"An old car has to travel a 2-mile route, 1 mile uphill and 1 mile downhill. Because it is so old, the car can climb the first mile - the ascent - no faster than an average speed of 15 mi/hr. How fast does the car need to travel the second mile - on the descent it can go faster, of course - in order to achieve an average speed of 30 mi/hr for the trip?"
024aay,Let f be the function defined by$f(x)=ax^2$- 2 for some positive
025aaz,"As a promotional campaign a music store gave away CDs. Four people received CDs. The first person got 1/3 of the CDs, the second person got 1/4 of the CDs, the third person got 1/6 of the CDs and the fourth person got 12 CDs. How many CDs did the first person get?"
026aba,Let f be a degree 3 polynomial with leading coefficient 1. Suppose that$x=3$is a double zero of f and that$f(0)=3.$The third zero of f is
027abb,"Four whole numbers, when added three at a time, give the sums 180, 197, 208 and 222. What is the largest of the four numbers?"
028abc,"If$f(x)=1-x^2,$find a constant cso that$=c(2a+h).$h"
029abd,Which of the following equations have the same graph?$x^2$-4 I.$y=x-2$II.$y=$III.$(x+2)y=x^2$-4 x+2
030abe,"A tank has two identical drainage valves. With only one valve open, the full tank can be drained in 4 hours. If we start draining the full tank using both valves until the tank is$\frac{1}{4}$full, then let the rest drain through one valve only, the time it will take to drain the tank is"
031abf,Find the integer aso that tansin-1( 3)+tancos-1( 3)$=$ 2   2  3
032abg,"If$0\lex\le$and$sinx=0.1,$then  sin -cos $=$2  2 2"
033abh,Which of the following trigonometric equations is false for all x. 2 3
034abi,"When$\pi<t$$<$, the value of the expression - in terms of sint equals 2 1-cost 1+cost -2(1-sin 2 t) 2$1-sin^2t$2$1-sin^2t$2(1-sin 2 t)"
035abj,"The equation of the tangent line to the circle$x^2$+$y^2$$=25$at the point(4,3)is"
036abk,How many positive integers less than 50 have an odd number of positive integer divisors?
037abl,A circle is inscribed in a square. A$2\times^4rectangle$shares an upper left corner with the square with its lower right corner on the circle as in the figure. What is the radius of the circle?
038abm,Two circles have the same radius r. Their centers are a distance of r 2 apart. The area of the intersection of the circles is$\pir^2$ \pi \pi $2\pir^2$
039abn,"In the figure, ABCD is a quadrilateral with right angles at A and"
040abo,"If log$2=3$and log$x=-$, then log $8\cdot$ is a 2 2 a a   "
041abp,"If log$2a^11$$=6,$then aequals 4"
042abq,In how many ways can 6 people be lined up to get on a bus if 2 specific persons refuse to follow each other?
043abr,"Nine chairs in a row are to be occupied by six students and Professors Alpha, Beta, and Gamma. These three professors arrive before the six students and decide to choose their chairs so that each professor will be between two students. In how many ways can Professor Alpha, Beta, and Gamma choose their chairs?"
044abs,Find the maximum vertical distance d between the parabola y$=-2x^2$+4x+3 and the line y$=$x-2 throughout the bounded region in the figure. 47 49 50 48
045abt,"Two men stand 200 feet apart with a vertical flagpole in between them. If the angles of elevation of the top of the flagpole are 30E and 45E, how tall is the pole? 200 200 3 200 3 200"
046abu,"At noon, a car and a van are 120 miles apart on a straight road and driving toward each other at a speed of 40 mi/hr. A fly starts from the front bumper of the van at noon and flies to the bumper of the car, then immediately back to the bumper of the van, back to the car, and so on, until the car and the van meet. If the fly flies at a speed of 100 mi/hr, what is the total distance it travels?"
047abv,"An amoeba propagates by simple division; each split into two takes 3 minutes to complete. When such an amoeba is put into a glass container with a nutrient fluid, the container will be full of amoebas in one hour. How long would it take for the container to be filled if we start with not one amoeba, but two?"
048abw,"If A is 15% of C and B is 25% of C, then what percent of B is A?"
049abx,It took Tim 30 minutes to walk from his home to his friend’s house to pick up his bicycle. On the bike Tim is 5 times faster than on foot. How long will it take Tim to ride back home if he chooses a route back that is twice as long as the one he took walking from home?
050aby,The value of is closest to 0.10
051abz,Which of the following is largest
052aca,"In the picture, the triangle (cid:85)ABC is equilateral with side length 2 and the vertex B at the origin of the Cartesian plane. The coordinates of the vertex A are"
053acb,Let A and B be two circles such that the circumference of A is 10% of that of
054acc,An isosceles triangle is inscribed inside a circle of radius 12 so that one of its sides passes through the center. What is the area of the triangle?
055acd,Three circles of the same radius r are stacked as in the figure. The height of the stack in terms of the radius r is
056ace,Let the operation ∗ be defined asa∗b$=b+$. The value of (1∗2)∗4 is a 1 1 1
057acf,"If$b^2$$+7b=120,$then one possible value for$b^2$-4bis"
058acg,Carry out the division and simplify$\div$$x^2$+2x-3$x^2$-x-12$x^2$-4 (x+2)(x-2)2 x-4
059ach,A store advertised 20% off fashion watches. One watch had a sale price of$36.76. What was the regular price?
060aci,An operator assisted telephone call to another state costs$10.15 for 15 minutes. The same call dialed directly costs$0.60 for the first minute and$0.40 for each additional minute. How much money is saved on a 15 minute call by dialing direct?
061acj,How long will it take a carpenter to cut a 4 in by 4 in by 8 ft piece of treated lumber into four equal pieces if each cut takes$2\frac{1}{2}$minutes?
062ack,A health club has an initiation fee plus a monthly membership fee. Amy paid a total of$390 for six months of membership plus the initiation fee. Juan paid a total of$435 for nine months of membership plus the initiation fee. What is the initiation fee?
063acl,"The legs of a picnic table with the table top form an isosceles triangle as indicated in the picture (the parts of the legs being the equal sides). If the measure of the angle ABC is 80°, what is the measure of the angle y?"
064acm,The expression is equivalent to 3$ab^2$3$ab^2$
065acn,What is the smallest prime number that is a factor of the sum of 581 and 329?
066aco,"A pack of rats abandoned a sinking ship and colonized a deserted island. In the first year their population tripled. In the second year it fell 6 short of doubling. In the third year it increased by 24. In each of the next two years it was cut in half, so that after 5 years, the population stood at 15. How many rats were in the original colony?"
067acp,"A legally caught fish needs to be both in season and of size no less than the legal size limit. If two-fifths of the fish in the lake are out of season, and three-fourths of the fish that are in season are under the legal size limit, what fraction of the fish in the lake are legal to catch?"
068acq,Simplify x-2 - y-2 1 xy
069acr,"Circles of radius 4 and 9 are tangent to each other and to a horizontal line. Find the distance d(P,Q) between the two points of tangency with the line"
070acs,The sum of the distinct solutions of the equation (x- )2 -2x+$=-1$is x x
071act,The size of a TV screen is described by the length of its diagonal. The ratio of the height to width is the same for all televisions. How much larger is the area of a 30” screen than the area of 20” screen?
072acu,Which of the following numbers are prime?
073acv,"If log (32)-log (27)$=$log ( ), then x is 2 3 4 5"
074acw,"The rhombus ABCD is made by gluing two equilateral triangles ABD and BCD along their common edge, and is placed so that ABis along the horizontal x-axis. The point E bisects the segment DC. Then the slope of the line AE is 3"
075acx,"In a local election, 3000 votes were cast to elect one of the three candidates A, B, and"
076acy,Simplify$x^2$+x-12 x+3 x+2
077acz,Let$f(x)=$$x^2$+4x+2. Let R be the quadrangle (quadrilateral) in the Cartesian plane whose vertices coincide with the x-intercepts of f and the vertices of the parabolas y$=$f(x) andy$=-f(x).$The area of R is
078ada,"In a class of 60 junior and senior students, 21 are girls, 34 are juniors, and 20 are senior boys. How many juniors are girls?"
079adb,A large water tank has two drain outlets A and
080adc,The figure shows a regular octagon of side 1. The area of the shaded region is 3 3 2
081add,The length of the side of a regular hexagon with area 1$in^2$is 3 3 3 2 3
082ade,"If all the roots (zeros) of the polynomial f(x)$=$$x^5$$+ax^4$$+bx^3$$+cx^2$+dx-420are integers larger than 1, then f(4)equals"
083adf,"In the figure, the two circles both have radius 1 and centers O and P respectively. The line PQ is tangent to the first circle and passes through the center of the second, and the line OQ is perpendicular to the line OP joining the centers. The length of the segment OQ is 3 2"
084adg,"If f( )$=$for all$x\neq^0,1$and$0<\theta<\pi$2 then$f(sec^2\theta)=$x-1 x"
085adh,Suppose that x satisfies the equationsinx$=$. Then cosxequals tanx 3 5-1 5
086adi,The domain for the inverse of the function f(x)$=$x -5 is:
087adj,"A cashier found that he was often asked to give change for a dollar to people who made no purchase but wanted a dime or two nickels for a parking meter. He started thinking one day about the number of ways he could make change using the coins half-dollar, quarter, dime, nickel, and penny. If he gave no more than four of any coin, in how many different ways could he give change for a dollar to people who needed a dime or two nickels for parking?"
088adk,Three cylindrical drums of 2-foot diameters are to be securely fastened in the form of a triangle by a steel band. What length of band will be required?
089adl,"The remaining three parts of the band between two drums equals 2r$=$2, that gives a total of 6. Thus the length of band is 6 + 2\pi."
090adm,A high school runner wants to run a 5-minute mile in his next race. That’s an average of 12 miles per hour. He figures he’ll start out slowly and finish strong. He runs the first half-mile at 10 miles per hour. How fast must he run the last half-mile so that his time for the race is 5 minutes?
091adn,"A pair of digits is produced as follows. The first digit is randomly selected and registered. A second digit is randomly selected and registered if it differed from the first one. Otherwise a fair coin is flipped. If the coin is heads the digit is registered, and if the coin is tails, a digit is randomly selected and registered. What is the probability that the two registered digits are equal?"
092ado,Let y$=mx+b$be the image when the line x-3y$+11=0$is reflected across the x- axis. The value of m + b is
093adp,Let the operation ∗ be defined asa∗b$=b+$. The value of (1∗2)∗4 is a 1 1 1
094adq,"One hundred students at Century High School took an exam last year, and their mean score was 100. The number of non-seniors taking the exam was 50% more than the number of seniors, and the mean score of the seniors was 50% higher than that of the non-seniors. What was the mean score of the seniors?"
095adr,"A survey indicated that in a particular city, 60% of the patients visiting a doctor have a physical disorder, 35% have an emotional disorder, and 25% have both a physical disorder and an emotional disorder. What is the probability of a person having neither a physical nor an emotional disorder visiting a doctor?"
096ads,For what values of k will the remainder of division of$x^2$+kx+4 by x-1 be twice the remainder of division$ofx^2$+ kx+4byx+1?
097adt,The solution of the equation$log(logx)=2$is
098adu,"Given the isosceles triangle AEF (where$AE=AF)$with a path of 5 congruent segments A - B - C - D - E - F, the degree measure of angle A is"
099adv,Which of the following numbers are prime?
100adw,Simplify the expression x-1 -y-1
101adx,"When going outside on a cold winter day, Jill can choose from three winter coats, five wool scarves, two pairs of boots and four hats. But she will never wear her green scarf unless she wears the blue coat. How many different outfits might her friends see her in?"
102ady,"Coffee costs about$6 per pound in the United States. If a Canadian dollar exchanges for 75 U.S. cents, and a kilogram is about 2.2 pounds, what is the equivalent cost in Canadian dollars per kilogram? SVSU - 2005 Math Olympics Level I - Page 2"
103adz,"A table in a doll house is a scale model of a full sized table. The surface area of the top of the full sized table is 800 square inches. The surface area of the top of the doll house table is 2 square inches. If the doll house table is 1.5 inches high, how high is the full sized table?"
104aea,Solve the equation.$=$$9\cdot^9x$3
105aeb,"Assume that the digits 1, 0, and 8 are written so that A 4-digit example: they look the same when they are upside down as they do when they’re right-side up. Assume that the digits 6 and 9 are written so that an upside down 6 is identical to a 9. How many 5 digit numbers look the same upside down as they do right-side up. 890l l098"
106aec,"Suppose you are in a class of 20 students. If every student shakes hands with every other student, how many handshakes will there be?"
107aed,"A school has three clubs: cheerleaders, pep club and student council. Half of the student council members and all of the cheerleaders belong to the pep club. Two students are members of all three clubs. If there are 24 student council members, 6 cheerleaders, and 40 pep club members, how many students belong only to the pep club?"
108aee,A 400 meter track is to built with 100-meter straight- 100m aways on both sides and semicircular ends. (See the diagram.) How many meters wide should the track be x between the straight-aways so that the total perimeter 100m is 400 meters?
109aef,Find the perimeter of a rectangle whose area is 22 square meters and whose diagonal is 10 meters
110aeg,"Donald Duck can eat 2 pizzas in 3 minutes, while Goofy can eat 3 pizzas in 2 minutes. At these rates, how many pizzas can they eat together in an hour?"
111aeh,"If m$>$0 and the points (m,3) and (1,m) lie on a line with slope m, then m$=$$\sqrt$$\sqrt$$\sqrt$"
112aei,"An urn is filled with coins and beads, all of which are either silver or gold. Twenty percent of the objects in the urn are beads. Forty percent of the coins in the urn are silver. What percent of the objects in the urn are gold coins?"
113aej,$=$84 +411$\sqrt$
114aek,"The ratio of the radii of two concentric circles (circles having the same center) is 1:3. If AC is a diameter of the larger circle, BC is a chord of the larger circle that is tangent to the smaller circle, and AB$=$12, then the radius of the larger circle is"
115ael,The 12 in$\times$12 in configuration shown to the right made up of four tiles each represents a small square inscribed in a larger one. The shaded region has area 24$in^2.$The side length of each of the inner squares is$\sqrt$$\sqrt$$\sqrt$
116aem,"At a High School each freshman is taking exactly two of the following three courses: English, Math, Social Studies. The freshmen enrollments are: 20 in English, 17 in Math, 11 in Social Studies. How many freshmen are there?"
117aen,Let a polynomial P be a degree four polynomial such that 0$=$P(0)$=$P(1)$=$P(2)$=$P(-1) and P(-2)$=$12. Then P(3) equals
118aeo,"Jody read a book in 3 days. During the first day she read 1/5 of the book, plus 16 pages. During the second day she read 3/10 of what remained,plus 20 pages. During the third day she read 3/4 of what remained, plus 30 pages. How many pages were there in the book?"
119aep,"Determine a, b for which (-4,-3) is a solution of the system ax+by$=$-26 bx-ay$=$7"
120aeq,The Jones family is remodeling their house. The width of a rectangular room is in- creased by 30% and the length of that room is increased by 25%. By what percentage is the area of the room increased?
121aer,Which of these numbers is the smallest?$\sqrt$(cid:113) 93$\sqrt{1}$422-4 9-1
122aes,"The three circles have radii 1in, 2in and 3in. Which fraction of the square is shaded?"
123aet,A parallelogram ABCD is drawn so that the C triangle ABC is an isosceles triangle inscribed D inside circle of radius 12 and so that the one of its sides passes through the center. What is B the area of the parallelogram? A
124aeu,"If the point (3,5) is on the graph of y$=$-3f(2x+1)+2, which of the following must be true?"
125aev,Let p be a prime number and k an integer such that$x^2+kx+p$$=$0 has two distinct positive integer solutions. The value of k+p is
126aew,Which of the following are equivalent to$log(csc^2x)$? 1 1
127aex,"To find the distance between two points P and Q on opposite Q sides of a lake, a surveyor locates a point R, 20 feet from P, such the line PR is perpendicular to the line PQ. The angle PRQ is 60◦. Find the distance between P and Q.$\sqrt$$\sqrt{20}$3"
128aey,The difference between the area of the circle inscribed (the inner cir-$\sqrt{cle})$in a regular hexagon of side length 3 and the area of the circle in which the hexagon is inscribed (the outer circle) is
129aez,"The product N of three positive integers is six times their sum, and one of the integers is the sum of the other two. Find the sum of all possible values of N"
130afa,"Suppose that the digits 1, 0, and 8 are written so that they look the same when they are upside down as they do when they are right-side up. Also, the digits 6 and 9 are written so that by turning (rotating) a 6 upside down, we get a 9. Two 5-digit numbers are “flips” of each other if one is obtained by rotating the other upside down. For example, 61891 and 16819 are “flips” of each other. If all five-digit numbers (including those starting with 0 like"
131afb,"are being printed on slips of paper such that two numbers are printed on the same slip if and only if they are flips of one another, how many slips of paper are needed? 55"
132afc,Which of the following is not equivalent to sin(15◦)?$\sqrt$$\sqrt{p}$$\sqrt{6}-$2 2- 3 1
133afd,"Let x y$=$x+y. If a is a positive number such that a (a+1)$=$5, which of the below gives y x 2 the va☼lue of a? ☼"
134afe,"A belt driven wheel system shown in the figure consists of two outside simple wheels of radii 5in and 3in, respectively, and a middle compound$wheelmadebygluingconcentric^2inand^1inwheels,sothatthetwowheels$will rotate as one unit. Two belts are attached tightly between the wheels as shown. If the 5in wheel is moving at 4 rotations per minute (rpm), how fast is the 3in wheel rotating?"
135aff,A rectangle in inscribed in a circle of radius 1. The angle from the center to the corner A is \theta. The area of the rectangle equals \theta
136afg,A butterfly lands on one of the six squares of the t-shaped figure shown and then randomly moves to an adjacent square. What is the probability that G the butterfly ends up on the R square. Y W R B O
137afh,The corresponding trisectors of two angles (A and
138afi,"In ∆ABC,$m^6$ABC$=$120◦, AB$=$3 and BC$=$4. If perpendiculars constructed to AB at A and to BC at C meet at D, then CD$=$8 11 10"
139afj,$Asquareofperimeter^20isinscribedinasquareofperimeter^28(inscribedmeansthevertices$of the smaller square are on the sides of the larger square). What is the greatest distance between a vertex of the inner square and a vertex of the outer square?$\sqrt$$\sqrt$$\sqrt{7}$5$\sqrt$
140afk,"$Thelargergearhas^25teeth,andthesmallerhas^15teeth.$Ifthelarger$gearrotatesthroughanangleof^90$◦,throughwhatanglemeasuredoes the small gear rotate?"
141afl,"The Beatles (Paul, John, George and Ringo) took a math exam. Paul got correct half of the questions plus 7 questions, John got correct one third of the questions plus 17 questions, George got correct one fourth of the questions plus 22 questions, and Ringo got correct one fifth of the questions plus 25 questions. There were between one and 100 questions on the exam and each Beatle got an integer number of questions correct. Which Beatle got the most questions correct?"
142afm,If L is the line whose equation is ax + by$=$
143afn,"Let f(x) be a cubic polynomial in one variable x such that f(0)$6=$0 and with no repeated roots. Supposethatf(x)andf(-x)shareacommonroot. Whichofthefollowingpolynomials qualifies to be the least common multiple of f(x) and f(-x)? (The numbers a, b and c below are distinct)"
144afo,"In the figure to the right, ABGH, BCFG and CDEF are G x H x F x E congruentsquareswithsidelengthx. Thesumoftheangles α+β equals x"
145afp,"Thethreelittlepigsarediggingamoattokeepnastywolvesaway. Thefirsttwopigs, working together, could dig the moat in two hours. The first and third pigs, working together, could dig the moat in one hour and twelve minutes. The second and third pigs, working together, could complete the job in an hour and a half. How long will it take all three pigs working together to dig the moat?"
146afq,Riders on a Ferris wheel travel in a circle in a vertical plane. A particular wheel has radius 20 ft and rotates at a constant rate of one revolution per minute. How many seconds does it take a rider travel from the bottom of the wheel to a point 10 vertical feet above the bottom?
147afr,"For the regular pyramid to the right, the ratio h : a is 3 : 1. Find B the ratio t : a t$\sqrt$$\sqrt$"
148afs,"Roadrunner and Coyote are running on a highway simultaneously starting at the same point. Each maintains a constant speed within each 4-mile interval of the road. The speed of Coyote doubles from one interval to the next, while the speed of Roadrunner is reduced by half after SVSU - 2005 Math Olympics Level II - Page 8 each interval. Roadrunner starts at the speed of 32 mph and Coyote at 1 mph. By the time Coyote catches up with Roadrunner, how many (complete) miles would each have run?"
149aft,"The vertex of the parabola that passes through the points (-1,0), (0,1) and (1,3) is (cid:18) (cid:19) (cid:18) (cid:19) 3 1 3"
150afu,"If the point (3, 5) is on the graph ofy$=$-3f(2x+1)+2, which of the following must be true?"
151afv,Let p be a prime number and k an integer such that$x^2$+kx+ p$=0$has two distinct positive integer solutions. The value of k + p is
152afw,Which of the following are equivalent to$log(csc^2x)$? 1 1
153afx,"To find the distance between two points P and Q on opposite sides of a lake, a surveyor locates a point R, 20 feet from P, such that the line PR is perpendicular to the line PQ. The angle PRQ is 60°. Find the distance between P and Q. 20 30"
154afy,The difference between the area of the circle inscribed (the inner circle) in a regular hexagon of side length 3 and the area of the circle in which the hexagon is inscribed (the outer circle) is
155afz,"The product N of three positive integers is six times their sum, and one of the integers is the sum of the other two. Find the sum of all possible values of N"
156aga,"Suppose that the digits 1, 0, and 8 are written so that they look the same when they are upside down as they do when they’re right-side up. Also, the digits 6 and 9 are written so that by turning (rotating) a 6 upside down, we get a 9. Two 5-digit numbers are “flips” of each other if one is obtained by rotating the other upside down. For example, 61891 and 16819 are “flips” of each other. If all five-digit numbers (including those starting with 0 like 00027) are being printed on slips of paper such that two numbers are printed on the same slip if and only if they are flips of one another, how many slips of paper are needed?"
157agb,Which of the following is not equivalent tosin(15°)? 6 - 2 2- 3 1 2- 3$sin^75o$-$3cos^75o$
158agc,"Let x ☼$y=$+ . If a is a positive number such that a☼$(a+1)=$, which of the below y x 2 gives the value of a?"
159agd,"A belt driven wheel system shown in the figure consists of two outside simple wheels of radii 5in and 3in, respectively, and a middle compound wheel made by gluing concentric 2in and 1in wheels, so that the two wheels will rotate as one unit. Two belts are attached tightly between the wheels as shown. If the 5in wheel is moving at 4 rotations per minute (rpm), how fast is the 3in wheel rotating?"
160age,A rectangle is inscribed in a circle of radius 1. The angle from the center to the corner A is \theta. The area of the rectangle equals
161agf,"A butterfly lands on one of the six squares of the t-shaped figure shown and then randomly moves to an adjacent square. What is the probability that the butterfly ends up on the R square? (Here, two squares are adjacent if and only if they share a side)"
162agg,The corresponding tri-sectors of two angles (A and
163agh,"In ∆ABC, m∠ABC$=120o,$$AB=3$and BC$=4.$If perpendiculars constructed to AB at A and to BC at C meet at D, then$CD=$8 11 10"
164agi,A square of perimeter 20 is inscribed in a square of perimeter 28 (inscribed means the vertices of the smaller square are on the sides of the larger square). What is the greatest distance between a vertex of the inner square and a vertex of the outer square? 7 5
165agj,"The larger gear has 25 teeth, and the smaller has 15 teeth. If the larger gear rotates through an angle of 90°, through what angle measure does the small gear rotate? (The picture illustrates how the wheels move together but it’s not accurate in terms of the number of teeth!)"
166agk,"The Beatles (Paul, John, George and Ringo) took a math exam. Paul got correct half of the questions plus 7 questions, John got correct one third of the questions plus 17 questions, George got correct one fourth of the questions plus 22 questions, and Ringo got correct one fifth of the questions plus 25 questions. There were between one and 100 questions on the exam and each Beatle got an integer number of questions correct. Which Beatle got the most questions correct?"
167agl,If L is the line whose equation is ax + by$=$
168agm,"Let f(x) be a cubic polynomial in one variable x such that f(0)$\neq$0 and with no repeated roots. Suppose that f(x) and f(-x) share a common root. Which of the following polynomials could be the least common multiple (LCM) of f(x)and f(-x)? (The numbers ±a, ±b and ±c below are all distinct)"
169agn,"In the figure to the right, ABHG, BCFH and CDEF are congruent squares with side length x. The sum of the angles α +β equals"
170ago,"The three little pigs are digging a moat to keep nasty wolves away. The first two pigs, working together, could dig the moat in two hours. The first and third pigs, working together, could dig the moat in one hour and twelve minutes. The second and third pigs, working together, could complete the job in an hour and a half. How long will it take all three pigs working together to dig the moat?"
171agp,Riders on a Ferris wheel travel in a circle in a vertical plane. A particular wheel has radius 20 ft and rotates at a constant rate of one revolution per minute. How many seconds does it take a rider travel from the bottom of the wheel to a point 10 vertical feet above the bottom?
172agq,"For the right regular pyramid with a square base shown in the figure to the right, the ratio h : a is 3: 1, find the ratio t : a"
173agr,"Roadrunner and Coyote are running on a highway simultaneously starting at the same point. Each maintains a constant speed within each 4-mile interval of the road. The speed of Coyote doubles from one interval to the next, while the speed of Roadrunner is reduced by half after each interval. Roadrunner starts at the speed of 32 mph and Coyote at 1 mph. By the time Coyote catches up with Roadrunner, how many (complete) miles would each have run?"
174ags,"The vertex of the parabola that passes through the points (-1,0), (0,1) and (1,3) is 3 1 3 1 3"
175agt,Which of the following numbers is a prime?
176agu,Simplify the expression. x-1 - y-1
177agv,"When going outside on a cold winter day, Jill can choose from three winter coats, five wool scarves, two pairs of boots and four hats. The coats are of distinct colors, and so are the scarves. Jill will never wear her green scarf unless she wears the blue coat. If Jill wears a coat, a scarf, boots and a hat, how many different outfits might her friends see her in?"
178agw,"Coffee costs$6 per pound in the United States. If a Canadian dollar exchanges for 75 U.S. cents, and a kilogram is 2.2 pounds, what is the equivalent cost in Canadian dollars per kilogram?"
179agx,"A table in a doll house is a scale model of a full sized table. The surface area of the top of the full sized table is 800 square inches. The surface area of the top of the doll house table is 2 square inches. If the doll house table is 1.5 inches high, how high is the full sized table?"
180agy,Solve the equation. ⎜ ⎟$=9\cdot^9x$⎝3⎠
181agz,"Assume that the digits 1, 0, and 8 are written so that they look the same when they are upside down as they do when they’re right- side up. Assume that the digits 6 and 9 are written so that by turning (rotating) a 6 upside down, we get a 9. How many five- digit numbers, not including those which start with zero, look the same when rotated upside down as they do right-side up?"
182aha,"A class has 20 students. If every student shakes hands with every other student, how many handshakes will there be?"
183ahb,"A school has three clubs: Cheerleaders, Pep Club and Student Council. Half of the student council members and all of the cheerleaders belong to the pep club. Exactly two students are members of all three clubs. If there are 24 student council members, 6 cheerleaders, and 40 pep club members, how many students belong only to the pep club?"
184ahc,"A 400 meter track is to be built with 100-meter straight-aways on both sides and semicircular ends. (See the diagram.) How many meters wide, x, should the track be between the straight- aways so that the total perimeter is 400 meters?"
185ahd,Find the perimeter of a rectangle whose area is 22 square meters and whose diagonal is 10 meters.
186ahe,"Donald Duck can eat 2 pizzas in 3 minutes, while Goofy can eat 3 pizzas in 2 minutes. At these rates, how many pizzas can they eat together in one hour?"
187ahf,"If$m>0and$the points (m,3)and (1,m) lie on a line with slope m, then$m=$"
188ahg,"An urn is filled with coins and beads, all of which are either silver or gold. Twenty percent of the objects in the urn are beads. Forty percent of the coins in the urn are silver. What percent of the objects in the urn are gold coins?"
189ahh,"The ratio of the radii of two concentric circles (circles having the same center) is 1:3. If AC is a diameter of the larger circle, BC is a chord of the larger circle that is tangent to the smaller circle, and$AB=12,$then the radius of the larger circle is"
190ahi,"The large$12in\times^12in$square shown to the right is made up of four square tiles each having a small square inscribed in it. The four tiles are congruent, and some are mirror images of the others. The shaded region has area 24$in^2.$The side length of each of the small inscribed squares is"
191ahj,"At a high school each freshman is taking exactly two of the following three courses: English, Math, Social Studies. The freshmen enrollments are: 20 in English, 17 in Math, 11 in Social Studies. How many freshmen are there?"
192ahk,Let a polynomial P be a degree four polynomial such that 0$=$P(0)$=$P(1)$=$P(2)$=$P(-1) and P(-2)$=$12. Then P(3) equals
193ahl,"Jody read a book in 3 days. During the first day she read 1/5 of the book, plus 16 pages. During the second day she read 3/10 of what remained, plus 20 pages. During the third day she read 3/4 of what remained, plus 30 pages. How many pages were there in the book?"
194ahm,"Determine a, b for which (-4, -3) is a solution of the system ax + by$=$-26 bx - ay$=$7"
195ahn,The Jones family is remodeling their house. The width of a rectangular room is increased by 30% and the length of that room is increased by 25%. By what percentage is the area of the room increased?
196aho,Which of these numbers is the smallest? 93 422-4 9-1
197ahp,"The three circles have radii 1in, 2in and 3in. What fraction of the area of the outer square is shaded? 3\pi 3"
198ahq,"A parallelogram ABCD is drawn so that the triangle ABC is an isosceles triangle inscribed in a circle of radius 12, so that the side AB passes through the center. What is the area of the parallelogram?"
199ahr,"Asquareisinscribedinacircle,whichisinscribedinanothersquare. Whatistheratioofthearea ofthesmallersquaretotheareaofthelargersquare?"
200ahs,Whichofthefollowingchoiceshasadifferentvaluefromtheotherchoices? 240+2 245+245
201aht,$Atwhattimebetween^7$:$00pmand^8$:00pmwillthehourhandandtheminutehandpointinoppo- sitedirections?(Assumethatthehandsmovesmoothlywithoutjumps.)
202ahu,Theexpression simplifiesto x+2y+z
203ahv,WhichofthefollowingdefinitionsofxPy$guaranteesthatxPy=yPx$? x x y
204ahw,"$Akindergartenteacherneedstoseat^5childreninarow.$Thetwins,TerryandSherry,needtosit$nexttoeachotherortheywillcry.Howmanywayscantheteacherseatthe^5childrensothatTerry$andSherryarenexttoeachother?"
205ahx,"The two smaller circles S and S of radii r and r are 1 2 1 2 initiallypositioned,respectively,atpointsP andQ atthe S 1 opposite ends of a diameter of the big circle of radius r. S 2 r Thesmallercirclesarethenmovedalongtheperimeterof P r 2 r 1 the big circle by rotating them clock-wise (without skid- Q$ding)atthesamerotationalrate.Aftercompleting^5.5full$rotations, S reachesQ, while at that moment S is only 1 2 two-thirds of the distance along the arc fromQ to P. If thecirclescontinuetorotateuntilthefirstmomenttheyareback(simultaneously)totheirinitial positions,howmanyrotationswouldS havemade? 2"
206ahy,a]bisdefinedtobea+ 1$forb^6=0.Find(1]2)]$¡ 2] 1¢ . b 4
207ahz,Whatisthesumofthesolutionstotheequation$=4x^2+$? x-1 x-1
208aia,"Alotterygameusesabowlfilledwithredandwhiteping-pongballs.Someoftheballshaveablack dotandsomedonot. 50%$oftheballsarecoloredred,and^20$%oftheredballshaveablackdot. 40%ofalltheballshaveablackdot.Whatpercentoftheballswillbewhitewithablackdot?"
209aib,"$Theequationofthetangentlinetothecirclex^2+y^2=25at(3,4)is$"
210aic,"$Aworkerispleasedtoreceivea^20$%$payrise,butdisappointedtohavethisfollowedbya^20$%pay cut.Whatistheoverallresultofthis?"
211aid,"$Ifacatandahalfcancatcharatandahalfinanhourandahalf,howmanyratscan^3catscatchin$3hours?"
212aie,"Donaldrentsponiesfor$15foronepony.Foreachadditionalpony,a$1perponydiscountisgiven (e.g. 2poniesrentfor$14each,3poniesrentfor$13eachetc). Whatisthemostexpensiverental Donaldcanhave?"
213aif,"$For^0<x<2,theminimumvalueofx+$is x 3"
214aig,$Howmanygallonsofpurealcoholmustbeaddedto^10gallonsofa^40$%alcoholmixturetogeta 50%alcoholmixture?
215aih,"$Aboatcangoupstreamagainsta^2.5mphcurrentin^11hours,andbackdownstreamtothesame$$placein^7hours.Findthespeedoftheboatinstillwater.$"
216aii,"AtouristtravelstoCanadaandexchanges1000Americandollars,getting1250Canadiandollars. After 4 hours in a casino, he has 100 Canadian dollars left. Assuming the exchange rate did not changeduringhisstay,howmuchwillhegetexchangingitforAmericandollars?"
217aij,"OnHalloween,TomcollectstwiceasmanypiecesofcandyasJane,whileMarygetsthreetimesas manypiecesasRich. TomeatshalfofhiscandyandgivestheotherhalftoMary. Maryconsumes two-thirdswhatshenowhasandasksJaneifshewantstherest. JaneoptstotakefromMaryonly asmuchasJaneoriginallyhad. MarythenpassestheremainingcandytoRich. Richendsupwith 100piecesofcandy,whichis,accordingtohim,25%morethanheoriginallycollected. Whichof thefollowingholds?"
218aik,"What is the equation of the perpendicular bisector of the line segment (-1,3) to (3,5)? (A line bisectsasegmentifitdividesitintotwosegmentsofequallength.)"
219ail,$Whatistheremainderwhen^9\cdot105+8\cdot104+7\cdot103+6\cdot102+5\cdot101+4\cdot100isdividedby^3$?
220aim,"Leta beafixedinteger. Alowingrepetition,letr , r andr$bethesolutionsoftheequationx^3+$1 2 3$ax^2+ax+1=0.Ifr$andr aredistinctintegers,whatisthevalueofr ? 1 2 3 p"
221ain,"In a strange far-away land, the “star operation” misbehaves: a?b$6=b$?a. Other than that, the$operationisassociativeand^1$?$a=a$?$1=aforanya.Supposeweknowthata$?a?$a=1,b$?$b=1,$andb?$a=a$?a?b.Whichofthefollowingmustbetrueaboutb?a?a?"
222aio,$Thesolutionsettotheequation^2x^3-9x^2+25=0$is p p p p p p
223aip,$Letn=$6+ 11+ 6- 11- 22.Then
224aiq,"Asquareisinscribedinacircle,whichisinscribedinanothersquare. Whatistheratioof theareaofthesmallersquaretotheareaofthelargersquare?"
225air,Whichofthefollowingchoiceshasadifferentvaluefromtheotherchoices? 240+2 245+245
226ais,$Atwhattimebetween^7$:$00pmand^8$:00pmwillthehourhandandtheminutehandpoint inoppositedirections? (Assumethatthehandsmovesmoothlywithoutjumps.)
227ait,Theexpression simplifiesto x+2y+z
228aiu,WhichofthefollowingdefinitionsofxPy guaranteesthatxPy$=yPx$? x x y
229aiv,"A kindergarten teacher needs to seat 5 children in a row. The twins, Terry and Sherry, needtositnexttoeachotherortheywillcry.$Howmanywayscantheteacherseatthe^5$childrensothatTerryandSherryarenexttoeachother?"
230aiw,"The two smaller circles S and S of radii r and r 1 2 1 2 areinitiallypositioned,respectively,atpointsP and S 1 S Q at the opposite ends of a diameter of the big cir- 2 r P cle of radius r. The smaller circles are then moved r 2 r 1 Q alongtheperimeterofthebigcirclebyrotatingthem clock-wise(withoutskidding)atthesamerotational rate. After completing 5.5 full rotations, S reaches 1 Q,whileatthatmomentS isonlytwo-thirdsofthe 2 distancealongthearcfromQ toP. Ifthecirclescontinuetorotateuntilthefirstmoment they are back (simultaneously) to their initial positions, how many rotations would S 2 havemade?"
231aix,a]b isdefinedtobea+ 1$forb^6=0.$Find(1]2)] ¡ 2] 1¢ . b 4
232aiy,Whatisthesumofthesolutionstotheequation$=4x^2+$? x-1 x-1
233aiz,"A lottery game uses a bowl filled with red and white ping-pong balls. Some of the balls have a black dot and some do not. 50% of the balls are colored red, and 20% of the red ballshaveablackdot. 40%ofalltheballshaveablackdot. Whatpercentoftheballswill bewhitewithablackdot?"
234aja,"$Theequationofthetangentlinetothecirclex^2+y^2=25at(3,4)is$"
235ajb,"$Aworkerispleasedtoreceivea^20$%payrise,butdisappointedtohavethisfollowedbya 20%paycut. Whatistheoverallresultofthis?"
236ajc,"$Ifacatandahalfcancatcharatandahalfinanhourandahalf,howmanyratscan^3cats$$catchin^3hours$?"
237ajd,"Donald rents ponies for$15 for one pony. For each additional pony, a$1 per pony dis- countisgiven(e.g. 2poniesrentfor$14each,3poniesrentfor$13eachetc). Whatisthe mostexpensiverentalDonaldcanhave?"
238aje,"$For^0<x<2,theminimumvalueofx+$is x 3"
239ajf,$Howmanygallonsofpurealcoholmustbeaddedto^10gallonsofa^40$%alcoholmixture$togeta^50$%alcoholmixture?
240ajg,"$Aboatcangoupstreamagainsta^2.5mphcurrentin^11hours,$andbackdownstreamto$thesameplacein^7hours.$Findthespeedoftheboatinstillwater."
241ajh,"AtouristtravelstoCanadaandexchanges1000Americandollars,getting1250Canadian$dollars.After^4hoursinacasino,hehas100Canadiandollarsleft.Assumingtheexchange$rate did not change during his stay, how much will he get exchanging it for American dollars?"
242aji,"OnHalloween,TomcollectstwiceasmanypiecesofcandyasJane,whileMarygetsthree timesasmanypiecesasRich. TomeatshalfofhiscandyandgivestheotherhalftoMary. Maryconsumestwo-thirdswhatshenowhasandasksJaneifshewantstherest.Janeopts totakefromMaryonlyasmuchasJaneoriginallyhad. Marythenpassestheremaining candy to Rich. Rich ends up with 100 pieces of candy, which is, according to him, 25% morethanheoriginallycollected. Whichofthefollowingholds?"
243ajj,"What is the equation of the perpendicular bisector of the line segment (-1,3) to (3,5)? (Alinebisectsasegmentifitdividesitintotwosegmentsofequallength.)"
244ajk,$Whatistheremainderwhen^9\cdot105+8\cdot104+7\cdot103+6\cdot102+5\cdot101+4\cdot100isdividedby^3$?
245ajl,"Letabeafixedinteger.Alowingrepetition,letr ,r andr bethesolutionsoftheequation 1 2 3$x^3+ax^2+ax+1=0.$Ifr andr aredistinctintegers,whatisthevalueofr ? 1 2 3 p"
246ajm,"In a strange far-away land, the “star operation” misbehaves: a?b$6=$b?a. Other than that, the operation is associative and 1?a$=a$?$1=a$for any"
247ajn,$Thesolutionsettotheequation^2x^3-9x^2+25=0$is p p p p p p
248ajo,$Letn=$6+ 11+ 6- 11- 22. Then
249ajp,"$Howmanyzerosareattheendof^79$! (Recall,n!$istheproduct^1\times^2\times^3\times\cdot\cdot\cdot\times(n-1)\timesn.)$"
250ajq,"Threecircles,S 1 ,S 2 andS 3 ,ofdifferentradiiwithcenters A,B,C,respec-$S^3$tively, are drawn so that any two touch each other. The point P is the C intersectionofthesmallercirclesS 1 andS 2 . ThecommontangenttoS 1 D A andS isextendedfromP andmeetsBC atD. IftheradiiofS ,S andS 2 1 2 3$are^2,3,and^10,respectively,findthelengthofCD.$$S^1$P B$S^2$"
251ajr,$Letn=$6+ 11+ 6- 11- 22. Then
252ajs,"$Inthefiguretwocongruent^30$◦ -60 ◦ righttriangles, AOB andCPD are D ◦ drawn so that AO is opposite to the 60 angle in AOB and so that the P A C pointsO andP trisectthesegment AC. IfthelengthofDP isoneunit, O findtheperimeterofthequadrilateral ABCD (notdrawn). B p p p p"
253ajt,"$Findthenumberof^6-digitnumbersthatuseonlythedigits^1and^9,butdonothavetwo$1’snexttoeachother."
254aju,Thesumofthesolutionsoftheequationlog ¡$x^2-8x-8$¢$=0$is 2
255ajv,"Let S 1 ,S 2 ,S 3 ,... be a sequence of nested circles such that S i+1 is in- side S i and the radius of S i+1 is half of that of S i . Let r denote the$S^2$radius of S 1 . For i$=$1,3,5,... (i.e. for odd i’s), the region inside S i$S^4$$S^3$r andoutsideS i+1 isshaded. Findthesumoftheshadedareas.$3\pir^2$"
256ajw,Forwhichvaluesofa is (log 7)(log$6)=ln^36$? a 7 p
257ajx,Forwhichx is 2sin -1 sin$=x$? 2
258ajy,"$Atexactly^3$:22,whatistheanglebetweenthehourhandandtheminutehandofaclock? (Assumethatbothhandsrotateinsmoothcontinuousmotionwithoutjumps.) ◦ ◦ ◦ ◦"
259ajz,For which real values of p does the graph of y$=$$x^2-2px+p+1$have exactly one x- intercept? p 1+ 5
260aka,"A committee of 4 people is to be randomly chosen from a group of 7 people, including Mr. and Mrs. Smith. What is the probability that a committee will not contain both Mr. SmithandMrs. Smith?"
261akb,cos ¡ 2cos -1¡-12¢¢$=$13
262akc,"Let\thetabetheanglemeasureofaregularpolygonwith n vertices, where n isa$fixednaturalnumberlargerthan^2.$Onesuchpolygonisinscribedinanother so that the vertices of the inner polygon are the midpoints of the edges of the outer one (the figure gives an example for n$=5).$If the side of the outer polygonisa unitsandthatoftheinnerpolygonisb units,whichofthefollowingistrue?$a^2-2b^2$$2a^2-b^2$a"
263akd,"GiventhatthetrapezoidABCD$hasarea^12,findthelengthofthe$B C segment AE. (Congruent line segments are marked with small perpendiculardashesthroughthemiddleofthesegment). A E D p"
264ake,"Suppose$f(1)=2and$$f(5)=3.$$Ifforeveryk\ge^3,$$f(k)=$f(k-2)-f(k-1),find f(2)."
265akf,"Apeglocatedatonevertexonthecorrespondinggraphwillbemoved toanothervertexthatisconnectedtoitscurrentlocationbyanedge; theselectionofthenewpositionisotherwisetotallyrandom. Ifthe D C pegiscurrentlyatthevertexA,whatistheprobabilitythatitwillend A B upaftertwomovesataninteriorvertex(oneofverticesB,C orD)?"
266akg,"Supposethat$f(x)\ge^0forall$x,and a, b arepositivenumbers. Giventhattheareaofthe region bounded by the graph of y$=$f(x)sin(x),$0\lex$$\le\pi,$and the x-axis is 2 units, and that the area bounded by the graph y$=$af(bx)sin(bx),$0\le$x$\le\pi/b,$and the x-axis is 8 units,whichofthefollowingholds?"
267akh,Inthefigureisaregularhexagonofsidelength
268aki,"Leta beapositiverealnumberandk anaturalnumber. Let f beapolynomialofdegree 11withapositiveleadingcoefficientwhoserootsarea,a±1,a±2,a±3,a±4,a±5,andlet$g(T)=(f(T))2.$Iftheleadingcoefficientofg isa$whilethecoefficientofT^21ing$is-44a, whatis f(0)?"
269akj,"$Leta=539,$$b=262,c=626,andd=352.$Whichofthefollowinginequalitiesholds?"
270akk,"Assume that the area of triangle ABC is$4ft^2.$Let A , B andC be the 1 1 1 midpoints of the sides BC, AC and AB, respectively, and letG be the$B^1$point of intersection of AA 1 , BB 1 andCC"
271akl,Then the area of triangle$A^1$G A C G is 1 1 A$C^1$4 1 1 1 B
272akm,Three circles with radius 3 are inscribed in an equilateral triangle as showninthepicture. Thesideofthetriangleis p ‡$\cdot$
273akn,"Let ABCD be a square with a side a and let the points P, Q, R, S be on the S sides AB, BC,CD, DArespectively, andsuchthat AP$=BQ$$=CR$$=DS$$=$1a. 3 Q a$LetPQ=b.$Then is A P B b 3 1 5 3"
274ako,$Theexpression^4sin^3$α-3sinα$+sin^3$αequals
275akp,"$Amiddleschoolhas100lockersnumbered^1to100,and100students.$Thefirststudentgoesdown therowoflockersandopenseverylocker. Thenthesecondstudentgoesdowntherowoflockersand closeseverylockerthatisnumberedwithamultipleoftwo. Thenthethirdstudentgoesdowntherow$oflockers,andforeverylockerthatisnumberedwithamultipleof^3,ifitisopen,sheclosesit,butif$itisalreadyclosed,sheopensitagain. Thefourthstudentthendoesthesamethingforthelockers$numberedwithmultipleof^4,andsoon,downtothehundredthstudent.$Intheend,howmanylockers arestillopen?"
276akq,"Whichofthefollowingequationsdescribesthesetofallpointsthatareequidistantfromthepoints P(-1,3)andQ(3,5)?"
277akr,Whichofthefollowingexpressionsisafactoredformofthethirddegreepolynomial y functionf(x)whosegraphisgiven? 18
278aks,$Findthelengthofachordthatis^5cmfromthecenterofacirclewithradius^13cm.$
279akt,$Findtheareaofatriangle(insquareunits)boundedbythecoordinateaxesandthelinex+3y-12=0.$
280aku,"Augustus,Benedict,Claudio,andDianahavebeenaccusedofstealingthegoldenmean. Itisknown thatoneofthesefourpeoplemusthavedoneit. Augustussays“Benedictdidit”. Benedictsays“Diana didit”. Claudiosays“Ididn’tdoit”. Dianasays“BenedictislyingwhenhesaysIdidit”. Ifitisknown thatexactlyoneofthemislying,whichonedidit?"
281akv,Thefunctionf hasgraph 1 -2 -1 1 2 -1 Whichofthefollowingcouldbethegraphoff(x+1)-1? 1 1 -2 -1 1 2 -2 -1 1 2
282akw,Thesumoftherealsolutionstotheequation (cid:0)$x^3-1$(cid:1)3 -7 (cid:0)$x^3-1$(cid:1)2 -4 (cid:0)$x^3-1$(cid:1)$+28=0$is$\sqrt$$\sqrt$$\sqrt$
283akx,5 -1 2 isequalto 4
284aky,$Youcanpaintyourlivingroomin^6hoursandyourfriendwouldtake^8hourstodothesamejob.$How longwillittakethetwoofyoutopaintthelivingroomifyouworktogether?
285akz,"AssumeX,Y andZ representpositiverealnumbers. Theexpression$16X-6Y^8$4 isequivalentto 4$Z^3$$\sqrt{8X}$9 2Z$ZX^4$X Y 3 3 2 8X 9$2Y^6$"
286ala,10%ofahighschoolseniorclassparticipateinMathOlympics. 95%oftheseniorsthatparticipatein MathOlympicsgetintothecollegeoftheirchoice.$Only^50$%oftheseniorswhodon’tparticipatein MathOlympicsgetintothecollegeoftheirchoice. Whatpercentageofseniorsfromthathighschool getintothecollegeoftheirchoice?
287alb,"Howmanytwodigitnumbersaresuchthatwhenthetensdigitandtheonesdigitareinterchanged,the$resultingtwodigitnumberis^9morethantheoriginaltwodigitnumber$?$(Notethat^0cannotbethe$firstdigitofatwodigitnumber.)"
288alc,"WhichofthefollowingisanequationofacirclewithdiameterthathasendpointsP(2,5)andQ(6,-3)."
289ald,Rationalizethedenominator:$\sqrt$$\sqrt{2}+$3+ 7$\sqrt$$\sqrt$$\sqrt{4}$(cid:0) 2- 7 (cid:1)$\sqrt$$\sqrt$
290ale,"Findthevalue(s)oftheparameterb,ifpossible,suchthatthelinearsystem   x+2y$=1$3x+by$=3$hasinfinitelymanysolutions."
291alf,"Tocolortheinteriorofasquareofsider ft,werequireexactlyonecanofpaint. Wealsoknowweneed exactlyonecanofpainttocolortheinteriorofarighttrianglewhoselegsmeasure(r +$3)ftand^4$2 ft. Assuming that the area that can be colored depends only on the amount of paint (and no other$factors),whatistheminimalnumberofcansofpaintweneedtobuytopainttheinteriorofa^6ftby^9$ftrectangle?"
292alg,"$Supposethatf(x)=2(f(x+1)+f(x-1))forallx.$$Iff(2)=2andf(4)=-2,whatisf(7)$?"
293alh,$Theradiusofacircleinscribedinanequilateraltriangleis^2$3in. Findtheexactareaofthetriangle.$\sqrt$$\sqrt$
294ali,"$Thelengthsofthethreesidesofatriangleare^13cm,14cmand^15cm.$Findthelengthofthealtitude$tothe^14cmside.$"
295alj,$Afarmerneedstoshortenthewidthofabeanfieldby^20$%tomakeroomforastorageshed. Hewould likethebeanfieldtokeepthesamearea. Bywhatpercentshouldheincreasethelengthofthefield?
296alk,"Given: ABkDC,CEkDA D C m∠$A=m$∠$B=48$◦ 48◦ 48◦ CF bisects∠DCB Find: m∠FCE A E F B"
297all,LetF beafunctionsuchthatF$\sqrt{8}$$\sqrt$$=x$$forallx\ge^0.$WhatisF(4)? 1+ x$\sqrt$$\sqrt$
298alm,Thesolutiontotheinequality$\ge^3$is x-2
299aln,"A right triangle with sides 6, 8 and 10 is inscribed in a circle C . 1 C C Thelegsoftherighttrianglearethediametersofthehalfcircles 2 C thatlieoutsidethetriangleasshown. Findtheareaoftheshaded 3 C 1 region. 8 6 10"
300alo,Forwhichx is log (cid:0)$x^2-2x-2$(cid:1)$\le^0$? 2
301alp,Theexactvalueoftheexpressionsin-1 sin is 3$\sqrt$$\sqrt$
302alq,"Augustus,Benedict,Claudio,andDianahavebeenaccusedofstealingthegoldenmean. Itisknown thatoneofthesefourpeoplemusthavedoneit. Augustussays“Benedictdidit”. Benedictsays“Diana didit”. Claudiosays“Ididn’tdoit”. Dianasays“BenedictislyingwhenhesaysIdidit”. Ifitisknown thatexactlyoneofthemislying,whichonedidit?"
303alr,Whichofthefollowingequationsexpressesthecorrectrelationship betweentheanglesαandβasdefinedinthefigure?
304als,$Thenumberofsolutionstotheequation^2x+4(2-x)=5$is
305alt,Theexpression + isequivalenttowhichofthefollowing?$(Assume\theta\neq\pi+2\pin$sin\theta 1+cos\theta foranyintegern.)
306alu,"10%ofahighschoolseniorclassparticipateinMathOlympics. 95%oftheseniorsthatparticipatein MathOlympicsgetintothecollegeoftheirchoice.$Only^50$%oftheseniorswhodon’tparticipatein MathOlympicsgetintothecollegeoftheirchoice. Ifaseniorfromthathighschoolgotintothecollege ofhisorherchoice,whatistheprobabilitythatthisseniorparticipatedinMathOlympics?"
307alv,LetF beafunctionsuchthatF$\sqrt{8}$$\sqrt$$=x$$forallx\ge^0.$WhatisF(4)? 1+ x$\sqrt$$\sqrt$
308alw,"Thelargestadvertisingsignintheworldisalargecapital“I”ontopofabuilding ? inL.A.Atadistanceof800ftalongthegroundfromapointdirectlybelowthe$sign,theangleofelevationtothetopofthesignis^45$◦. Fromthissamepoint,$theangleofelevationtothebottomofthesignis^30$◦ . Whatistheheightofthe sign?$\sqrt$"
309alx,"$Amiddleschoolhas100lockersnumbered^1to100,and100students.$Thefirststudentgoesdown therowoflockersandopenseverylocker. Thenthesecondstudentgoesdowntherowoflockersand closeseverylockerthatisnumberedwithamultipleoftwo. Thenthethirdstudentgoesdowntherow$oflockers,andforeverylockerthatisnumberedwithamultipleof^3,ifitisopen,sheclosesit,butif$itisalreadyclosed,sheopensitagain. Thefourthstudentthendoesthesamethingforthelockers$numberedwithmultipleof^4,andsoon,downtothehundrethstudent.$Intheend,howmanylockers arestillopen?"
310aly,$Whichofthefollowingisthesetofallrealsolutionstotheequation^23x-5$(cid:0) 22x(cid:1)$+2x+2+6=0$? (cid:26)$\sqrt$(cid:27) (cid:26)$\sqrt$(cid:27) (cid:26)$\sqrt$$\sqrt$(cid:27)
311alz,"$Theline^3x+y$$=bandtheequation^2x^2+y^2$$=1aregraphedonan(x,y)-rectangularcoordinate$system. For what values of b will the graph of the line 3x+y$=$b be tangent to the graph of the$equation^2x^2+y^2=1$?"
312ama,Considerallthreedigitnumbersforwhichthetensdigitisthesumoftheonesdigitandthehundreds digit.$Howmanysuchnumbersaredivisibleby^11$?$(Notethat^0cannotbethefirstdigitofathreedigit$number.)
313amb,Simplify !  s  1 1 a+1$\sqrt$$\sqrt$+$\sqrt$$\sqrt$$\div$1+ $wherea>1$a+ a+1 a- a-1 a-1$\sqrt$$\sqrt$$\sqrt$
314amc,"$Findthesumofallirreduciblefractionswithadenominator^3thatarebetweenthepositiveintegersm$$andn,wherem<n.$"
315amd,"Theheights(altitudes)AA ,BB ,CC inthetriangleABC intersectatthepointH C 1 1 1 A sothatCH$=HC$. Ifα$=$∠CAB andβ$=$∠CBAthentanαtanβis 1 1 B 1 H"
316ame,"Alicenseplatecodeconsistsoftwolettersfollowedbythreedigits. Theletterscannotrepeat,butthe numberscan. Whatistheprobabilitythatarandomlychosenplatehasatleastonezero?"
317amf,$Howmanyintegersbetween^1and1000inclusiveareneithermultiplesof^4normultiplesof^7$?
318amg,"$Supposethatf(x)=2(f(x+1)+f(x-1))forallx.$$Iff(2)=2andf(4)=-2,whatisf(7)$?"
319amh,"$Supposep(x)isadegree^4polynomialwithrationalcoefficients.$$If^1istheonlyrealrootofp(x),but$p(x)isnotamultipleof(x-1)4,whichofthefollowingmustalsobetrue?"
320ami,Findthevalueofcos sin-1 3 +tan cos-1 5 . 5 7$\sqrt$$\sqrt$
321amj,$Theequationlogx^2=$(cid:0) logx (cid:1)2 has
322amk,"Ifay$=x,whatislog$1?$(Assumea>0,x>0andx\neq^1.)$x a"
323aml,"Atriang$\sqrt{leABC}$hassidesAB$oflength^2ft,AC$$oflength^1ftandBC$of C length 3ft. Theanglebisectorl C of∠ACB intersectsthesideAB at$\sqrt{thepointD}.$FindAD. 1 3 l C$\sqrt$"
324amm,"$Acoupleplanstohave^6children.$Assumingthatboysandgirlsareequallylikelytobeborn,whatis$theprobabilitythattheywillhaveexactly^3ofeach$?"
325amn,Amanandhiswifetakeatripthatusuallytakesthreehoursiftheydriveatanaveragespeed of 60 mi/h. After an hour and a half of driving at a steady rate of 60 mi/h they stop for a 45 minute lunch break. How fast do they need to drive on the rest of the trip to arrive three hours after they started?
326amo,"Ali and Fred are driving to Bing’s house. Ali confuses left with right 500/ of the time (This 0 means half the time, when he means to say “left” he says “right” instead, and half the time when he means to say “left” he really says “left”. ). Fred gets left and right confused 250/ 0 of the time. (This means when someone tells him to turn left, 750/ of the time he will turn 0 left,and250/ hewillturnrightinstead,andwhensomeonetellshimtoturnright,750/ ofthe 0 0 time he will turn right, and 250/ he will turn left instead.) If Fred is driving and Ali is giving 0 directions, and there are two left turns on the way to Bing’s house (and no other turns) what is the probability they will get there?"
327amp,"If WXYZ is a parallelogram, the t equals: y X(5,3) W(-1,3)"
328amq,"The symbol R stands for a positive integer whose base- k tenrepresentationisasequenceofkones,thatisR$=1,$1 Z(4,-8) Y(t,-8) R$=$11, R$=$111, etc. The quotient$R^24$is an integer 2 3$R^4$$whosebase-tenrepresentationcontainsonlydigits^0and$"
329amr,The number of digits 0 in this representation is:
330ams,"A square with side a has a semicircle constructed inside it such that r thediameterofthesemicircleisoneofthesidesofthesquare. Acircle withmaximalradiusisthenconstructedinsidethesquare,butoutside a ofthesemicircle(seeillustration). Expresstheradiusr ofthecirclein terms of"
331amt,"InthetrapezoidABCD (thepictureisnotdrawntoscale),thesides D C AB and CD are parallel, and$|AB|$$=$4 and$|CD|$$=$3. The point E is the intersection point of the two diagonals, and the segment EF is E F parallel to AB and CD. The length of EF is"
332amu,"A company offers three types of benefits, A, B, and"
333amv,"The (possibly out-of-scale) picture shows a window whose shape consists of a semicircle on top of a square. If the perimeter of the window is 20 ft, what is the exact length of the bottom side of the window?"
334amw,"$Arectangularparallelepipediscutinto^8smallerrectan-$gularparallelepipedsbythreecutsparalleltothesides. The 8 smaller solids are then separated, as shown in the picture. What is the percent increase in the total surface area?"
335amx,Find (g◦f)(1). y 4
336amy,"On three sides of a cube, diagonals are drawn as shown in the picture. If we unfold the cube, which of the following could we obtain?"
337amz,Thetenpointsontherightformasquaregrid. Howmanyisosceles triangles can be drawn with vertices at the points?
338ana,The numbers from 1 to 100 are written onto slips of paper and placed into a hat. How many$numbersdowehavetopulloutofthehattomakesurethattheirproductisdivisibleby^10$?
339anb,Simplify (cid:115)$\sqrt$(cid:115)$\sqrt{4}+$15 4- 15$\sqrt$+$\sqrt{4}-$15 4+ 15
340anc,"Inthedrawingontheright,thesmallwhitecircleisthelargestcircle that fits inside the semicircle. What is the ratio of the area of the small circle to the shaded area?"
341and,What is 5% of 25% of 4000?
342ane,"If a∗b is the greatest common factor of two positive integers a and b, how many of the following equations are not always true? a∗$1=a$a∗b$=b$∗a a∗(b∗$c)=(a$∗b)∗c a∗$(b+c)=a$∗b+a∗c"
343anf,"Suppose we arrange the numbers 1, 2, 3, 4 and 5 in the five squares so that the horizontal and the vertical line both add up to 8. Which number has to go in the middle square?"
344ang,"For integers a, b and c, define (ab(cid:121)c) to mean ab-bc +ca. Then (1-1(cid:121)2) equals"
345anh,A frog starts out by hopping one inch. Each successive hop is 2 inches longer than the previous hop. How far has he gone all together at the end of his 13th hop?
346ani,"Fourpointsareonalinesegment,asshown.$If|AB|$:$|BC|=1$:2 A B C D and$|BC|$:$|CD|=8$:5, then$|AB|$:$|BD|$equals"
347anj,"Asquareiscutintothreecongruentrectanglesalongtwolinesparallelto a side, as shown. If the perimeter of each of the three rectangles is 24, then the area of the original square is"
348ank,Which of the following triangles cannot exist?
349anl,Friday the 13th occurred two months in a row this year. What is the next year that this will happen?
350anm,$Amanandhiswifetakeatripthatusuallytakesthreehoursiftheydriveatanaveragespeedof^60mi/h.$After an hour and a half of driving at a steady rate of 60mi/h they stop for a 45 minute lunch break. Howfastdotheyneedtodriveontherestofthetriptoarrivethreehoursaftertheystarted?
351ann,"AliandFredaredrivingtoBing’shouse. Aliconfusesleftwithright500/ ofthetime(Thismeanshalfthe 0 time,whenhemeanstosay“left”hesays“right”instead,andhalfthetimewhenhemeanstosay“left” he really says “left”. ). Fred gets left and right confused 250/ of the time. (This means when someone 0 tells him to turn left, 750/ of the time he will turn left, and 250/ he will turn right instead, and when 0 0 someonetellshimtoturnright,750/ ofthetimehewillturnright,and250/ hewillturnleftinstead.) If 0 0 FredisdrivingandAliisgivingdirections,andtherearetwoleftturnsonthewaytoBing’shouse(and nootherturns)whatistheprobabilitytheywillgetthere?"
352ano,"IfWXYZ isaparallelogram,thet equals: y X(5,3) W(-1,3)"
353anp,$Thereforet=4+6=10.$2009SVSUMathOlympics$LevelISolutions-page^2of^11$
354anq,"ThesymbolR standsforapositiveintegerwhosebase-tenrepresentationisasequenceofkones,that k$isR^1$$=1,R^2$$=11,R^3$$=111,etc.$Thequotient R R 2 4 4 isanintegerwhosebase-tenrepresentationcontains$onlydigits^0and^1.$$Thenumberofdigits^0inthisrepresentationis$:"
355anr,"Asquarewithsideahasasemicircleconstructedinsideitsuchthatthediam- r eter of the semicircle is one of the sides of the square. A circle with maximal radiusisthenconstructedinsidethesquare,butoutsideofthesemicircle(see a illustration). Expresstheradiusr ofthecircleintermsofa.$\sqrt$"
356ans,"InthetrapezoidABCD (thepictureisnotdrawntoscale),thesidesAB and D C CD are parallel, and$|AB|=4$and$|CD|=3.$The point E is the intersection point of the two diagonals, and the segment EF is parallel to AB and CD. E F ThelengthofEF is"
357ant,"Acompanyoffersthreetypesofbenefits,A,B,andC.Aspartofthisplan,theindividualemployeesmay chooseeitherexactlytwobenefittypes,ornobenefitsatall. Theproportionofthecompany’semployees$thatchoosebenefittypesA,BandCare^1/4,1/3and^5/12,respectively.$Determinetheprobabilitythat arandomlychosenemployeewillchoosenobenefitsatall."
358anu,"The(possiblyout-of-scale)pictureshowsawindowwhoseshapeconsistsofasemicircle on top of a square. If the perimeter of the window is 20ft, what is the exact length of thebottomsideofthewindow?"
359anv,"A rectangular parallelepiped is cut into 8 smaller rectangu- lar parallelepipeds by three cuts parallel to the sides. The 8 smaller solids are then separated, as shown in the picture. Whatisthepercentincreaseinthetotalsurfacearea?"
360anw,Find(g◦f)(1). y 4
361anx,"Onthreesidesofacube,diagonalsaredrawnasshowninthepicture. Ifweunfold thecube,whichofthefollowingcouldweobtain?"
362any,Thetenpointsontherightformasquaregrid. Howmanyisoscelestrian- glescanbedrawnwithverticesatthepoints?
363anz,$Thenumbersfrom^1to100arewrittenontoslipsofpaperandplacedintoahat.$Howmanynumbers$dowehavetopulloutofthehattomakesurethattheirproductisdivisibleby^10$?
364aoa,Simplify (cid:115)$\sqrt$(cid:115)$\sqrt{4}+$15 4- 15$\sqrt$+$\sqrt{4}-$15 4+ 15
365aob,"In the drawing on the right, the small white circle is the largest circle that fitsinsidethesemicircle. Whatistheratiooftheareaofthesmallcircleto theshadedarea?"
366aoc,$Whatis^5$%$of^25$%of4000?
367aod,"If a∗b is the greatest common factor of two positive integers a and b, how many of the following equationsarenot alwaystrue? a∗$1=a$a∗$b=b$∗a a∗(b∗$c)=(a$∗b)∗c a∗$(b+c)=a$∗b+a∗c"
368aoe,"Suppose we arrange the numbers 1, 2, 3, 4 and 5 in the five squares so that the horizontal$andtheverticallinebothaddupto^8.$Whichnumberhastogointhemiddlesquare?"
369aof,"Forintegersa,bandc,define(a (cid:120) b  (cid:121)c)tomeanab-bc+ca. Then(1 (cid:120) -1  (cid:121)2)equals"
370aog,A frog starts out by hopping one inch. Each successive hop is 2 inches longer than the previous hop.$Howfarhashegonealltogetherattheendofhis^13th$hop?
371aoh,"Four points are on a line segment, as shown. If$|AB|$:$|BC|$$=$1 : 2 and A B C D$|BC|$:$|CD|=8$:$5,then|AB|$:$|BD|equals$"
372aoi,"A square is cut into three congruent rectangles along two lines parallel to a side, as shown. If the perimeter of each of the three rectangles is 24, then the area of theoriginalsquareis"
373aoj,Whichofthefollowingtrianglescannotexist?
374aok,$Fridaythe^13th$occurredtwomonthsinarowthisyear. Whatisthenextyearthatthiswillhappen?
375aol,"f(x) is a degree three monic polynomial (leading coefficient is 1) such that f(0)$=$3, f(1)$=$5 and$f(2)=11.$What is f(5)?"
376aom,Which of the following are equal to$ln\sqrt^2+1$? 2-1 (cid:16)$\sqrt$(cid:17) (cid:16)$\sqrt$(cid:17)2 (cid:16)$\sqrt$(cid:17)
377aon,"The symbol R stands for a positive integer whose base-ten representation is a sequence of k k ones, that is R$=$1, R$=$11, R$=$111, etc. The quotient$R^24$is an integer whose base-ten 1 2 3$R^4$$representationcontainsonlydigits^0and^1.$$Thenumberofdigits^0inthisrepresentationis$:"
378aoo,"Three circles are tangent to each other and to a straight line, as shown in the picture. Express the radius r of the smallest r 1 circle in terms of radii r 1 and r 2 of the other two circles. r 2"
379aop,"$Aboxcontains^4redballsand^6whiteballs.$$Asampleofsize^3isdrawnwithoutreplacement$from the box. What is the probability of obtaining 1 red ball and 2 white balls, if you know that at least 2 of the balls in the sample are white?"
380aoq,"In the diagram, A, B, ..., G refer to successive states through which a traveler must pass in order to get from A to G, moving from left to right. A path consists of a sequence of line segmentsleadingfromonestatetothenext. Apathmustalwaysmovetothenextstateuntil reaching state G. Determine the number of possible paths from A to G. A B C D E F G"
381aor,"In the diagram, the number in the first box is 4 and the number in the 4 7 ... second box is 7. Beginning with the second box, the number in each subsequentboxisthesumofthenumbersinthetwoboxesimmediately adjacenttoitsboxoneachside. Whatisthenumberinthe2009thbox?"
382aos,"The Awesome Mathematical Machine is capable of two operations. It can increase a number by one, or multiplyit by two. The number 0 wasentered into the machine. After awhile, the machine came up with the result of 2009. What is the smallest number of steps the machine had to perform in order to obtain this result?"
383aot,$January1980hadexactly^4Mondaysand^4Fridays.$$WhichdayoftheweekwasJanuary^1st$?
384aou,The points on the right form a square grid. How many isosceles triangles can be drawn with vertices at the points?
385aov,"The area of the square ABCD is 64. The midpoints of its sides are D G C joined to form the square EFGH. The midpoints of its sides are J, L K K, L and M. The area of the shaded region is H F"
386aow,Which of the following describes the locus of all points z in the A E B complex plane such that (cid:12) (cid:12)z-1 (cid:12) (cid:12)$\sqrt$(cid:12) (cid:$12)=$2? (cid:12) z (cid:12)$\sqrt$
387aox,"Let w$=4+3i$and let z$=$w . For any positive integer n, let$|w|$n (cid:88) s$=$zk$=z+z^2+z^3+...+zn$n$k=1$Then all s lie on a circle with radius: n$\sqrt$$\sqrt$"
388aoy,Howmanyzerosarethereattheendoftheproductofthefirst 20 primes?
389aoz,"How many unique solutions of the equation$tan^2t-2cost$$=0$are in the interval [0,2\pi)?"
390apa,"Find the sum of the first 100 common terms in the sequences 17, 21, 25, 29, ... 16, 21, 26, 31, ..."
391apb,Simplify (cid:115) (cid:114) (cid:113)$\sqrt$(cid:112) 13+30 2+ 9+4 2- 18.$\sqrt$
392apc,How many prime numbers less than ten thousand have digits that add up to 2?
393apd,"In the drawing on the right, AB$=$2R, C is the midpoint of AB, k 1 k 1 , k 2 and k 3 are semicircles with diameters AB, AC and CB, k 4 k k respectively. The circle k is tangent to k , k and k . Find the 2 3 4 1 2 3 shaded area in terms of R."
394ape,A sphere with a radius R is inscribed in a cube. Another (smaller) sphere is placed inside a corner of the cube so that it is tangent to three sides of the cubeandtothebigsphere(seethesimplifiedpictureontheright). Findthe radius of the small sphere in terms of R.$\sqrt$$\sqrt$$\sqrt$( 3-1)R (cid:0) (cid:1) ( 2-1)R
395apf,Find$tan^9$◦$-tan^27$◦$-tan^63$◦$+tan^81$◦.
396apg,A cube is inscribed in a half sphere so that four of its vertices are on the base and the other four are on the sphere. Find the ratio of the volume of the cube to the volume of the half ball.$\sqrt$
397aph,"If s$=cos^2$α$+cos^2$β, find cos(α+β)cos(α-β) in terms of s.$\sqrt$"
398api,"In the expression a c e + + b d f each letter is replaced by one of the digits 1, 2, 3, 4, 5 and 6. What is the largest possible value of an expression that can be obtained in this way."
399apj,"A square is cut into three rectangles along two lines parallel to a side, as shown. If the perimeters of of the three rectangles are 22, 26 and 24, respectively, then the area of the original square is"
400apk,"f(x) is a degree three monic polynomial (leading coefficient is 1) such that f(0)$=$3, f(1)$=$5 and$f(2)=11.$Whatisf(5)?"
401apl,$Whichofthefollowingareequaltoln\sqrt^2+1$? 2-1 (cid:16)$\sqrt$(cid:17) (cid:16)$\sqrt$(cid:17)2 (cid:16)$\sqrt$(cid:17)
402apm,"ThesymbolR standsforapositiveintegerwhosebase-tenrepresentationisasequenceofkones,that k$isR^1$$=1,R^2$$=11,R^3$$=111,etc.$Thequotient R R 2 4 4 isanintegerwhosebase-tenrepresentationcontains$onlydigits^0and^1.$$Thenumberofdigits^0inthisrepresentationis$:"
403apn,"Threecirclesaretangenttoeachotherandtoastraightline,asshown inthepicture. Expresstheradiusr ofthesmallestcircleintermsof$r^1$$radiir^1$$andr^2$oftheothertwocircles.$r^2$"
404apo,"$Aboxcontains^4redballsand^6whiteballs.$$Asampleofsize^3isdrawnwithoutreplacementfromthe$box.$Whatistheprobabilityofobtaining^1redballand^2whiteballs,ifyouknowthatatleast^2ofthe$ballsinthesamplearewhite?"
405app,"Inthediagram,A,B,...,Grefertosuccessivestatesthroughwhichatravelermustpassinordertoget from A to G, moving from left to right. A path consists of a sequence of line segments leading from onestatetothenext. ApathmustalwaysmovetothenextstateuntilreachingstateG.Determinethe numberofpossiblepathsfromAtoG. A B C D E F G"
406apq,"In the diagram, the number in the first box is 4 and the number in the second 4 7 ... box is 7. Beginning with the second box, the number in each subsequent box isthesum ofthenumbersinthe twoboxesimmediatelyadjacentto itsboxon eachside. Whatisthenumberinthe2009thbox?"
407apr,"TheAwesomeMathematicalMachineiscapableoftwooperations. Itcanincreaseanumberbyone, or multiply it by two. The number 0 was entered into the machine. After a while, the machine came up with the result of 2009. What is the smallest number of steps the machine had to perform in order to obtainthisresult?"
408aps,$January1980hadexactly^4Mondaysand^4Fridays.$$WhichdayoftheweekwasJanuary^1st$?
409apt,The points on the right form a square grid. How many isosceles triangles canbedrawnwithverticesatthepoints?
410apu,"$TheareaofthesquareABCDis^64.$Themidpointsofitssidesarejoinedto D G C form the square EFGH. The midpoints of its sides are J, K, L and M. The L K areaoftheshadedregionis H F"
411apv,Whichofthefollowingdescribesthelocusofallpointszinthecomplexplanesuchthat (cid:12) (cid:12)z-1 (cid:12) (cid:12)$\sqrt$(cid:12) (cid:$12)=$2? (cid:12) z (cid:12)$\sqrt$
412apw,"Letw$=4+3iandletz=$w . Foranypositiveintegern,let$|w|$n (cid:88) sn$=$$zk=z+z^2+z^3+...+zn$$k=1$Thenallsn lieonacirclewithradius:$\sqrt$$\sqrt$"
413apx,$Howmanyzerosarethereattheendoftheproductofthefirst^20primes$?
414apy,"$Howmanyuniquesolutionsoftheequationtan^2t-2cost=0areintheinterval[0,2\pi)$?"
415apz,"Findthesumofthefirst100commontermsinthesequences 17,21,25,29,... 16,21,26,31,..."
416aqa,Simplify (cid:115) (cid:114) (cid:113)$\sqrt$(cid:112) 13+30 2+ 9+4 2- 18.$\sqrt$
417aqb,$Howmanyprimenumberslessthantenthousandhavedigitsthataddupto^2$?
418aqc,"In the drawing on the right, AB$=$2R, C is the midpoint of AB,$k^1,$$k^2$$k^1$$andk^3$aresemicircleswithdiametersAB,AC andCB,respectively. The$k^4$$circlek^4$$istangenttok^1,k^2$$andk^3.$FindtheshadedareaintermsofR.$k^2$$k^3$"
419aqd,A sphere with a radius R is inscribed in a cube. Another (smaller) sphere is placed inside a corner of the cube so that it is tangent to three sides of the cube and to the big sphere (see the simplified picture on the right). Find the radius of the small sphereintermsofR.$\sqrt$$\sqrt$$\sqrt$( 3-1)R (cid:0) (cid:1) ( 2-1)R
420aqe,$Findtan^9$◦$-tan^27$◦$-tan^63$◦$+tan^81$◦.
421aqf,A cube is inscribed in a half sphere so that four of its vertices are on the base and the other four are on the sphere. Find the ratio of the volume of thecubetothevolumeofthehalfball.$\sqrt$$\sqrt$$\sqrt$$\sqrt$
422aqg,"Ifs$=cos^2$α$+cos^2$β,findcos(α+β)cos(α-β)intermsofs.$\sqrt$"
423aqh,"Intheexpression a c e + + b d f each letter is replaced by one of the digits 1, 2, 3, 4, 5 and 6. What is the largest possible value of an expressionthatcanbeobtainedinthisway."
424aqi,"Asquareiscutintothreerectanglesalongtwolinesparalleltoaside,asshown. If$theperimetersofofthethreerectanglesare^22,26and^24,respectively,thenthe$areaoftheoriginalsquareis"
425aqj,"For positive real numbers x, y, and z, which of the following is equivalent to x-1 2y 2$3z^5$3 ? (cid:113) (cid:113) (cid:113)"
426aqk,"If f is a nonzero function (this means there is at least one x with f(x) (cid:$54)=$0) of real numbers such that$f(x+y)=f(x)f(y),$what are the possible values for f(0)?"
427aql,Find a so that the quadratic equation$(a-1)x^2+3x-a+2=0$has a solution x$=-1.$
428aqm,"A group of 50 high school math concentration students are comparing how many of their threedifferentmathexams(Algebra,GeometryandCalculus)theypassedatthefirstattempt. You are given the following information:"
429aqn,56% of students passed Geometry at the first attempt.
430aqo,58% of students passed Calculus at the first attempt.
431aqp,19 students passed both Geometry and Calculus at the first attempt.
432aqq,2 students did not pass any exam at the first attempt. Calculate how many students passed only the Algebra exam at the first attempt.
433aqr,The Bathula family has 6 sons. Each son has 3 sisters. How many children are there?
434aqs,A snail at the bottom of a well goes up 10 feet each day and slides back 5 feet at night. How many days does it take the snail reach the top of the well if it is 40 feet deep?
435aqt,"Iaminvitingsomepeopletoaparty,andIwanttoseatthemallat onelongtable. Iwanttoputtogetheraseriesofrectangulartables,$\cdot\cdot\cdot$and form one long table, as shown. What is a formula that relates the number of chairs"
436aqu,"The set A has c members, and the set B has f members, where c$\ge$f. What is the largest number of members A∪B i.e., the set of elements that are in A or B, could have?"
437aqv,"$Findallpossiblewaystofillinthemissingdigitssothatthenumber546,5__isdivisibleby^2$and 5 but not by 3."
438aqw,What base-eight numeral follows 37 ? eight
439aqx,Convert base-ten numeral 15 to base eight.
440aqy,$Twobusesleavetheterminalat^8A.M.Busnumber^36takes^85minutestocompleteitsroute$; bus number 86 takes 102 minutes. When is the next time the two buses will arrive together attheterminal(assumingtheyareontimeandtheyspendnotimewaitingbetweenroutes)?
441aqz,Let a$=$$25\cdot^53\cdot112.$Let b be such that the greatest common factor of a and b is$2\cdot^53\cdot^11$and the least common multiple of a and b is$25\cdot^33\cdot^53\cdot112.$Find
442ara,"If a is 50% more than b, then b is how many percent of a? Please round the answer to the nearest tenth."
443arb,"If the repeating decimal 0.8451 is represented by the fraction a, where a and b are positive b integers with no common factors greater than 1, find a+b."
444arc,The area of a circle is 36\pi$m^2.$What is the exact circumference?
445ard,The areas of the two smaller semicircles are 25\pi and 18\pi. 8 Find the area of the largest semicircle. 18\pi
446are,"Joe has three drinking cups: a cylinder-shaped, a cone- shaped and a semi-sphere-shaped. All of them have the same radius and height. The cylinder-shaped cup is full of water. Joewanttopourthewaterfromthecylinder-shaped cup to the other two cups. Which of the following is going to happen?"
447arf,"Given that l and l are parallel and t and t and are 1 2 1 2 transversals that intersect l 2 at P. Additionally, PT Q l 1 is perpendicular to l , m QPR$=$60◦, PT$=$TS and 1 T$PQ=5.$What is the length of PS? S$\sqrt$$\sqrt$"
448arg,"David, Bill and George are three thieves. One of them t 1 committed a robbery. During the interrogation they made the following statements: - David: Bill is not the robber. George is the robber. - Bill: David is innocent. George is the robber. - George: I am innocent. David is the robber. It was determined that one of them lied twice, one of them told the truth twice, and one lied once and told the truth once. Who is the robber?"
449arh,"Suppose$f(x)=ax+b.$If$f(f(f(x)))=64x+63,$what is a+b?"
450ari,"For which values of k does the system$x^2-y^2$$=0$$(x-k)2+y^2$$=2$have exactly two solutions of the form (x,y) where x and y are real numbers?"
451arj,"AlibraryisopeneverydayexceptSunday. Max,GusandZykvisitthelibrarytogetherforthe first time. After the first visit, Max always visits the library two days after her previous visit, except when the library is closed, in which case she goes 3 days after her previous visit. Gus always visits the library three days after his previous visit, except when the library is closed, in which case he goes 4 days after his previous visit. Zyk always makes his next visit 4 days after the previous visit, unless the library is closed, in which case he goes 5 days after his previous visit. If the second time they all visit the library together falls on Friday, what day of the week was their first visit?"
452ark,"In the triangle shown on the right, AB$=$BC$=$CD and AD$=$BD. Find the D measure of angle"
453arl,"Twoparticlesmoveclockwisearoundacirclewithcircumference300feet. The fasterparticlemovesataconstantspeedofR feetpersecond,andtheslower particle moves at a constant speed of r feet per second. If the particles meet every 50 seconds, then what is the value of R-r in feet per second?"
454arm,"For positive real numbers x, y, and z, which of the following is equivalent to x-1 2y 2$3z^5$3 ? (cid:113) (cid:113) (cid:113)"
455arn,"If f is a nonzero function (this means there is at least one x with f(x) (cid:$54)=$0) of real numbers such that$f(x+y)=f(x)f(y),$what are the possible values for f(0)?"
456aro,Find a so that the quadratic equation$(a-1)x^2+3x-a+2=0$has a solution x$=-1.$
457arp,"A group of 50 high school math concentration students are comparing how many of their threedifferentmathexams(Algebra,GeometryandCalculus)theypassedatthefirstattempt. You are given the following information:"
458arq,56% of students passed Geometry at the first attempt.
459arr,58% of students passed Calculus at the first attempt.
460ars,19 students passed both Geometry and Calculus at the first attempt.
461art,2 students did not pass any exam at the first attempt. Calculate how many students passed only the Algebra exam at the first attempt.
462aru,The Bathula family has 6 sons. Each son has 3 sisters. How many children are there?
463arv,A snail at the bottom of a well goes up 10 feet each day and slides back 5 feet at night. How many days does it take the snail reach the top of the well if it is 40 feet deep?
464arw,"Iaminvitingsomepeopletoaparty,andIwanttoseatthemallat onelongtable. Iwanttoputtogetheraseriesofrectangulartables,$\cdot\cdot\cdot$and form one long table, as shown. What is a formula that relates the number of chairs"
465arx,"The set A has c members, and the set B has f members, where c$\ge$f. What is the largest number of members A∪B i.e., the set of elements that are in A or B, could have?"
466ary,"$Findallpossiblewaystofillinthemissingdigitssothatthenumber546,5__isdivisibleby^2$and 5 but not by 3."
467arz,What base-eight numeral follows 37 ? eight
468asa,Convert base-ten numeral 15 to base eight.
469asb,$Twobusesleavetheterminalat^8A.M.Busnumber^36takes^85minutestocompleteitsroute$; bus number 86 takes 102 minutes. When is the next time the two buses will arrive together attheterminal(assumingtheyareontimeandtheyspendnotimewaitingbetweenroutes)?
470asc,Let a$=$$25\cdot^53\cdot112.$Let b be such that the greatest common factor of a and b is$2\cdot^53\cdot^11$and the least common multiple of a and b is$25\cdot^33\cdot^53\cdot112.$Find
471asd,"If a is 50% more than b, then b is how many percent of a? Please round the answer to the nearest tenth."
472ase,"If the repeating decimal 0.8451 is represented by the fraction a, where a and b are positive b integers with no common factors greater than 1, find a+b."
473asf,"3300 Therefore$a=2789$and b$=3300,$which makes a+b$=6089.$"
474asg,The area of a circle is 36\pi$m^2.$What is the exact circumference?
475ash,The areas of the two smaller semicircles are 25\pi and 18\pi. 8 Find the area of the largest semicircle. 18\pi
476asi,"Joehasthreedrinkingcups: acylinder-shaped,acone-shapedandasemi-sphere-shaped. All of them have the same radius and height. The cylinder-shaped cup is full of water. Joe want topourthewaterfromthecylinder-shapedcuptotheothertwocups. Whichofthefollowing is going to happen?"
477asj,"Given that l and l are parallel and t and t and are 1 2 1 2 transversals that intersect l 2 at P. Additionally, PT Q l 1 is perpendicular to l , m QPR$=$60◦, PT$=$TS and 1 T$PQ=5.$What is the length of PS? S$\sqrt$$\sqrt$"
478ask,"David, Bill and George are three thieves. One of them committed a robbery. During the interrogation they made the following statements: - David: Bill is not the robber. George is the robber. - Bill: David is innocent. George is the robber. - George: I am innocent. David is the robber. It was determined that one of them lied twice, one of them told the truth twice, and one lied once and told the truth once. Who is the robber?"
479asl,"Suppose$f(x)=ax+b.$If$f(f(f(x)))=64x+63,$what is a+b?"
480asm,"For which values of k does the system$x^2-y^2$$=0$$(x-k)2+y^2$$=2$have exactly two solutions of the form (x,y) where x and y are real numbers?"
481asn,"AlibraryisopeneverydayexceptSunday. Max,GusandZykvisitthelibrarytogetherforthe first time. After the first visit, Max always visits the library two days after her previous visit, except when the library is closed, in which case she goes 3 days after her previous visit. Gus always visits the library three days after his previous visit, except when the library is closed, in which case he goes 4 days after his previous visit. Zyk always makes his next visit 4 days after the previous visit, unless the library is closed, in which case he goes 5 days after his previous visit. If the second time they all visit the library together falls on Friday, what day of the week was their first visit?"
482aso,"In the triangle shown on the right, AB$=$BC$=$CD and AD$=$BD. Find the D measure of angle"
483asp,"Twoparticlesmoveclockwisearoundacirclewithcircumference300feet. Thefasterparticle moves at a constant speed of R feet per second, and the slower particle moves at a constant speed of r feet per second. If the particles meet every 50 seconds, then what is the value of R-r in feet per second?"
484asq,"If f is a nonzero function (this means there is at least one x with f(x) (cid:$54)=$0) of real numbers such that f(x+y)$=$f(x)f(y), what are the possible values for f(0)?"
485asr,"The expression$1+i+i^2+i^3+\cdot\cdot\cdot+i100,$where$i=$-1, is equal to"
486ass,"An arithmetic sequence is one in which each term after the first can be found by adding a constant to the preceeding term. That is, there is a fixed number d such that a$=$a +d n+1 n$foralln\ge^1.$$Ifthefirsttermofafinitearithmeticsequenceis^6andthelasttermis101and$the sum of all the terms is 1070, what are the first 3 terms?"
487ast,"$Jamestookatestwith^3parts.$$Hegot^20$%$ofthe^15multiplechoicequestionsrightand^85$%$ofthe^20shortanswerquestionsright.$$Ifhegot^75$%oftheentiretestright,whatpercentof the n vocabulary questions did he get right?"
488asu,Simplify$3(a^2+1)2+2(a-1)(a^2+1)-5(a-1)2-4(0.75a^4+3a-1).$
489asv,"If x+y$=a$and$x^2+y^2$$=b,$express$x^3+y^3$in terms of a and"
490asw,Simplify 1 1 + 1$\div$1-x 1+x 1+ x 1 - 1 1- x x +2 1-x 1+x
491asx,"Alargeschooldistricthasthreehighschools,DarthVaderHigh,DarthSidiusHigh,andYoda High. In the district, 55% of the students are male, and 2,175 students attend Darth Vader HighSchool. ThemalesaredistributedthroughtheDarthVaderHigh,DarthSidiusHigh,and Yoda High in the ratio 1 : 1 : 3. The females are distributed in the ratio 2 : 1 : 2. How many students attend Yoda High?"
492asy,"An auto insurance company has 10,000 policy holders. Each policy holder is classified as:"
493asz,"married or single.$Ofthesepolicyholders,3,000areyoung,4,600aremale,and^7,000aremarried.$Amongthe policyholders there are exactly 1,320 young males, 3,010 married males, and 1,400 young married persons. Finally, 600 of the policyholders are young married males. How many of the company’s policyholders are old married females?"
494ata,For what values of a will the following equation have no
495atb,"Determine all values of k so that the equation$kx^2-2x+4-4k=0$has two solutions, one of which is negative and the other is positive."
496atc,"Find the remainder when 3888,888 is divided by 5."
497atd,"Joehasthreedrinkingcups: acylinder-shaped,acone-shapedandasemi-sphere-shaped. All of them have the same radius and height. The cylinder-shaped cup is full of water. Joe want topourthewaterfromthecylinder-shapedcuptotheothertwocups. Whichofthefollowing is going to happen?"
498ate,"If A is a$3\times^3$matrix such that     1 2 3 4 2 4 6 8     A0 1 0 1$=$4 1 4 1,     2 0 2 0 0 1 0 1 what is the value in the third row, second column of A?"
499atf,"Supposeagroupofpeopleparticipateinamessagingsysteminwhichtheycansendmessages to others in the group. The system works according the following two rules: - If A can send a message to B and B can send a message to C, then C can send a message to"
500atg,"For which values of k does the system$x^2-y^2$$=0$$(x-k)2+y^2$$=2$haveexactlytwodistinctsolutionsintheform(x,y)wherebothx andy arerealnumbers?"
501ath,Find the number of pairs of positive integers that have greatest common divisor 3! and the least common multiple 18!.
502ati,"If log x+log y$=7,$then what is the value of log x + log y ? y x y x"
503atj,Thecirclesinthefigureshownareconcentric. Thechordshownistangent to the inner circle and has length 12. What is the area of the shaded region?
504atk,$Howmany^5-digitnumberswithalldigitsnon-zeroandnodigitrepeated$are divisible by 25?
505atl,"Each of two boxes contains 20 marbles, and each marble is either black or white. The total number of black marbles is different from the total number of white marbles. One marble is drawn at random from each box. The probability that both marbles are white is 0.21. What is the probability that both are black?"
506atm,"If the repeating decimal 0.8451 is represented by the fraction a, where a and b are positive b integers with no common factors greater than 1, find a+b."
507atn,"If$f(x)=$a and$g(x)=$b, and if (f ◦$g)(-1)=-1$and (f ◦$g)(1)=-3,$find a+3b. x-4 x 2 2"
508ato,"If sinx$=2cosx,$find the value of sinxcosx."
509atp,"Given equilateral triangle ABC with AB$=$2 and a point P in C the interior of ABC. Let S , S and S be the perpendicular 1 2 3 distances from P to each side of the triangle ABC. What is S +S +S ? 1 2 3"
510atq,"If f is a nonzero function (this means there is at least one x with f(x) (cid:$54)=$0) of real numbers such that f(x+y)$=$f(x)f(y), what are the possible values for f(0)?"
511atr,"The expression$1+i+i^2+i^3+\cdot\cdot\cdot+i100,$where$i=$-1, is equal to"
512ats,"An arithmetic sequence is one in which each term after the first can be found by adding a constant to the preceeding term. That is, there is a fixed number d such that a$=$a +d n+1 n$foralln\ge^1.$$Ifthefirsttermofafinitearithmeticsequenceis^6andthelasttermis101and$the sum of all the terms is 1070, what are the first 3 terms?"
513att,"$Jamestookatestwith^3parts.$$Hegot^20$%$ofthe^15multiplechoicequestionsrightand^85$%$ofthe^20shortanswerquestionsright.$$Ifhegot^75$%oftheentiretestright,whatpercentof the n vocabulary questions did he get right?"
514atu,Simplify$3(a^2+1)2+2(a-1)(a^2+1)-5(a-1)2-4(0.75a^4+3a-1).$
515atv,"If x+y$=a$and$x^2+y^2$$=b,$express$x^3+y^3$in terms of a and"
516atw,Simplify 1 1 + 1$\div$1-x 1+x 1+ x 1 - 1 1- x x +2 1-x 1+x
517atx,"Alargeschooldistricthasthreehighschools,DarthVaderHigh,DarthSidiusHigh,andYoda High. In the district, 55% of the students are male, and 2,175 students attend Darth Vader HighSchool. ThemalesaredistributedthroughtheDarthVaderHigh,DarthSidiusHigh,and Yoda High in the ratio 1 : 1 : 3. The females are distributed in the ratio 2 : 1 : 2. How many students attend Yoda High?"
518aty,"An auto insurance company has 10,000 policy holders. Each policy holder is classified as:"
519atz,"married or single.$Ofthesepolicyholders,3,000areyoung,4,600aremale,and^7,000aremarried.$Amongthe policyholders there are exactly 1,320 young males, 3,010 married males, and 1,400 young married persons. Finally, 600 of the policyholders are young married males. How many of the company’s policyholders are old married females?"
520aua,For what values of a will the following equation have no
521aub,"Determine all values of k so that the equation$kx^2-2x+4-4k=0$has two solutions, one of which is negative and the other is positive."
522auc,"Find the remainder when 3888,888 is divided by 5."
523aud,"Joehasthreedrinkingcups: acylinder-shaped,acone-shapedandasemi-sphere-shaped. All of them have the same radius and height. The cylinder-shaped cup is full of water. Joe want topourthewaterfromthecylinder-shapedcuptotheothertwocups. Whichofthefollowing is going to happen?"
524aue,"If A is a$3\times^3$matrix such that     1 2 3 4 2 4 6 8     A0 1 0 1$=$4 1 4 1,     2 0 2 0 0 1 0 1 what is the value in the third row, second column of A?"
525auf,"Supposeagroupofpeopleparticipateinamessagingsysteminwhichtheycansendmessages to others in the group. The system works according the following two rules: - If A can send a message to B and B can send a message to C, then C can send a message to"
526aug,"For which values of k does the system$x^2-y^2$$=0$$(x-k)2+y^2$$=2$haveexactlytwodistinctsolutionsintheform(x,y)wherebothx andy arerealnumbers?"
527auh,Find the number of pairs of positive integers that have greatest common divisor 3! and the least common multiple 18!.
528aui,"If log x+log y$=7,$then what is the value of log x + log y ? y x y x"
529auj,Thecirclesinthefigureshownareconcentric. Thechordshownistangent to the inner circle and has length 12. What is the area of the shaded region?
530auk,$Howmany^5-digitnumberswithalldigitsnon-zeroandnodigitrepeatedaredivisibleby^25$?
531aul,"Each of two boxes contains 20 marbles, and each marble is either black or white. The total number of black marbles is different from the total number of white marbles. One marble is drawn at random from each box. The probability that both marbles are white is 0.21. What is the probability that both are black?"
532aum,"If the repeating decimal 0.8451 is represented by the fraction a, where a and b are positive b integers with no common factors greater than 1, find a+b."
533aun,"If$f(x)=$a and$g(x)=$b, and if (f ◦$g)(-1)=-1$and (f ◦$g)(1)=-3,$find a+3b. x-4 x 2 2"
534auo,"If sinx$=2cosx,$find the value of sinxcosx."
535aup,"Given equilateral triangle ABC with AB$=$2 and a point P in C the interior of ABC. Let S , S and S be the perpendicular 1 2 3 distances from P to each side of the triangle ABC. What is S +S +S ? 1 2 3"
536auq,$TheEasterBunnycreatesagiantchocolateEastereggthatweighs^20pounds.$It is the exact same shape as a chocolate egg weighing 5 ounces. The egg that weighs 5 ounces is wrapped in 9$in^2$of foil. How much foil needs to be used to wrap the giant egg?
537aur,Which of the following equations is the equation of a circle whose center is on the line that bisects the first quadrant and that has no intercepts?
538aus,Which of the following equations could be the equation of the graph below.
539aut,How many triples of real numbers (x;y;z) satisfy the equations xy$=$z; yz$=$x; zx$=$y?
540auu,Let a and b be real numbers satisfying the equations a+b$=$1;$a^3+b^3$$=$2011: What is$a^2+b^2$?
541auv,Which of the following quadratic polynomials f satisfies the property: “f(n) is an integer whenever n is an integer”?
542auw,"A drawer contains red socks and black socks. When two socks are drawn at random, the probability that both are red is 1. How small can the number of socks 2 in the drawer be if the number of black socks is even?"
543aux,"What is the smallest number of coins (pennies, nickels, dimes, quarters, and half dollars) with which you can pay out any amount from 1 cent to 99 cents?"
544auy,A fair coin is tossed 10 times. What is the probability that exactly five of the tosses come up heads and five of them tails?
545auz,"How many zeros are at the end of 17!? (Recall that n! is the product of the first n positive integers, that is 2!$=$$2\cdot^1,$3!$=$$3\cdot^2\cdot^1,$and so on)"
546ava,A train moving 45 miles per hour meets and is passed by a train moving 35 miles per hour in a opposite direction. A passenger in the first train sees the second train takes 6 seconds to pass him. How long is the second train?
547avb,"Each morning Boris walks to school at a constant rate. At one-fourth of the way he passes the tractor station. At one-third of the way, the railroad station. At the tractor station its clock shows 7:30 A.M., and at the railroad station its clock shows 7:35 A.M. When does Boris reach school?"
548avc,"If Peter Piper can pick a peck of pickled peppers in 2 hours, and Tom Thumb can do it in 3 hours, and Mary Mary can do it in 5 hours, how long will it take them working all together?"
549avd,"If r 1 and r 2 are solutions of the equation x$=$$a\sqrt{x}+k^2,$then r 1 +r 2$=$?"
550ave,"For all x such that x ̸$=$5; 3; -3;0, what is 2 - 14 equal to? 2 2 x-5$2x^2-13x+15$4"
551avf,"Let x;y;z be real numbers. Suppose that (x+1)(y+1)(z+1) ̸$=$0, and x y z + +$=$1: x+1 y+1 z+1 Find all possible values of the quantity 2xyz +xy+yz+zx for all x;y;z with the above properties."
552avg,"Suppose a glass has a square base of side 2 units and height 2 units. A spider is standingatthecenterofthebottomofaglass. Thespiderwantstoreachadelicious ant that is standing at one of the top corners of the glass. Assume the spider walks at a constant speed on the surface of the glass and the ant, unaware of the danger, does not move. What distance should the spider walk to have her meal as quickly as possible?$\sqrt$$\sqrt$$\sqrt$$\sqrt$"
553avh,A quartet with 4 different instruments wants to play something (silence doesn’t count) with each possible combination of instruments. How many ways can this be done?
554avi,Which x is a solution of the equation$x^3+3x-4$$=$0?$\sqrt$$\sqrt$$\sqrt$$\sqrt$
555avj,"Find real numbers A, B and C so that for all real numbers x ̸$=$0;3;-1, the following identity holds 1 A B C$=$+ + x(x-3)(x+1) x x-3 x+1"
556avk,"An equation of the parabola through the three points (0;1), (1;4), (2;9) is: (a)f(x)$=$$-x^2+4x+1$(b)f(x)$=$$x^2-2x+1$(c)f(x)$=$$2x^2+2x+1$"
557avl,"The unit used for measuring the steepness of a hill is the “grade”. A grade of a to b means the hill rises a vertical units for every b horizontal units. If at some point, the hill is 3ft above the horizontal and the angle of elevation (cid:11) to that point ◦ is 30 , what is the approximate grade to the nearest integer of this hill?"
558avm,"Using the Pythagorean Theorem tells us that b$=$27. Since 5 is closer to 27 than 6, 7 or 8, and 3 is closer to$\sqrt^3$than 7 ,"
559avn,A circular corral was constructed with 600ft of barbed wire fence. Another circular corral with twice the area was constructed with the same type of fence. How much barbed wire was needed for the second?$\sqrt$$\sqrt$
560avo,"$Weknowthat\sqrt{thecircu}\sqrt{mferenceofC}$$1\sqrt{is}^2(cid$:25)R 1$=$600, so the circumference of C is 2(cid:25)R$=$2(cid:25)R 2$=$600 2. Thus 600 2ft of barbed 2 2 1 wire are needed. 11 SVSU 2011 Math Olympics Solutions Level I-page 12 of 13"
561avp,"Two concentric circles are drawn, the smaller with radius r and the larger with radius R. A central angle is drawn, such that the rays intersect each circle as shown in the figure. Given that the area of the triangle in the larger circle is three times the area of the corresponding triangle in the smaller circle, give the area lying between the two circles in terms of r.$\sqrt$$\sqrt$"
562avq,"A problem to celebrate the new year 2011, what are the last three digits of 20115?"
563avr,log$=$log +log +log +:::+log$=$? i-1 2-1 3-1 4-1 n-1$i=2$( )
564avs,Find an integer m in terms of n such that$=$- : k(k +1)(k +2) 4 m$k=1$
565avt,Let p(x)$=$12x+115. Find the smallest integer n$\ge$1 so that p(n) is not a prime number.
566avu,"If sin((cid:11)+(cid:12))$=$1 and sin((cid:11)-(cid:12))$=$1, for 0$<$(cid:11);(cid:12)$<$(cid:25), what is tan((cid:11)+2(cid:12))?$\sqrt{2}$2$\sqrt$"
567avv,Let a and b be real numbers satisfying the equations a+b$=$1;$(a^2$$+b^2)(a^3$$+b^3)$$=$26: What is$a^2$$+b^2$?
568avw,For how many integers n in the set {1;2;:::;2011} is$n^4$$-n^3$a cube?
569avx,"Joey has a slushy stand. He has found that if he charges$1.25 per slushy he can sell 150 slushies per day. For each 2 cents raise in price per slushy, he sells 1 less slushy per day. It costs him 25 cents to make a slushy. What price will maximize his pro(cid:12)t?"
570avy,"Ananagramofawordisanotherword(notnecessarilybelongingtotheEnglishlanguage) made up of the same letters. So the word \mom"" has three anagrams, namely \mmo"", \mom"", and \omm"". How many anagrams are there of \Mississippi""?"
571avz,"If (cid:18) is an angle in the (cid:12)rst quadrant, and 3cos(cid:18) - 4sin(cid:18)$=$2, what is the value of 3sin(cid:18)+4cos(cid:18)?$\sqrt$$\sqrt$"
572awa,Which of the following is a solution to the equation$8cos^2(cid$:18)-8cos(cid:18)+1$=$0? ( )
573awb,An integer-valued point in the xy-plane is a point (a;b) where both a and b are integers. How many integer-valued points are on or inside a circle of radius 4 centered at the origin?
574awc,"Suppose E is the foot of the perpendicular from C to diagonal BD in rectangle ABCD. If the lengths of perpendiculars from E to AD and AB are a and b, respectively, express the length d of diagonal BD in terms of a and"
575awd,"Semicircles are drawn on two sides of a rectangle ABCD in which the longer side AB is twice the length of the shorter side AD, as shown. QAP is a line segment with segment QA of length 5cm and segment AP with length 24cm. What is the length of the shorter side?"
576awe,"If ABCD is a square with side AB of length 1cm and the segments AA ,A B , C D , 1 1 1 1 1 and D D all have length 1cm, what is the area of the quadrilateral EFGH? 1 4 See the (cid:12)gure for the location of the points."
577awf,"A writes a letter to B and does not receive an answer. Assuming that in general one letter in n is lost in the mail, where n is some (cid:12)xed integer. Find the probability that B received the letter. It is to be assumed that B would have answered the letter if he had received it."
578awg,"In the game show \Let’s Make a Deal"", a contestant is presented with 3 doors. There is a prize behind one of the doors, and the host of the show knows which one. When the contestant makes a choice of door, at least one of the other doors will not have a prize, and the host will open a door (one not chosen by the contestant) with no prize. The contestant is given the option to change his choice after the host shows the door without a prize. If the contestant switches doors, what is the probability that he gets the door with the prize?"
579awh,"Suppose f(x)$=$ax+b. If f(f(f(x)))$=$125x+155, what is a+b?"
580awi,"Consider a right triangle ⊥ △ABC with a and b being the perpendicular legs and c the hypotenuse. If the triangle ABC is inscribed in a circle with radius r, (cid:12)nd$a^2$$+b^2$$+c^2.$"
581awj,Which of the following equations have the same graph?$x^2$-16 I: y$=$x+4 II: (x-4)y$=$$x^2$-16 III: y$=$x-4
582awk,"If f(2x)$=$4 , then 2f(x)$=$? 4+x"
583awl,"If f( x )$=$1 for all x ̸$=$0;1, then$f(tan^2(cid$:18))$=$? 1-x x"
584awm,Find the distance between two nonintersecting diagonals on two adjacent sides of a cube with side
585awn,"Find all positive integers n such that 1$<$n$<$1000 with the following property: the remainder when n is divided by 4 is 1, the remainder when n is divided by 7 is 1, the remainder when n is divided by 25 is 1."
586awo,"Observe that 4 can be expressed as the sum of natural numbers in 8 ways, taking into account the order of the terms: 4;3+1;1+3;2+2;2+1+1;1+2+1;1+1+2;1+1+1+1 How many such expressions are there for 2011?"
587awp,What are the last three digits of 52011?
588awq,log$=$log +log +log +:::+log$=$? i-1 2-1 3-1 4-1 n-1$i=2($)
589awr,Find an integer m in terms of n such that$=$- : k(k +1)(k +2) 4 m$k=1$
590aws,Let p(x)$=$12x+115. Find the smallest integer n$\ge$1 so that p(n) is not a prime number.
591awt,"If sin((cid:11)+(cid:12))$=$1 and sin((cid:11)-(cid:12))$=$1, for 0$<$(cid:11);(cid:12)$<$(cid:25), what is tan((cid:11)+2(cid:12))?$\sqrt{2}$2$\sqrt$"
592awu,Let a and b be real numbers satisfying the equations a+b$=$1;$(a^2$$+b^2)(a^3$$+b^3)$$=$26: What is$a^2$$+b^2$?
593awv,For how many integers n in the set {1;2;:::;2011} is$n^4$$-n^3$a cube?
594aww,"Joey has a slushy stand. He has found that if he charges$1.25 per slushy he can sell 150 slushies per day. For each 2 cents raise in price per slushy, he sells 1 less slushy per day. It costs him 25 cents to make a slushy. What price will maximize his pro(cid:12)t?"
595awx,"Ananagramofawordisanotherword(notnecessarilybelongingtotheEnglishlanguage) made up of the same letters. So the word \mom"" has three anagrams, namely \mmo"", \mom"", and \omm"". How many anagrams are there of \Mississippi""?"
596awy,"If (cid:18) is an angle in the (cid:12)rst quadrant, and 3cos(cid:18) - 4sin(cid:18)$=$2, what is the value of 3sin(cid:18)+4cos(cid:18)?$\sqrt$$\sqrt$"
597awz,Which of the following is a solution to the equation$8cos^2(cid$:18)-8cos(cid:18)+1$=$0? ( )
598axa,An integer-valued point in the xy-plane is a point (a;b) where both a and b are integers. How many integer-valued points are on or inside a circle of radius 4 centered at the origin?
599axb,"Suppose E is the foot of the perpendicular from C to diagonal BD in rectangle ABCD. If the lengths of perpendiculars from E to AD and AB are a and b, respectively, express the length d of diagonal BD in terms of a and"
600axc,"Semicircles are drawn on two sides of a rectangle ABCD in which the longer side AB is twice the length of the shorter side AD, as shown. QAP is a line segment with segment QA of length 5cm and segment AP with length 24cm. What is the length of the shorter side?"
601axd,"If ABCD is a square with side AB of length 1cm and the segments AA ,A B , C D , 1 1 1 1 1 and D D all have length 1cm, what is the area of the quadrilateral EFGH? 1 4 See the (cid:12)gure for the location of the points."
602axe,"A writes a letter to B and does not receive an answer. Assuming that in general one letter in n is lost in the mail, where n is some (cid:12)xed positive integer, (cid:12)nd the probability that B received the letter. It is to be assumed that B would have answered the letter if he had received it."
603axf,"In the game show \Let’s Make a Deal"", a contestant is presented with 3 doors. There is a prize behind one of the doors, and the host of the show knows which one. When the contestant makes a choice of door, at least one of the other doors will not have a prize, and the host will open a door (one not chosen by the contestant) with no prize. The contestant is given the option to change his choice after the host shows the door without a prize. If the contestant switches doors, what is the probability that he gets the door with the prize?"
604axg,"Suppose f(x)$=$ax+b. If f(f(f(x)))$=$125x+155, what is a+b?"
605axh,"Consider a right triangle ⊥ △ABC with a and b being the perpendicular legs and c the hypotenuse. If the triangle ABC is inscribed in a circle with radius r, (cid:12)nd$a^2$$+b^2$$+c^2.$"
606axi,Which of the following equations have the same graph?$x^2$-16 I: y$=$x+4 II: (x-4)y$=$$x^2$-16 III: y$=$x-4
607axj,"If f(2x)$=$4 , then 2f(x)$=$? 4+x"
608axk,"If f( x )$=$1 for all x ̸$=$0;1, then$f(tan^2(cid$:18))$=$? 1(cid:0)x x"
609axl,Find the distance between two nonintersecting diagonals on two adjacent sides of a cube with side
610axm,"Find all positive integers n such that 1$<$n$<$1000 with the following property: the remainder when n is divided by 4 is 1, the remainder when n is divided by 7 is 1, the remainder when n is divided by 25 is 1."
611axn,"Observe that 4 can be expressed as the sum of natural numbers in 8 ways, taking into account the order of the terms: 4;3+1;1+3;2+2;2+1+1;1+2+1;1+1+2;1+1+1+1 How many such expressions are there for 2011?"
612axo,What are the last three digits of 52011?
613axp,The Easter Bunny creates a giant chocolate Easter egg that weighs 20 pounds. It is the exact same shape as a chocolate egg weighing 5 ounces. The egg that weighs 5 ounces is wrapped in 9$in^2$of foil. How much foil needs to be used to wrap the giant egg?
614axq,Which of the following equations is the equation of a circle whose center is on the line that bisects the first quadrant and that has no intercepts?
615axr,Which of the following equations could be the equation of the graph below.
616axs,How many triples of real numbers (x;y;z) satisfy the equations xy$=$z; yz$=$x; zx$=$y?
617axt,Let a and b be real numbers satisfying the equations a+b$=$1;$a^3$$+b^3$$=$2011: What is$a^2$$+b^2$?
618axu,Which of the following quadratic polynomials f satisfies the property: “f(n) is an integer whenever n is an integer”?
619axv,"A drawer contains red socks and black socks. When two socks are drawn at random, the probability that both are red is 1. How small can the number of socks in the drawer be if 2 the number of black socks is even?"
620axw,"What is the smallest number of coins (pennies, nickels, dimes, quarters, and half dollars) with which you can pay out any amount from 1 cent to 99 cents?"
621axx,A fair coin is tossed 10 times. What is the probability that exactly five of the tosses come up heads and five of them tails?
622axy,"How many zeros are at the end of 17!? (Recall that n! is the product of the first n positive integers, that is 2!$=$$2\cdot^1,$3!$=$$3\cdot^2\cdot^1,$and so on)"
623axz,A train moving 45 miles per hour meets and is passed by a train moving 35 miles per hour in the opposite direction. A passenger in the first train sees that the second train takes 6 seconds to pass him. How long is the second train?
624aya,"Each morning Boris walks to school at a constant rate. At one-fourth of the way he passes the tractor station. At one-third of the way, the railroad station. At the tractor station its clock shows 7:30 A.M., and at the railroad station its clock shows 7:35 A.M. When does Boris reach school?"
625ayb,"If Peter Piper can pick a peck of pickled peppers in 2 hours, and Tom Thumb can do it in 3 hours, and Mary Mary can do it in 5 hours, how long will it take them working all together?"
626ayc,"If r 1 and r 2 are solutions of the equation x$=\sqrt{a}$$x+k^2,$then r 1 +r 2$=$?"
627ayd,"For all x such that x ̸$=$5; 3; -3;0, what is 2 - 14 equal to? 2 2 x-5$2x^2-13x+15$4"
628aye,"Let x;y;z be real numbers. Suppose that (x+1)(y +1)(z +1) ̸$=$0, and x y z + +$=$1: x+1 y +1 z +1 Find all possible values of the quantity 2xyz + xy + yz + zx for all x;y;z with the above properties."
629ayf,"Suppose a glass has a square base of side 2 units and height 2 units. A spider is standing at the center of the bottom of the glass. The spider wants to reach a delicious ant that is standing at one of the top corners of the glass. Assume the spider walks at a constant speed on the surface of the glass and the ant, unaware of the danger, does not move. What distance should the spider walk to have her meal as quickly as possible?$\sqrt$$\sqrt$$\sqrt$$\sqrt$"
630ayg,A quartet with 4 different instruments wants to play something (silence doesn’t count) with each possible combination of instruments. How many ways can this be done?
631ayh,Which x is a solution of the equation$x^3$+3x-4$=$0?$\sqrt$$\sqrt$$\sqrt$$\sqrt$
632ayi,"Find real numbers A, B and C so that for all real numbers x ̸$=$0;3;-1, the following identity holds 1 A B C$=$+ + x(x-3)(x+1) x x-3 x+1"
633ayj,"An equation of the parabola through the three points (0;1), (1;4), (2;9) is:"
634ayk,"The unit used for measuring the steepness of a hill is the “grade”. A grade of a to b means the hill rises a vertical units for every b horizontal units. If at some point, the hill is 3ft above the horizontal and the angle of elevation of (cid:11) to that point is 30◦, what is the approximate grade to the nearest integer of this hill?"
635ayl,A circular corral was constructed with 600ft of barbed wire fence. Another circular corral with twice the area was constructed with the same type of fence. How much barbed wire was needed for the second?$\sqrt$$\sqrt$
636aym,"Two concentric circles are drawn, the smaller with radius r and the larger with radius R. Acentralangleisdrawn, suchthattheraysintersecteachcircleasshowninthefigure. Given that the area of the triangle in the larger circle is three times the area of the corresponding triangle in the smaller circle, give the area lying between the two circles in terms of r.$\sqrt$$\sqrt$"
637ayn,"A problem to celebrate the new year 2011, what are the last three digits of 20115?"
638ayo,Which of the following polynomials is a factor of$x^4+x^2y^2+y^4$?
639ayp,19;320$=$$(2\times^69)(14\times^10).$$Whichofthefollowingnumbersisafactorof^19$;321?
640ayq,"Supposethat(r ;0)and(r ;0)arethex-interceptsofaparabola. Iftheequation 1 2$oftheparabolahasaleadingcoefficientof^1,$whatisthey-interceptoftheparabola."
641ayr,Daphne starts walking north at a constant rate of 4 mph. Edmund leaves the same point at the same time and walks east at a constant rate of 3 mph. How long will it take for the distance between them to be 1 mile?
642ays,5 p is equal to which of the following numbers? 1+ 5$\sqrt^5$$\sqrt$$\sqrt$
643ayt,What are the slopes of the two tangent lines from the origin in the plane to the circle of radius 1/2 centered at (1;1)?$\sqrt$$\sqrt$$\sqrt$$\sqrt$
644ayu,"The door to the computer room at a school has a keycode. The combination is a sequence of 5 numbers. A student forgot his code. However, he did remember five clues. These are what those clues were:"
645ayv,"Three boxes are presented to you. One contains$1000, the other two are empty. Each box has a clue written on it as to its contents and only one message is telling the truth, the other two are lying. If the first box says, “The money is not here”, the second box says “The money is in the first box” and the third box says, “The money is not here”, which box has the money?"
646ayw,In the following “equation” each letter represents a digit (between 0 and 9). Different letters represent different digits and S is not 0. Determine the digit repre- sented by each of the used letters so that the addition is correct. STORE +STORE +STORE TEASE
647ayx,"This is a contradiction. Finally, if T$=$5, then E has to be 5, 6 or 7. This is again not possible since different letters represent different digits, which gives a contradiction in the first case, while the last two possibilities are excluded from the alreadydeterminedvaluesofE.ThecaseS$=$3leadstoacontradictionaswellsince then T$=$9 which leads to a contradiction since$3\timesT$$=$$3\times^9$$=$27. Consider now the case, S$=$2. The possible values of T are 6, 7 or 8. The first two possibilities are excluded by the possible values of E and the value of S. The last choice gives the solution 28375 +28375 28375 85125"
648ayy,"Suppose you have 30 coins which are nickels, dimes, or quarters. The total amount of money is$4.15. One day you find a magic wand that has the ability to change nickels into dimes and dimes into quarters. After you wave the wand over the money, you find you have$6.00. How many dimes did you have originally?"
649ayz,"You purchase 6 new tires for your four wheel car. Each tire is designed to provide a maximum of 40,000 miles of use. Assume you can rotate tires on and off the vehicle at any time. What is the maximum mileage you could get from these tires?"
650aza,"The faces of a solid figure are all triangles. The figure has 11 vertices. At each of six vertices, four faces meet and at each of the other five vertices, six faces meet. How many faces does the figure have?"
651azb,"It takes a horse and a goat two hours to eat 20 pounds of hay. If it takes the horse three more hours than the goat to eat 20 pounds of hay, how long does it take the horse to eat the 20 pounds of hay?"
652azc,"A club of 150 members is holding an arm wrestling contest. When a member loses, the member is out of the contest. There are no ties. How many games must be played to determine the arm wrestling champion?"
653azd,"For all x such that x ̸$=$3; 7; -7;0, what is 5 - 80 equal to? 3 3 x-3$3x^2-2x-21$"
654aze,Let x;y be real numbers with x+y$=$1 and$(x^2+y^2)(x^3+y^3)$$=$12. What is the value of$x^2+y^2$?$\sqrt$$\sqrt$
655azf,"P is a point inside the triangle △ABC. Lines are drawn through P parallel to the sides of the triangle. The areas of the three resulting triangles △PMN;△PLK and △PRS are 9, 25 and 81, respectively. What is the area of △ABC? Note that the figure below is not drawn to the scale. 8 SVSU 2012 Math Olympics Solutions Level I-page 9 of 13"
656azg,"Nine scientists are working on a secret project. They wish to lock up the documents in a cabinet so that the cabinet can be opened when and only when (cid:12)ve or more of the scientists are present. For this purpose a certain number of locks are installed on the cabinet and each of the scientists is given keys to some of these locks. Each key can open exactly one lock. Thus, for the cabinet to be opened (i) any five of the scientists have to be present and (ii) the keys to all of the locks on the cabinet have to be among the set of all keys given to the present five scientists. What is the smallest number of locks needed?"
657azh,Suppose that f(x)$=$xx and g(x)$=$$x^2x.$Which of the functions below is equal to f(g(x))?
658azi,"Fred, reporting for the school paper, knows that Arthur, Bing and Claude were the top three finalists in the talent show, but he doesn’t know who won first place, who was second or who was third place. He does know three things: 1) If Arthur did not win first place, then Bing did. 2) If Bing did not win second place, then Arthur came in last. 3) If Claude came in last, then Arthur did not come in first. Which of the following is the correct order."
659azj,"Suppose the least common multiple of two numbers, x and 3675 is equal to 121275, and their greatest common factor is equal to 75. Which range of values below contains x?"
660azk,Hence x$=$2475.
661azl,"In the figure below, ABCD is a rectangle. The points F;A, and E lie on a straight line. The segments DF;BE, and CA are all perpendicular to FE. The length of DF is 15 and the length of BE is 6. What is the length of FE?$\sqrt$$\sqrt$$\sqrt$$\sqrt$$\sqrt$"
662azm,"The medians AN and BM of the triangle △ABC intersect at the point G. The vertex C and the points M, G, N are on a circle. The length of AB$=$"
663azn,Let △ABC be a right triangle (]C$=$90 ◦ ). The perpendicular bisector l through the midpoint O of the hypothenuse AB intersects one of the legs at a point K and the extension of the other leg at a point
664azo,A problem to remember the year 2011: let x$=$:01234567891011:::998999 where the digits are obtained by listing the numbers 0-999 in order. What is the 2011th digit to the right of the decimal place?
665azp,"If T$=$1+2+3+:::+n and n T T T T P$=$2$\cdot$3$\cdot$4$\cdot$$\cdot\cdot\cdot$$\cdot$n$\cdot$n T -1 T -1 T -1 T -1 2 3 4 n for n$=$2;3;4;:::, then P is the closest to which of the following numbers? 2012"
666azq,Find the value of the sum . k(k +1)$k=1$
667azr,What is the last digit of 32012?
668azs,"Which of the following is equivalent to tan(1 cos-1x), for -1$<$x$\le$1? 2$\sqrt$$\sqrt$$\sqrt$$\sqrt$$\sqrt$"
669azt,"Supposeagroupofpeoplehaveacodebetweenthemselvesonhowtheycansendmessages to others in the group. • For each subgroup of distinct people A;B and C in the group the following holds: if A can send a message to B and B can send a message to C, then C can send a message to"
670azu,A problem to remember the year 2011: how many positive integers less than or equal to 2011 are multiples of both 3 and 5 but not multiples of 8?
671azv,"At an artisan bakery, French tortes are 52 dollars each, almond tarts are 12 dollars each and cookies are one dollar each. If Alex has 400 dollars to purchase exactly 100 of these items for a party and he buys at least one of each item, how many French Tortes does he purchase? Only whole pieces of the bakery items can be purchased."
672azw,We are given 6 points on a circle equally spaced (think of a clock with just the even hours). How many triangles can be constructed so that their vertices are three of the given points on the circle? How many among those triangles are isosceles triangles (isosceles means the triangle has at least two equal sides)?
673azx,$cos^3(cid$:18)$=$?
674azy,What is the value of the following product sin (cid:25) cos (cid:25) cos (cid:25) cos (cid:25) cos (cid:25)? 32 32 16 8 4
675azz,What is the remainder when P(x)$=$$1-x+2x^4-3x^9+4x^16-5x^25+x2011+6x2012$is divided by D(x)$=$$x^2$-1?
676baa,"Let △ABC be a right triangle (\C$=$90◦) such that AB$=$25 cm, BC$>$AC and the radius r of the inscribed circle in △ABC is 5 cm. Let also CD be the height of △ABC from the vertex C to the side AB. Find the radius of the circle inscribed in △CDM where M is the midpoint of the side BC."
677bab,The triangle △ABC has AB$=$7 and the lengths of the other two sides have given ratio$BC=C\sqrt{A}$$=$$24=25.$What is the largest possible area$for\sqrt{the}$△ABC?
678bac,An equilateral triangle is inscribed in a square with side a so that one of the vertices of the triangle coincides with one of the vertices of the square. Find the area of the triangle in terms of
679bad,"Horses A;B and C are entered in a three-horse race in which ties are not possible. If the odds against A winning are 3-to-1 and the odds against B winning are 2-to-3, what are the odds against C winning? (By \odds against X winning are p-to-q"" we mean that the probability of X winning the race is q .) p+q"
680bae,"A frog makes 2 jumps, each 1 meter in length. The direction of the jumps are chosen independently and at random in any direction in a plane. What is the probability that the frogs (cid:12)nal position is at most 1 meter from its starting position?"
681baf,"Let z ;z and z be the roots of the polynomial Q(x)$=$$x^3$$-9x^2$+1. In other words, 1 2 3 Q(z )$=$Q(z )$=$Q(z )$=$0. IfP(x)$=$$x^5-x^2-x,$whatisthevalueofP(z )+P(z )+P(z )? 1 2 3 1 2 3"
682bag,5 p is equal to which of the following numbers? 1+35$\sqrt^5$$\sqrt$$\sqrt$$\sqrt$$\sqrt$
683bah,"For each real number x , let g(x) be the minimum value of the numbers 6x + 3;2x + 7;15-x. (For example if x$=$2, then the three numbers are 15,11,13, so g(2)$=$11.) What is the maximum value of g(x)?"
684bai,Let f be de(cid:12)ned by f(0)$=$1 and f(x+ 1)$=$2f(x)- 1. What is f(-1)? 2 2
685baj,"If z is a complex number satisfying$z^5$$=$1, but$z^4$̸$=$1, what is$z^4$$+z^3$$+z^2$+z?"
686bak,An equilateral triangle △ABC with a side a is revolved about a straight line l through B that doesn’t intersect the triangle anywhere else. The angle (cid:11) betweenAB and l is between (cid:25) and (cid:25). Find the surface area of the solid obtained by rotating △ABC about l. 4$\sqrt{2}$$\sqrt$$\sqrt$
687bal,Find the smallest positive integer n such that every digit of 45n is 0 or 4.
688bam,"Thirty bored students take turns walking down a hall that contains a row of closed lockers, numbered 1 to 30. The (cid:12)rst student opens all the lockers; the second student closes all the lockers numbered 2, 4, 6, 8, 10, 12, 14, 16, 18, 20, 22, 24, 26, 28, 30; the third student operates on the lockers numbered 3, 6, 9, 12, 15, 18, 21, 24, 27, 30: if a locker was closed, he opens it, and if a locker was open, he closes it; and so on. For the ith student, he works on the lockers numbered by multiples of i: if a locker was closed, he opens it, and if a locker was open, he closes it. What is the number of lockers that remain open after all the students (cid:12)nish their walks?"
689ban,Let n and d be (cid:12)xed integers. How many integers m are such that$n^2$+md is an exact square?
690bao,Which of the following polynomials is a factor of$x^4+x^2y^2+y^4$?
691bap,19;320$=$$(2\times^69)(14\times^10).$$Whichofthefollowingnumbersisafactorof^19$;321?
692baq,"Supposethat(r ;0)and(r ;0)arethex-interceptsofaparabola. Iftheequation 1 2$oftheparabolahasaleadingcoefficientof^1,$whatisthey-interceptoftheparabola."
693bar,Daphne starts walking north at a constant rate of 4 mph. Edmund leaves the same point at the same time and walks east at a constant rate of 3 mph. How long will it take for the distance between them to be 1 mile?
694bas,5 p is equal to which of the following numbers? 1+ 5$\sqrt^5$$\sqrt$$\sqrt$
695bat,What are the slopes of the two tangent lines from the origin in the plane to the circle of radius 1/2 centered at (1;1)?$\sqrt$$\sqrt$$\sqrt$$\sqrt$
696bau,"The door to the computer room at a school has a keycode. The combination is a sequence of 5 numbers. A student forgot his code. However, he did remember five clues. These are what those clues were:"
697bav,"Three boxes are presented to you. One contains$1000, the other two are empty. Each box has a clue written on it as to its contents and only one message is telling the truth, the other two are lying. If the first box says, “The money is not here”, the second box says “The money is in the first box” and the third box says, “The money is not here”, which box has the money?"
698baw,In the following “equation” each letter represents a digit (between 0 and 9). Different letters represent different digits and S is not 0. Determine the digit repre- sented by each of the used letters so that the addition is correct. STORE +STORE +STORE TEASE
699bax,"Suppose you have 30 coins which are nickels, dimes, or quarters. The total amount of money is$4.15. One day you find a magic wand that has the ability to change nickels into dimes and dimes into quarters. After you wave the wand over the money, you find you have$6.00. How many dimes did you have originally?"
700bay,"You purchase 6 new tires for your four wheel car. Each tire is designed to provide a maximum of 40,000 miles of use. Assume you can rotate tires on and off the vehicle at any time. What is the maximum mileage you could get from these tires?"
701baz,"The faces of a solid figure are all triangles. The figure has 11 vertices. At each of six vertices, four faces meet and at each of the other five vertices, six faces meet. How many faces does the figure have?"
702bba,"It takes a horse and a goat two hours to eat 20 pounds of hay. If it takes the horse three more hours than the goat to eat 20 pounds of hay, how long does it take the horse to eat the 20 pounds of hay?"
703bbb,"A club of 150 members is holding an arm wrestling contest. When a member loses, the member is out of the contest. There are no ties. How many games must be played to determine the arm wrestling champion?"
704bbc,"For all x such that x ̸$=$3; 7; -7;0, what is 5 - 80 equal to? 3 3 x-3$3x^2-2x-21$"
705bbd,Let x;y be real numbers with x+y$=$1 and$(x^2+y^2)(x^3+y^3)$$=$12. What is the value of$x^2+y^2$?$\sqrt$$\sqrt$
706bbe,"P is a point inside the triangle △ABC. Lines are drawn through P parallel to the sides of the triangle. The areas of the three resulting triangles △PMN;△PLK and △PRS are 9, 25 and 81, respectively. What is the area of △ABC? Note that the figure below is not drawn to the scale."
707bbf,"Nine scientists are working on a secret project. They wish to lock up the documents in a cabinet so that the cabinet can be opened when and only when (cid:12)ve or more of the scientists are present. For this purpose a certain number of locks are installed on the cabinet and each of the scientists is given keys to some of these locks. Each key can open exactly one lock. Thus, for the cabinet to be opened (i) any five of the scientists have to be present and (ii) the keys to all of the locks on the cabinet have to be among the set of all keys given to the present five scientists. What is the smallest number of locks needed?"
708bbg,Suppose that f(x)$=$xx and g(x)$=$$x^2x.$Which of the functions below is equal to f(g(x))?
709bbh,"Fred, reporting for the school paper, knows that Arthur, Bing and Claude were the top three finalists in the talent show, but he doesn’t know who won first place, who was second or who was third place. He does know three things: 1) If Arthur did not win first place, then Bing did. 2) If Bing did not win second place, then Arthur came in last. 3) If Claude came in last, then Arthur did not come in first. Which of the following is the correct order."
710bbi,"Suppose the least common multiple of two numbers, x and 3675 is equal to 121275, and their greatest common factor is equal to 75. Which range of values below contains x?"
711bbj,"In the figure below, ABCD is a rectangle. The points F;A, and E lie on a straight line. The segments DF;BE, and CA are all perpendicular to FE. The length of DF is 15 and the length of BE is 6. What is the length of FE?$\sqrt$$\sqrt$$\sqrt$$\sqrt$$\sqrt$"
712bbk,"The medians AN and BM of the triangle △ABC intersect at the point G. The vertex C and the points M, G, N are on a circle. The length of AB$=$"
713bbl,Let △ABC be a right triangle (]C$=$90 ◦ ). The perpendicular bisector l through the midpoint O of the hypothenuse AB intersects one of the legs at a point K and the extension of the other leg at a point
714bbm,A problem to remember the year 2011: let x$=$:01234567891011:::998999 where the digits are obtained by listing the numbers 0-999 in order. What is the 2011th digit to the right of the decimal place?
715bbn,"If T$=$1+2+3+:::+n and n T T T T P$=$2$\cdot$3$\cdot$4$\cdot$$\cdot\cdot\cdot$$\cdot$n$\cdot$n T -1 T -1 T -1 T -1 2 3 4 n for n$=$2;3;4;:::, then P is the closest to which of the following numbers? 2012"
716bbo,Find the value of the sum . k(k +1)$k=1$
717bbp,What is the last digit of 32012?
718bbq,"Which of the following is equivalent to tan(1 cos-1x), for -1$<$x$\le$1? 2$\sqrt$$\sqrt$$\sqrt$$\sqrt$$\sqrt$"
719bbr,"Supposeagroupofpeoplehaveacodebetweenthemselvesonhowtheycansendmessages to others in the group. • For each subgroup of distinct people A;B and C in the group the following holds: if A can send a message to B and B can send a message to C, then C can send a message to"
720bbs,A problem to remember the year 2011: how many positive integers less than or equal to 2011 are multiples of both 3 and 5 but not multiples of 8?
721bbt,"At an artisan bakery, French tortes are 52 dollars each, almond tarts are 12 dollars each and cookies are one dollar each. If Alex has 400 dollars to purchase exactly 100 of these items for a party and he buys at least one of each item, how many French Tortes does he purchase? Only whole pieces of the bakery items can be purchased."
722bbu,We are given 6 points on a circle equally spaced (think of a clock with just the even hours). How many triangles can be constructed so that their vertices are three of the given points on the circle? How many among those triangles are isosceles triangles (isosceles means the triangle has at least two equal sides)?
723bbv,$cos^3(cid$:18)$=$?
724bbw,What is the value of the following product sin (cid:25) cos (cid:25) cos (cid:25) cos (cid:25) cos (cid:25)? 32 32 16 8 4
725bbx,What is the remainder when P(x)$=$$1-x+2x^4-3x^9+4x^16-5x^25+x2011+6x2012$is divided by D(x)$=$$x^2$-1?
726bby,"Let △ABC be a right triangle (\C$=$90◦) such that AB$=$25 cm, BC$>$AC and the radius r of the inscribed circle in △ABC is 5 cm. Let also CD be the height of △ABC from the vertex C to the side AB. Find the radius of the circle inscribed in △CDM where M is the midpoint of the side BC."
727bbz,The triangle △ABC has AB$=$7 and the lengths of the other two sides have given ratio$BC=C\sqrt{A}$$=$$24=25.$What is the largest possible area$for\sqrt{the}$△ABC?
728bca,An equilateral triangle is inscribed in a square with side a so that one of the vertices of the triangle coincides with one of the vertices of the square. Find the area of the triangle in terms of
729bcb,"Horses A;B and C are entered in a three-horse race in which ties are not possible. If the odds against A winning are 3-to-1 and the odds against B winning are 2-to-3, what are the odds against C winning? (By \odds against X winning are p-to-q"" we mean that the probability of X winning the race is q .) p+q"
730bcc,"A frog makes 2 jumps, each 1 meter in length. The direction of the jumps are chosen independently and at random in any direction in a plane. What is the probability that the frogs (cid:12)nal position is at most 1 meter from its starting position?"
731bcd,"Let z ;z and z be the roots of the polynomial Q(x)$=$$x^3$$-9x^2$+1. In other words, 1 2 3 Q(z )$=$Q(z )$=$Q(z )$=$0. IfP(x)$=$$x^5-x^2-x,$whatisthevalueofP(z )+P(z )+P(z )? 1 2 3 1 2 3"
732bce,5 p is equal to which of the following numbers? 1+35$\sqrt^5$$\sqrt$$\sqrt$$\sqrt$$\sqrt$
733bcf,"For each real number x , let g(x) be the minimum value of the numbers 6x + 3;2x + 7;15-x. (For example if x$=$2, then the three numbers are 15,11,13, so g(2)$=$11.) What is the maximum value of g(x)?"
734bcg,Let f be de(cid:12)ned by f(0)$=$1 and f(x+ 1)$=$2f(x)- 1. What is f(-1)? 2 2
735bch,"If z is a complex number satisfying$z^5$$=$1, but$z^4$̸$=$1, what is$z^4$$+z^3$$+z^2$+z?"
736bci,An equilateral triangle △ABC with a side a is revolved about a straight line l through B that doesn’t intersect the triangle anywhere else. The angle (cid:11) betweenAB and l is between (cid:25) and (cid:25). Find the surface area of the solid obtained by rotating △ABC about l. 4$\sqrt{2}$$\sqrt$$\sqrt$
737bcj,Find the smallest positive integer n such that every digit of 45n is 0 or 4.
738bck,"Thirty bored students take turns walking down a hall that contains a row of closed lockers, numbered 1 to 30. The (cid:12)rst student opens all the lockers; the second student closes all the lockers numbered 2, 4, 6, 8, 10, 12, 14, 16, 18, 20, 22, 24, 26, 28, 30; the third student operates on the lockers numbered 3, 6, 9, 12, 15, 18, 21, 24, 27, 30: if a locker was closed, he opens it, and if a locker was open, he closes it; and so on. For the ith student, he works on the lockers numbered by multiples of i: if a locker was closed, he opens it, and if a locker was open, he closes it. What is the number of lockers that remain open after all the students (cid:12)nish their walks?"
739bcl,Let n and d be (cid:12)xed integers. How many integers m are such that$n^2$+md is an exact square?
740bcm,"Suppose the operation ∗ is defined on the set of integers by a∗b$=$a+2b. Then for every two integers a and b, the value of a∗(b∗a) is the same as"
741bcn,"Given that the vertex of the parabola y$=$$x^2$+8x+k is on the x-axis, what is the value of k ?"
742bco,"John and Nancy live on the same street and often walk towards each other’s home. If they both leave their homes at 8:00 a.m., then they will meet at 8:04 a.m. If Nancy leaves her home at 8:00 a.m. but John does not leave his home until 8:03 a.m., then they will meet at 8:05 a.m. How many minutes does it take for John to 1 SVSU 2013 Math Olympics Solutions Level I-page 2 of 12 walk all the way to Nancy’s home? Assume that each person walks at his or her own constant rate. (a)8minutes (b)9minutes (c)10minutes (d)11minutes"
743bcp,Which of these numbers is the largest?$\sqrt\sqrt$$\sqrt$$\sqrt$$\sqrt$$\sqrt$$\sqrt$$\sqrt$$\sqrt$$\sqrt$
744bcq,The graph of the equation$x^2-xy+x-y$$=$0 is
745bcr,"In a class of 100 students, there are 50 who play soccer, 45 who play basketball,$and^50whoplayvolleyball.$$Only^15ofthesestudentsplayallthreesports.$Everyone 2 SVSU 2013 Math Olympics Solutions Level I-page 3 of 12 plays at least one of these sports. How many of the students play exactly two of these sports?"
746bcs,Whatisthesmallestnumberofseatsinalargeauditoriumthatmustbeoccupied in order to be certain that at least two people share the same first and last initials?
747bct,The number of real solutions of the equation$|$x-2$|$+$|$x-3$|=$1 is
748bcu,Suppose that only eight tiles are left in the scrabble bag and the letters on the tiles spell CALCULUS. How many ways (if the order of choosing doesn’t matter) can you choose two tiles?
749bcv,"Yannick has a total of$200 in his two pockets. He takes one fourth of the money in his left pocket and puts it in his right pocket. He then takes$20 from his left pocket and puts it in his right pocket. If he now has an equal amount of money in each pocket, then how much money did he originally have in his left pocket?"
750bcw,"A boat is traveling against the flow of a river. Suppose the river is flowing at a constant speed and the boat maintains a constant speed with respect to the river while traveling in either direction along the river, in other words, the boat would maintain a constant speed in still water. At a certain moment of time a blow-up ball falls off the boat and starts floating down the river. 20 minutes after the ball fell into the water this was noticed and the boat reversed its direction and started 4 SVSU 2013 Math Olympics Solutions Level I-page 5 of 12 going down the river chasing the ball. How long was the ball in the water before it was retrieved?"
751bcx,It takes 3 hours filling a pool using two pipes. It takes 5 hours to fill the pool using only the larger pipe. How long does it take to fill the pool using only the smaller pipe?
752bcy,"In a certain football league, the only way to score is to kick a field goal for 3 points or score a touchdown for 7 points. Thus the scores such as 1, 4 and 8 are not possible. How many positive scores are not possible?"
753bcz,"For all x such that x ̸$=$2; -2;0, what is -24 + 1 equal to? 5$4x+8x^2-5x^3$2-x"
754bda,For how many integers n between 1 and 100 does$x^2$+x-n factor into the product of two linear factors with integer coefficients?
755bdb,"On △ABC, point D lies on the segment AB, point E lies on BC, and point F lies on CA. If AD$=$BE$=$CF$=$2, and the area of △ABC equals 1, then what is DB EC FA 3 the area of △DEF? Note that the figure below is not drawn to the scale."
756bdc,"When Alice entered the Forest of Forgetfulness, she forgot the day of the week. She met the Lion and the Unicorn resting under a tree. The Lion lies on Mondays, Tuesdays and Wednesdays and tells the truth on the other days of the week. The 8 SVSU 2013 Math Olympics Solutions Level I-page 9 of 12 Unicorn, on the other hand, lies on Thursdays, Fridays, and Saturdays, but tells the truth on the other days of the week. They made the following statements: Lion: “Yesterday was one of my lying days.” Unicorn: “Yesterday was one of my lying days.” From these two statements, Alice was able to deduce the day of the week. What day was it?"
757bdd,$Su\sqrt{ppose}$$tha\sqrt{t}$f(x)$=$$ax^2-$2 for some positive real number
758bde,"From a class of 12 students, 3 are chosen to form a math contest team. The team is required to include at least one boy and at least one girl. If exactly 160 different teams can be formed from the 12 students, then which of the following can be the difference between the number of boys and the number of girls in the class?"
759bdf,An integer valued point in the xy plane is a point (a;b) where both a and b are integers. How many integer valued points are on or inside a circle of radius 4 centered at the origin?
760bdg,Consider the points A(-5;-1);B(-1;0);C(1;2); and D(1;3). Let P be a point and let d$=$$PA^2$$+PB^2$$+PC^2$$+PD^2$so that d is the sum of the squares of the distances from P to each of A;B;C; and
761bdh,"Suppose that ABCD is a rectangle, and that E is a point on CD. Let X be the area of △AED, Y be the area of △BCE, and Z be the area of △ABE, and suppose that$Y^2$$=$XZ. What is the value of DE? EC$\sqrt$$\sqrt$$\sqrt$"
762bdi,The area of a$s\sqrt{quare}$with diagonal 8 is$\sqrt$
763bdj,"For how many integers m, with 10$\le$m$\le$100, is$m^2+m-90$divisible by 17 ?"
764bdk,"Suppose the operation ∗ is defined on the set of integers by a∗b$=$a+2b. Then for every two integers a and b, the value of a∗(b∗a) is the same as"
765bdl,"Given that the vertex of the parabola y$=$$x^2$+8x+k is on the x-axis, what is the value of k ?"
766bdm,"John and Nancy live on the same street and often walk towards each other’s home. If they both leave their homes at 8:00 a.m., then they will meet at 8:04 a.m. If Nancy leaves her home at 8:00 a.m. but John does not leave his home until 8:03 a.m., then they will meet at 8:05 a.m. How many minutes does it take for John to walk all the way to Nancy’s home? Assume that each person walks at his or her own constant rate. (a)8minutes (b)9minutes (c)10minutes (d)11minutes"
767bdn,Which of these numbers is the largest?$\sqrt\sqrt$$\sqrt$$\sqrt$$\sqrt$$\sqrt$$\sqrt$$\sqrt$$\sqrt$$\sqrt$
768bdo,The graph of the equation$x^2-xy+x-y$$=$0 is
769bdp,"In a class of 100 students, there are 50 who play soccer, 45 who play basketball,$and^50whoplayvolleyball.$$Only^15ofthesestudentsplayallthreesports.$Everyone plays at least one of these sports. How many of the students play exactly two of these sports?"
770bdq,Whatisthesmallestnumberofseatsinalargeauditoriumthatmustbeoccupied in order to be certain that at least two people share the same first and last initials?
771bdr,The number of real solutions of the equation$|$x-2$|$+$|$x-3$|=$1 is
772bds,Suppose that only eight tiles are left in the scrabble bag and the letters on the tiles spell CALCULUS. How many ways (if the order of choosing doesn’t matter) can you choose two tiles?
773bdt,"Yannick has a total of$200 in his two pockets. He takes one fourth of the money in his left pocket and puts it in his right pocket. He then takes$20 from his left pocket and puts it in his right pocket. If he now has an equal amount of money in each pocket, then how much money did he originally have in his left pocket?"
774bdu,"A boat is traveling against the flow of a river. Suppose the river is flowing at a constant speed and the boat maintains a constant speed with respect to the river while traveling in either direction along the river, in other words, the boat would maintain a constant speed in still water. At a certain moment of time a blow-up ball falls off the boat and starts floating down the river. 20 minutes after the ball fell into the water this was noticed and the boat reversed its direction and started going down the river chasing the ball. How long was the ball in the water before it was retrieved?"
775bdv,It takes 3 hours filling a pool using two pipes. It takes 5 hours to fill the pool using only the larger pipe. How long does it take to fill the pool using only the smaller pipe?
776bdw,"In a certain football league, the only way to score is to kick a field goal for 3 points or score a touchdown for 7 points. Thus the scores such as 1, 4 and 8 are not possible. How many positive scores are not possible?"
777bdx,"For all x such that x ̸$=$2; (cid:0)2;0, what is (cid:0)24 + 1 equal to? 5$4x+8x^2(cid$:$0)5x^3$2(cid:0)x"
778bdy,For how many integers n between 1 and 100 does$x^2$+x-n factor into the product of two linear factors with integer coefficients?
779bdz,"On △ABC, point D lies on the segment AB, point E lies on BC, and point F lies on CA. If AD$=$BE$=$CF$=$2, and the area of △ABC equals 1, then what is DB EC FA 3 the area of △DEF? Note that the figure below is not drawn to the scale."
780bea,"When Alice entered the Forest of Forgetfulness, she forgot the day of the week. She met the Lion and the Unicorn resting under a tree. The Lion lies on Mondays, Tuesdays and Wednesdays and tells the truth on the other days of the week. The Unicorn, on the other hand, lies on Thursdays, Fridays, and Saturdays, but tells the truth on the other days of the week. They made the following statements: Lion: “Yesterday was one of my lying days.” Unicorn: “Yesterday was one of my lying days.” From these two statements, Alice was able to deduce the day of the week. What day was it?"
781beb,$Su\sqrt{ppose}$$tha\sqrt{t}$f(x)$=$$ax^2-$2 for some positive real number
782bec,"From a class of 12 students, 3 are chosen to form a math contest team. The team is required to include at least one boy and at least one girl. If exactly 160 different teams can be formed from the 12 students, then which of the following can be the difference between the number of boys and the number of girls in the class?"
783bed,An integer valued point in the xy plane is a point (a;b) where both a and b are integers. How many integer valued points are on or inside a circle of radius 4 centered at the origin?
784bee,Consider the points A(-5;-1);B(-1;0);C(1;2); and D(1;3). Let P be a point and let d$=$$PA^2$$+PB^2$$+PC^2$$+PD^2$so that d is the sum of the squares of the distances from P to each of A;B;C; and
785bef,"Suppose that ABCD is a rectangle, and that E is a point on CD. Let X be the area of △AED, Y be the area of △BCE, and Z be the area of △ABE, and suppose that$Y^2$$=$XZ. What is the value of DE? EC p p p"
786beg,The area of a$s\sqrt{quare}$with diagonal 8 is$\sqrt$
787beh,"For how many integers m, with 10$\le$m$\le$100, is$m^2+m-90$divisible by 17 ?"
788bei,The following inequalities hold for all positive integers n:$\sqrt$$\sqrt$$\sqrt$$\sqrt{1}$n+1- n$<$$\sqrt$$<$n- n-1: 4n+1 What is the greatest integer which is less than ∑24 1$\sqrt$? 4n+1$n=1$
789bej,Find the closest integer to a+b if 1 3 5 1005 a$=$+ + +:::+ 4 8 12 2012 and 5 7 9 1009 b$=$+ + +:::+ : 8 12 16 2016
790bek,"How many 4 digit numbers with first digit 2 have exactly one pair of two identical digits (like 2011, or 2012)?"
791bel,"Which of the following is an algebraic expression of sin(sin (cid:0)1x+cos(cid:0)1y), for -1$\le$x$\le$1 and -1$\le$y$\le$1?$\sqrt$$\sqrt$$\sqrt$$\sqrt$$\sqrt$$\sqrt$"
792bem,"The Bayes family has two cars. One of them has a 90% chance of starting on any given morning, and the other has an 80% chance. On any given morning, what is the probability that at least one of the cars will start?"
793ben,"In the sum below, the letter F$=$0, and the other letters represent the digits 1;2;3;4;5; or 6, with each digit used exactly once. The 2-digit integer AB is a prime number. What is the value of A+B ? AB + CD --- EFG"
794beo,Which of the following functions is the inverse to the function f(x)$=$$x^15$$-6x^10$$+12x^5$-8?$\sqrt$
795bep,"Afinitesequencea ;a ;:::;a ofintegersiscalledacurious sequence ifithastheproperty 0 1 n that for every k$=$0;1;2;:::;n, the number of times k appears in the sequence is a . For k example, a$=$1, a$=$2;a$=$1;a$=$0 forms a curious sequence. Let a ;a ;:::;a be a 0 1 2 3 ∑ 0 1 100 curious sequence. What is the value of the sum 100 a ?$k=0$k"
796beq,$sin^3(cid$:18)$=$?
797ber,"If f x$=$1 for all x ̸$=$0;1 and 0$<$(cid:18)$<$(cid:$25)=2,$then$f(sec^2(cid$:18))$=$x(cid:0)1 x"
798bes,The sum of all real numbers x such that (2x -4)3 +(4x -2)3$=$(4x +2x -6)3 is
799bet,"Let C be a point on the segmentAB. Consider the region shaded below, that is bounded by the three semicircles with diameters AC, AB and BC respectively. Let a, b and c be the lengths of AC, CB and CD, respectively. Then the area of the region is"
800beu,"In an isosceles triangle, the inscribed circle has radius 2. Another circle of radius 1 is tangent to the inscribed circle and the two equal sides. What is the area of the triangle?$\sqrt$$\sqrt$$\sqrt$"
801bev,Find the length of the third side of a triangle if the area of the triangle is 20 and two of its sides have lengths of 5 and 10.$\sqrt$$\sqrt$
802bew,"Nathan just aced his math test and he is hoping that his parents will reward him for his performance. Nathans parents decide that Nathan deserves a reward for his hard work; however, they like to add a little bit of chance to the reward. Nathans parents have 5 crisp new 5 dollar bills and 5 crisp new 10 dollar bills. They tell Nathan that he has to divide the bills into two groups. Nathans parents explain that after blindfolding Nathan they will place each group into a brown bag, after shuffling the bills. Then they will place one bag on the right hand side of a table and one on the left hand side of the table. He will choose one of the bags without examining them and then he will reach in and grab one of the bills. What is the highest probability of picking a 10 dollar bill that Nathan can achieve among all possible groupings of the bills?"
803bex,$Howmanywaysaretheretochoose^4differentnumbersfromtheset{1$;2;3;4;5;6;7;8;9;10} so that no two of the 4 numbers are consecutive?
804bey,"If x;y$>$0, log x+log y$=$10 and xy$=$144, then x+y$=$$\sqrt{y}$x 3$\sqrt{2}$"
805bez,How many real numbers x satisfy the following equation 3+ 3+ 3+x$=$x?
806bfa,What is the coefficient of$x^18$in the polynomial (1+x)20 +x(1+x)19$+x^2(1+x)18$+:::$+x^18(1+x)2$?
807bfb,Let f(x) be a function such that f(x)+f( 1 )$=$x for all x not equal to 0 or 1. What 1(cid:0)x is the value of f(2)?
808bfc,Let a;b; and c be the three roots of$x^3$-64x-14. What is the value of$a^3$$+b^3$$+c^3$?
809bfd,Let △ABC be an equilateral triangle whose side is of length 1 inch. Let P be a point inside the triangle △ABC. Find the sum of the distances of P to the sides of the triangle △ABC. p p$\sqrt{p}$
810bfe,For how many integers n between 1 and 100 does$x^2$+x-n factor into the product of two linear factors with integer coefficients?
811bff,"Two$in\sqrt{tersecting}$circles each have radius 6, and the distance between the centers of the circles is 6$3\sqrt.$Find the area of$t\sqrt{he}$region that lies$ins\sqrt{ide}$both circles.$\sqrt$"
812bfg,"Suppose 0$\le$a$<$n for i$=$0;1;2;:::;r. The number (a a :::a a ) represents the i r r(cid:0)1 1 0 n number a nr +:::+a n+a in base n. For example, (102) is the base 13 representation r 1 0 13 of$1\cdot132$$+0\cdot131$$+2\cdot130$$=$132 +2$=$171. In which bases n is (11) a perfect square? n"
813bfh,The following inequalities hold for all positive integers n:$\sqrt$$\sqrt$$\sqrt$$\sqrt{1}$n+1- n$<$$\sqrt$$<$n- n-1: 4n+1 What is the greatest integer which is less than ∑24 1$\sqrt$? 4n+1$n=1$
814bfi,Find the closest integer to a+b if 1 3 5 1005 a$=$+ + +:::+ 4 8 12 2012 and 5 7 9 1009 b$=$+ + +:::+ : 8 12 16 2016
815bfj,"How many 4 digit numbers with first digit 2 have exactly one pair of two identical digits (like 2011, or 2012)?"
816bfk,"Which of the following is an algebraic expression of sin(sin (cid:0)1x+cos(cid:0)1y), for -1$\le$x$\le$1 and -1$\le$y$\le$1?$\sqrt$$\sqrt$$\sqrt$$\sqrt$$\sqrt$$\sqrt$"
817bfl,"The Bayes family has two cars. One of them has a 90% chance of starting on any given morning, and the other has an 80% chance. On any given morning, what is the probability that at least one of the cars will start?"
818bfm,"In the sum below, the letter F$=$0, and the other letters represent the digits 1;2;3;4;5; or 6, with each digit used exactly once. The 2-digit integer AB is a prime number. What is the value of A+B ? AB + CD --- EFG"
819bfn,Which of the following functions is the inverse to the function f(x)$=$$x^15$$-6x^10$$+12x^5$-8?$\sqrt$
820bfo,"Afinitesequencea ;a ;:::;a ofintegersiscalledacurious sequence ifithastheproperty 0 1 n that for every k$=$0;1;2;:::;n, the number of times k appears in the sequence is a . For k example, a$=$1, a$=$2;a$=$1;a$=$0 forms a curious sequence. Let a ;a ;:::;a be a 0 1 2 3 ∑ 0 1 100 curious sequence. What is the value of the sum 100 a ?$k=0$k"
821bfp,$sin^3(cid$:18)$=$?
822bfq,"If f x$=$1 for all x ̸$=$0;1 and 0$<$(cid:18)$<$(cid:$25)=2,$then$f(sec^2(cid$:18))$=$x(cid:0)1 x"
823bfr,The sum of all real numbers x such that (2x -4)3 +(4x -2)3$=$(4x +2x -6)3 is
824bfs,"Let C be a point on the segmentAB. Consider the region shaded below, that is bounded by the three semicircles with diameters AC, AB and BC respectively. Let a, b and c be the lengths of AC, CB and CD, respectively. Then the area of the region is"
825bft,"In an isosceles triangle, the inscribed circle has radius 2. Another circle of radius 1 is tangent to the inscribed circle and the two equal sides. What is the area of the triangle?$\sqrt$$\sqrt$$\sqrt$"
826bfu,Find the length of the third side of a triangle if the area of the triangle is 20 and two of its sides have lengths of 5 and 10.$\sqrt$$\sqrt$
827bfv,"Nathan just aced his math test and he is hoping that his parents will reward him for his performance. Nathans parents decide that Nathan deserves a reward for his hard work; however, they like to add a little bit of chance to the reward. Nathans parents have 5 crisp new 5 dollar bills and 5 crisp new 10 dollar bills. They tell Nathan that he has to divide the bills into two groups. Nathans parents explain that after blindfolding Nathan they will place each group into a brown bag, after shuffling the bills. Then they will place one bag on the right hand side of a table and one on the left hand side of the table. He will choose one of the bags without examining them and then he will reach in and grab one of the bills. What is the highest probability of picking a 10 dollar bill that Nathan can achieve among all possible groupings of the bills?"
828bfw,$Howmanywaysaretheretochoose^4differentnumbersfromtheset{1$;2;3;4;5;6;7;8;9;10} so that no two of the 4 numbers are consecutive?
829bfx,"If x;y$>$0, log x+log y$=$10 and xy$=$144, then x+y$=$$\sqrt{y}$x 3$\sqrt{2}$"
830bfy,How many real numbers x satisfy the following equation 3+ 3+ 3+x$=$x?
831bfz,What is the coefficient of$x^18$in the polynomial (1+x)20 +x(1+x)19$+x^2(1+x)18$+:::$+x^18(1+x)2$?
832bga,Let f(x) be a function such that f(x)+f( 1 )$=$x for all x not equal to 0 or 1. What 1(cid:0)x is the value of f(2)?
833bgb,Let a;b; and c be the three roots of$x^3$-64x-14. What is the value of$a^3$$+b^3$$+c^3$?
834bgc,Let △ABC be an equilateral triangle whose side is of length 1 inch. Let P be a point inside the triangle △ABC. Find the sum of the distances of P to the sides of the triangle △ABC. p p$\sqrt{p}$
835bgd,For how many integers n between 1 and 100 does$x^2$+x-n factor into the product of two linear factors with integer coefficients?
836bge,"Two$in\sqrt{tersecting}$circles each have radius 6, and the distance between the centers of the circles is 6$3\sqrt.$Find the area of$t\sqrt{he}$region that lies$ins\sqrt{ide}$both circles.$\sqrt$"
837bgf,"Suppose 0$\le$a$<$n for i$=$0;1;2;:::;r. The number (a a :::a a ) represents the i r r(cid:0)1 1 0 n number a nr +:::+a n+a in base n. For example, (102) is the base 13 representation r 1 0 13 of$1\cdot132$$+0\cdot131$$+2\cdot130$$=$132 +2$=$171. In which bases n is (11) a perfect square? n"
838bgg,"If 2x$=$2(1612)+2(816), what is the value of x?"
839bgh,"Suppose the operation ∗ is defined on the set of integers by a∗b$=$1-a-b. Then for every two integers a and b, the value of a∗(a∗b) is the same as"
840bgi,"Determine all values of k, with k ̸$=$0, for which the parabola y$=$$kx^2$+(5k + 3)x+(6k+5) has its vertex on the x-axis."
841bgj,Nana and Boris took the Math Olympics Contest. If we double Nana’s score we get 60 more than Boris’s score. If we double Boris’s score we get 90 more than Nana’s score. Determine the average of their two scores.
842bgk,The units digit in the product (52+1)(53+1)(523+1) is
843bgl,The number of integers x for which the value of -6 is an integer is x+1
844bgm,"On Monday, 10% of the students at SVSU were absent and 90% were present. On Tuesday, 10% of those who were absent on Monday were present and the rest of those absent on Monday were still absent. Also, 10% of those who were present on Monday were absent and the rest of those present on Monday were still present. What percentage of the students at SVSU were present on Tuesday?"
845bgn,Let n be the smallest positive integer whose digits have a product of 2000. The sum of the digits of n is
846bgo,Find the sum of all values of x that satisfy$|x+1|+3|x-2|+5|x-4|$$=$20.
847bgp,"You have 10 coins, all of different weights and you can weigh them only in pairs in a two-pan balance. What is the minimal numbers of weighings needed to find the heaviest coin?"
848bgq,"In his last will, a farmer asked that his horses be distributed among his four sons. The oldest was to get one third of the herd, the second oldest, one fourth of the herd, and each of the two youngest ones was to get one fifth of the herd. When the sons read the will, they were puzzled because none of them were going to get an integer number of horses. At that moment, they discovered that a baby horse had just been born. Each son would receive an integer number of horses, but the baby horse would be left over. How many horses did the farmer have originally?"
849bgr,"An athlete covers three consecutive miles by swimming the first, running the second and cycling the third. He runs twice as fast as he swims and cycles one and a half times as fast as he runs. He takes ten minutes longer than he would if he had cycled the whole three miles. How many minutes does he take?"
850bgs,"Given that a(and b)a(re pos)itive real numbers with a + b$=$4, what is the minimum value of 1+ 1 1+ 1 ? a b"
851bgt,"You own eleven pairs of socks, all different, and all of the socks are individually jumbled in a drawer. One morning you rummage through the drawer and continue to pull out socks until you have a matching pair. How many socks must you pull out to guarantee having a matching pair?"
852bgu,"Given that f(x)$=$$(x^5$$-1)(x^3$+1);g(x)$=$$(x^2$$-1)(x^2$-x+1), and h(x) is a polynomial such that f(x)$=$g(x)h(x), what is the value of h(1)?"
853bgv,The set of all x such that$(|x|-2)(1+x)$$>$0 is exactly 5 SVSU 2014 Math Olympics Solutions Level I-page 6 of 9
854bgw,"A doll that is 4 inches tall represents a 64 inch person. A doll house is to be made using the same scaling factor that is an exact model of a real house. If a rectangular rug in the real house has an area of$32ft^2,$what size will the rug be in the doll house?"
855bgx,"Suppose that f(x)$=$ax + b where a and b are real numbers. Given that f(f(f(x)))$=$8x+21, what is the value of a+b?"
856bgy,"Curt’s car gets 3 more miles per gallon during highway driving than it does during city driving. On a recent trip, Curt drove 136 miles on the highway and 155 miles in the city, using a total of 9 gallons of gasoline. How many miles per gallon does Curt’s car get during city driving?"
857bgz,"The area bounded by two concentric circles is 5(cid:25) square centimeters. The difference between the radii of the circles is 1 centimeter. What is the radius of the smaller circle, in centimeters?"
858bha,"Point A on a coordinate plane has coordinates (2;0). Point B lies in the first quadrant on the line x-y$=$1. If the distance from point A to point B is 5 units,$wha\sqrt{t}$is the sum of the coordinates of point B?"
859bhb,"In the diagram, the perimeter of the semicircular region is 20. (The perimeter includes both the semicircular arc and the diameter.) The area of the region is ( ) ( ) 2 2"
860bhc,The area of a circle circumscribed about a regular hexagon is 200(cid:25). What is the area of the hexagon? 8 SVSU 2014 Math Olympics Solutions Level I-page 9 of 9$\sqrt$$\sqrt$$\sqrt$
861bhd,For how many integers n is the value of n the square of an integer? 50-n
862bhe,"If 2x$=$2(1612)+2(816), what is the value of x?"
863bhf,"Suppose the operation ∗ is defined on the set of integers by a∗b$=$1-a-b. Then for every two integers a and b, the value of a∗(a∗b) is the same as"
864bhg,"Determine all values of k, with k ̸$=$0, for which the parabola y$=$$kx^2+(5k+3)x+(6k+5)$has its vertex on the x-axis."
865bhh,Nana and Boris took the Math Olympics Contest. If we double Nana’s score we get 60 more than Boris’s score. If we double Boris’s score we get 90 more than Nana’s score. Determine the average of their two scores.
866bhi,The units digit in the product (52+1)(53+1)(523+1) is
867bhj,The number of integers x for which the value of (cid:0)6 is an integer is x+1
868bhk,"On Monday, 10% of the students at SVSU were absent and 90% were present. On Tuesday, 10% of those who were absent on Monday were present and the rest of those absent on Monday were still absent. Also, 10% of those who were present on Monday were absent and the rest of those present on Monday were still present. What percentage of the students at SVSU were present on Tuesday?"
869bhl,Let n be the smallest positive integer whose digits have a product of 2000. The sum of the digits of n is
870bhm,Find the sum of all values of x that satisfy$|x+1|+3|x-2|+5|x-4|$$=$20.
871bhn,"You have 10 coins, all of different weights and you can weigh them only in pairs in a two-pan balance. What is the minimal numbers of weighings needed to find the heaviest coin?"
872bho,"In his last will, a farmer asked that his horses be distributed among his four sons. The oldest was to get one third of the herd, the second oldest, one fourth of the herd, and each of the two youngest ones was to get one fifth of the herd. When the sons read the will, they were puzzled because none of them were going to get an integer number of horses. At that moment, they discovered that a baby horse had just been born. Each son would receive an integer number of horses, but the baby horse would be left over. How many horses did the farmer have originally?"
873bhp,"An athlete covers three consecutive miles by swimming the first, running the second and cycling the third. He runs twice as fast as he swims and cycles one and a half times as fast as he runs. He takes ten minutes longer than he would if he had cycled the whole three miles. How many minutes does he take?"
874bhq,"Given that a(and b)a(re pos)itive real numbers with a + b$=$4, what is the minimum value of 1+ 1 1+ 1 ? a b"
875bhr,"You own eleven pairs of socks, all different, and all of the socks are individually jumbled in a drawer. One morning you rummage through the drawer and continue to pull out socks until you have a matching pair. How many socks must you pull out to guarantee having a matching pair?"
876bhs,"Given that f(x)$=$$(x^5$$-1)(x^3$+1);g(x)$=$$(x^2$$-1)(x^2$-x+1), and h(x) is a polynomial such that f(x)$=$g(x)h(x), what is the value of h(1)?"
877bht,The set of all x such that$(|x|-2)(1+x)$$>$0 is exactly
878bhu,"A doll that is 4 inches tall represents a 64 inch person. A doll house is to be made using the same scaling factor that is an exact model of a real house. If a rectangular rug in the real house has an area of$32ft^2,$what size will the rug be in the doll house?"
879bhv,"Suppose that f(x)$=$ax + b where a and b are real numbers. Given that f(f(f(x)))$=$8x+21, what is the value of a+b?"
880bhw,"Curt’s car gets 3 more miles per gallon during highway driving than it does during city driving. On a recent trip, Curt drove 136 miles on the highway and 155 miles in the city, using a total of 9 gallons of gasoline. How many miles per gallon does Curt’s car get during city driving?"
881bhx,"The area bounded by two concentric circles is 5(cid:25) square centimeters. The difference between the radii of the circles is 1 centimeter. What is the radius of the smaller circle, in centimeters?"
882bhy,"Point A on a coordinate plane has coordinates (2;0). Point B lies in the first quadrant on the line x-y$=$1. If the distance from point A to point B is 5 units,$wha\sqrt{t}$is the sum of the coordinates of point B?"
883bhz,"In the diagram, the perimeter of the semicircular region is 20. (The perimeter includes both the semicircular arc and the diameter.) The area of the region is ( ) ( ) 2 2"
884bia,The area of a circle circumscribed about a regular hexagon is 200(cid:25). What is the$area\sqrt{of}$the hexagon?$\sqrt$$\sqrt$
885bib,For how many integers n is the value of n the square of an integer? 50(cid:0)n
886bic,"Define a function f by f(0)$=$c, f(-101)$=$-25348 and f(n-1)$=$f(n)+5n-1 for any integer n ( for example, f(-1)$=$f(0)-1). The value of c$=$?"
887bid,"Letf(x,y)bedefinedbyf(x,0)$=$xandf(x,y+1)$=$f(f(x,y),y): whichofthefollowing is the largest?"
888bie,"How many integers can be expressed as a sum of three distinct numbers chosen from the set {4,7,10,13,...,46}?"
889bif,"How many solutions does the equation$sin(x)sin(2x)sin(3x)\cdot\cdot\cdotsin(11x)sin(12x)$$=$0 have in the interval (0,\pi]?"
890big,Six tickets numbered 1 through 6 are placed in a box. Two tickets are randomly selected and removed together. What is the probability that the smaller of the two numbers on the tickets selected is less than or equal to 4?
891bih,It is known that ∞ 1$=$(cid:25)2. What is the value of ∞ 1 ?$n=1$$n^2$6$n=1$(2n-1)2
892bii,"If f(x) satisfies 2f(x)+f(1-x)$=$$x^2$for all x, then f(x)$=$"
893bij,"If Sam and Peter are among 6 men who are seated at random in a row, the probability that exactly 2 men are seated between them is"
894bik,"If 1 -tanx$=$3, what is value of sinx? cosx"
895bil,Define f(x)$=$$sin^6x+cos^6x+k(sin^4x+cos^4x)$for some real number k. Then the value of k for which f(x) is constant for all values of x is
896bim,"The function f(x) satisfies the equation f(x)$=$f(x-1)+f(x+1) for all values of x. If f(1)$=$1 and f(2)$=$3, what is the value of f(2014)?"
897bin,"In the diagram, the circle and the square have the same center O and equal areas. The circle has radius 1 and intersects one side of the square at P and Q. What is the length of PQ? 5 SVSU 2014 Math Olympics Solution Level II-page 6 of 12$\sqrt$$\sqrt$$\sqrt$$\sqrt$"
898bio,"In the figure, ABC is a quarter of a circular pizza with center A and radius 20 cm. The piece of pizza is placed on a circular pan with A,B and C touching the circumference of the pan, as shown. What fraction of the pan is covered by the piece of pizza?$\sqrt$$\sqrt$"
899bip,"A right triangle ABC is given. Semicircles are constructed with the sides of the triangle as diameters, as shown below. Suppose the area of the largest semicircle is 36 and the area of the smallest one is 16. What is the area of the other one?"
900biq,How many positive integers less than 1000 have only odd digits?
901bir,"The tips of a five-pointed star are to be painted red, white and blue. How many ways can this be done if no adjacent points can be the same color?"
902bis,"If x$>$0, x ̸$=$1, a$=$log (x) and b$=$log (7), what is log (x)? 2 x 14"
903bit,"Suppose that a,b,c, and d are positive integers that satisfy the equations ac+bd$=$34 ad+bc$=$43 What is the value of a+b+c+d?"
904biu,What is the coefficient of$x^3$in the polynomial$(1+x+x^2)20$?
905biv,"Suppose f(x)$=$ax + b and a and b are real numbers. We define f (x)$=$f(x) and 1 f (x)$=$f(f (x)) for all positive integers n. If f (x)$=$128x + 381, what is the value of n+1 n 7 a+b?"
906biw,"Let a,b and c be real numbers which satisfy the three equations below. 1 1 1 -1 1 1 a+$=$, b+$=$, c+$=$. bc 5 ac 15 ab 3 What is the value of the quotient c-b? c-a"
907bix,Given are two parallel lines of distance 1 apart and a circle of radius 2. The circle is tangent to one of the$lines\sqrt{and}$cuts the other line. The area of the circular cap between the two parallel lines is a(cid:25) -b 3. Find the sum a+b of the two integers a and
908biy,The average of three consecutive multiples of 3 is
909biz,"Let AB and CD be two chords of a circle that intersect at a point P. Suppose that AP$=\sqrt^4,PB$$=$$6,CP\sqrt=$2,PD$=$12 and ∠$AP\sqrt{C}$$=$90◦. What is the radius of the circle?"
910bja,For how many integers n is the value of n is an integer? 50-n
911bjb,"Define a function f by f(0)$=$c, f(-101)$=$-25348 and f(n-1)$=$f(n)+5n-1 for any integer n ( for example, f(-1)$=$f(0)-1). The value of c$=$?"
912bjc,Letf(x;y)bedefinedbyf(x;0)$=$xandf(x;y+1)$=$f(f(x;y);y): whichofthefollowing is the largest?
913bjd,How many integers can be expressed as a sum of three distinct numbers chosen from the set {4;7;10;13;:::;46}?
914bje,How many solutions does the equation$sin(x)sin(2x)sin(3x)\cdot\cdot\cdotsin(11x)sin(12x)$$=$0 have in the interval (0;(cid:25)]?
915bjf,Six tickets numbered 1 through 6 are placed in a box. Two tickets are randomly selected and removed together. What is the probability that the smaller of the two numbers on the tickets selected is less than or equal to 4?
916bjg,It is known that ∞ 1$=$(cid:25)2. What is the value of ∞ 1 ?$n=1$$n^2$6$n=1$(2n-1)2
917bjh,"If f(x) satisfies 2f(x)+f(1-x)$=$$x^2$for all x, then f(x)$=$"
918bji,"If Sam and Peter are among 6 men who are seated at random in a row, the probability that exactly 2 men are seated between them is"
919bjj,"If 1 -tanx$=$3, what is value of sinx? cosx"
920bjk,Define f(x)$=$$sin^6x+cos^6x+k(sin^4x+cos^4x)$for some real number k. Then the value of k for which f(x) is constant for all values of x is
921bjl,"The function f(x) satisfies the equation f(x)$=$f(x-1)+f(x+1) for all values of x. If f(1)$=$1 and f(2)$=$3, what is the value of f(2014)?"
922bjm,"In the diagram, the circle and the square have the same center O and equal areas. The circle has radius 1 and intersects one side of the square at P and Q. What is the length of PQ?$\sqrt$$\sqrt$$\sqrt$$\sqrt$"
923bjn,"In the figure, ABC is a quarter of a circular pizza with center A and radius 20 cm. The piece of pizza is placed on a circular pan with A;B and C touching the circumference of the pan, as shown. What fraction of the pan is covered by the piece of pizza?$\sqrt$$\sqrt$"
924bjo,"A right triangle ABC is given. Semicircles are constructed with the sides of the triangle as diameters, as shown below. Suppose the area of the largest semicircle is 36 and the area of the smallest one is 16. What is the area of the other one?"
925bjp,How many positive integers less than 1000 have only odd digits?
926bjq,"The tips of a five-pointed star are to be painted red, white and blue. How many ways can this be done if no adjacent points can be the same color?"
927bjr,"If x$>$0, x ̸$=$1, a$=$log (x) and b$=$log (7), what is log (x)? 2 x 14"
928bjs,Suppose that a;b;c; and d are positive integers that satisfy the equations ac+bd$=$34 ad+bc$=$43 What is the value of a+b+c+d?
929bjt,What is the coefficient of$x^3$in the polynomial$(1+x+x^2)20$?
930bju,"Suppose f(x)$=$ax + b and a and b are real numbers. We define f (x)$=$f(x) and 1 f (x)$=$f(f (x)) for all positive integers n. If f (x)$=$128x + 381, what is the value of n+1 n 7 a+b?"
931bjv,Let a;b and c be real numbers which satisfy the three equations below. 1 1 1 -1 1 1 a+$=$; b+$=$; c+$=$: bc 5 ac 15 ab 3 What is the value of the quotient c-b? c-a
932bjw,Given are two parallel lines of distance 1 apart and a circle of radius 2. The circle is tangent to one of the$lines\sqrt{and}$cuts the other line. The area of the circular cap between the two parallel lines is a(cid:25) -b 3. Find the sum a+b of the two integers a and
933bjx,The average of three consecutive multiples of 3 is
934bjy,Let AB and CD be two chords of a circle that intersect at a point P. Suppose that AP$=\sqrt^4$;PB$=$6;$CP\sqrt=$2;PD$=$12 and$\AP\sqrt{C}$$=$90◦. What is the radius of the circle?
935bjz,For how many integers n is the value of n is an integer? 50-n
936bka,The value of$\sqrt{6}$is (cid:16)$\sqrt$$\sqrt$(cid:17)2 9- 3$\sqrt$$\sqrt$$\sqrt$(a)1 (b)3- 3 (c)3+ 3
937bkb,Suppose that f(n)$=$2f(n+1)-f(n-1) for all integers n and f(1)$=$4 and f(-1)$=$2. Evaluate f(2).
938bkc,"Which of the following equations describes the set of all points (x,y) such that the product of the distance from (x,y) to (-2,0) and the distance from (x,y) to (2,0) is 4?"
939bkd,"The average of three positive integers is 28. When two additional integers, s and t, are included, the average of all five integers is 34. What is the average of s and t?"
940bke,What is the largest prime divisor of 217-32?
941bkf,What is the smallest positive integer p for which$23\times^5\timesp$is an integer?
942bkg,"25 friends are going to order pizza. 7 of the friends like pepperoni on their pizza,$4ofthose^7likebothpepperoniandmushrooms,while^3ofthose^4likeolivesaswell.$A total of 8 of the friends like mushrooms, and of those 8, 2 of them like mushrooms and olives but no pepperoni. Only 1 person likes only olives. How many of the friends like none of olives, pepperoni, and mushrooms on their pizza?"
943bkh,"A bullet is fired at a target at a speed of 100 m/sec. 9 seconds later the sound of the bullet hitting the target comes back to the person firing the shot. If we take the speed of sound to be approximately 350 m/sec, how far away is the target?"
944bki,"If f(x)$=$$x^2+1,$then f (cid:0)1(cid:1) is equal to:$x^2-1$x"
945bkj,A standard playing card deck has 52 cards made up of 4 different suits with 13 kinds of cards (numbered 1 or ”ace” through 10 and three face cards) in each suit. What is the minimum number of cards that must be drawn from a randomly shuffled deck in order to be sure of getting three cards of the same suit?
946bkk,Maureen runs a catering service where she gives parties for a flat rate of$600 for 50 guests or less. For any 5 guests over 50 the rate drops by 50 cents per person. What number of guests will maximize her revenue?
947bkl,"A chemist has three bottles, each containing a mixture of acid and water: bottle A contains 40 g of which 10% is acid, bottle B contains 50 g of which 20% is acid, and bottle C contains 50 g of which 30% is acid. She uses some of the mixture from each of the bottles to create a mixture with mass 60 g of which 25% is acid. Thenshemixestheremainingcontentsofthebottlestocreateanewmixture. What percentage of the new mixture is acid?"
948bkm,"Four years ago, Diane was three times as old as Jean was. In five years, Diane will be twice as old as Jean will be. What is the sum of the ages of Diane and Jean?"
949bkn,"Seven women and seven men attend a party. At this party, each man shakes hands with each other person once. Each woman shakes hands only with men. How many handshakes took place at the party?"
950bko,"Given that p(x)$=$$(x-1)(x^3+2x-3)+(x-5)(x^3+2x-3),$what is the sum of the real solutions of p(x)$=$0?"
951bkp,"Given that (x,y) satisfies$x^2$+$y^2$$=$9, what is the largest possible value of$x^2+3y^2+4x$?"
952bkq,"Mr. and Mrs. Alpha, Mr. and Mrs. Beta, and Mr. and Mrs. Gamma are standing in a line. How many ways are there line them up so that none of them are standing next to their spouse?"
953bkr,"The sides of a right triangle are a,2a + 2d and 2a + 3d, with a and d both positive. The ratio of a to d is:"
954bks,Let f be a function defined on positive integers that satisfies f(k+2)$=$4f(k). Which of the following could be an equation of f?
955bkt,"The midpoints of the sides of a triangle are (1,1),(4,3), and (3,5). Find the area of the triangle."
956bku,"The side lengths of an equilateral triangle and a square are integers. If the triangle and the square have the same perimeter, which of the following is a possible side length of the triangle?"
957bkv,"If f(x)$=$$ax^2+bx+c$, and if the y-intercept of f is 1 and the x-intercepts of f are 2 and 3, then a+b+c$=$"
958bkw,"In the diagram, the rectangle is divided into nine smaller rectangles. The areas of five of these rectangles are given. Determine the area of the rectangle labelled R. 3 1 2 R 5 10"
959bkx,"In the diagram, AB and BC are chords of the circle with AB$<$BC. If D is the point on the circle such that AD is perpendicular to BC and E is the point on the circle such that DE is parallel to BC, what is ∠EAC +∠ABC$=$? A B F D E C"
960bky,"For how many integers n, with 2$\le$n$\le$80, is equal to an integer? 8"
961bkz,The value of$\sqrt{6}$is (cid:16)$\sqrt$$\sqrt$(cid:17)2 9- 3$\sqrt$$\sqrt$$\sqrt$(a)1 (b)3- 3 (c)3+ 3
962bla,Suppose that f(n)$=$2f(n+1)-f(n-1) for all integers n and f(1)$=$4 and f(-1)$=$2. Evaluate f(2).
963blb,"Which of the following equations describes the set of all points (x,y) such that the product of the distance from (x,y) to (-2,0) and the distance from (x,y) to (2,0) is 4?"
964blc,"The average of three positive integers is 28. When two additional integers, s and t, are included, the average of all five integers is 34. What is the average of s and t?"
965bld,What is the largest prime divisor of 217-32?
966ble,What is the smallest positive integer p for which$23\times^5\timesp$is an integer?
967blf,"25 friends are going to order pizza. 7 of the friends like pepperoni on their pizza,$4ofthose^7likebothpepperoniandmushrooms,while^3ofthose^4likeolivesaswell.$A total of 8 of the friends like mushrooms, and of those 8, 2 of them like mushrooms and olives but no pepperoni. Only 1 person likes only olives. How many of the friends like none of olives, pepperoni, and mushrooms on their pizza?"
968blg,"A bullet is fired at a target at a speed of 100 m/sec. 9 seconds later the sound of the bullet hitting the target comes back to the person firing the shot. If we take the speed of sound to be approximately 350 m/sec, how far away is the target?"
969blh,"If f(x)$=$$x^2+1,$then f (cid:0)1(cid:1) is equal to:$x^2-1$x"
970bli,A standard playing card deck has 52 cards made up of 4 different suits with 13 kinds of cards (numbered 1 or ”ace” through 10 and three face cards) in each suit. What is the minimum number of cards that must be drawn from a randomly shuffled deck in order to be sure of getting three cards of the same suit?
971blj,Maureen runs a catering service where she gives parties for a flat rate of$600 for 50 guests or less. For any 5 guests over 50 the rate drops by 50 cents per person. What number of guests will maximize her revenue?
972blk,"A chemist has three bottles, each containing a mixture of acid and water: bottle A contains 40 g of which 10% is acid, bottle B contains 50 g of which 20% is acid, and bottle C contains 50 g of which 30% is acid. She uses some of the mixture from each of the bottles to create a mixture with mass 60 g of which 25% is acid. Thenshemixestheremainingcontentsofthebottlestocreateanewmixture. What percentage of the new mixture is acid?"
973bll,"Four years ago, Diane was three times as old as Jean was. In five years, Diane will be twice as old as Jean will be. What is the sum of the ages of Diane and Jean?"
974blm,"Seven women and seven men attend a party. At this party, each man shakes hands with each other person once. Each woman shakes hands only with men. How many handshakes took place at the party?"
975bln,"Given that p(x)$=$$(x-1)(x^3+2x-3)+(x-5)(x^3+2x-3),$what is the sum of the real solutions of p(x)$=$0?"
976blo,"Given that (x,y) satisfies$x^2$+$y^2$$=$9, what is the largest possible value of$x^2+3y^2+4x$?"
977blp,"Mr. and Mrs. Alpha, Mr. and Mrs. Beta, and Mr. and Mrs. Gamma are standing in a line. How many ways are there line them up so that none of them are standing next to their spouse?"
978blq,"The sides of a right triangle are a,2a + 2d and 2a + 3d, with a and d both positive. The ratio of a to d is:"
979blr,Let f be a function defined on positive integers that satisfies f(k+2)$=$4f(k). Which of the following could be an equation of f?
980bls,"The midpoints of the sides of a triangle are (1,1),(4,3), and (3,5). Find the area of the triangle."
981blt,"The side lengths of an equilateral triangle and a square are integers. If the triangle and the square have the same perimeter, which of the following is a possible side length of the triangle?"
982blu,"If f(x)$=$$ax^2+bx+c$, and if the y-intercept of f is 1 and the x-intercepts of f are 2 and 3, then a+b+c$=$"
983blv,"In the diagram, the rectangle is divided into nine smaller rectangles. The areas of five of these rectangles are given. Determine the area of the rectangle labelled R. 3 1 2 R 5 10"
984blw,"In the diagram, AB and BC are chords of the circle with AB$<$BC. If D is the point on the circle such that AD is perpendicular to BC and E is the point on the circle such that DE is parallel to BC, what is ∠EAC +∠ABC$=$? A B F D E C"
985blx,"For how many integers n, with 2$\le$n$\le$80, is equal to an integer? 8"
986bly,Let a n$=$$\sqrt{n}+1$1 +$\sqrt{n}$and let S n$=$a 1 +a 2 +a 3 +...+a n . Then S 99$=$?
987blz,Let f be a function defined on positive integers that satisfies f(k + 2)$=$4f(k) for all positive integers k. Which of the following could be an equation of f?
988bma,What is the largest prime divisor of 217 -32?
989bmb,"For all angles \theta,$sec^2\theta+csc^2\theta$$=$"
990bmc,"When a decimal point is placed between the digits of the two-digit integer n$=$AB, where A and B are digits of n, the resulting number is equal to the average of the digits of n. What is the value of n? A"
991bmd,The product 1- 1 1- 1 1- 1$\cdot\cdot\cdot$1- 1$=$? 22 32 42$n^2$
992bme,"Let f(x)$=$$x^2$-4x, x$\le$2. Which of the following gives the correct inverse function for f?$\sqrt$$\sqrt$$\sqrt$"
993bmf,"A bag contains 40 balls, each of which is green or red. Yan reaches into the bag and randomly removes two balls. Each ball in the bag is equally likely to be removed. If the probability that two green balls are removed is 5 , how many of the 40 balls are green? 12"
994bmg,"If f( x )$=$1 for all x (cid:$54)=$0,1, then$f(tan^2\theta)$$=$? 1-x x"
995bmh,sin 1 tan-1(-3)$=$2 4
996bmi,"Let a,b and c be real numbers such that a and c have the same sign, in addition assume that a,b and c are consecutive terms of a geometric sequence (that is, c$=$b). Then the b a graph of y$=$$ax^2$+bx+c is"
997bmj,"A regular polygon of m-sides is exactly enclosed (no overlaps, no gaps) by m regular polygons of N sides each. (Shown here for m$=$4, n$=$8.) If m$=$10, what is the value of n?"
998bmk,"A triangle is inscribed in one circle. The vertices of the triangle divide the circle into three arcs of lengths 3, 4, and 5. What is the area of the triangle? 3 r 5 r r 4$\sqrt$$\sqrt$$\sqrt$"
999bml,"A circle of radius r has chords AB of length 10 and CDof length 7. When AB and CD are extended through B and C, respectively, they intersect at P, which is outside the circle. If angle ∠APD$=$60◦ and BP$=$8, then$r^2$$=$? P C B D A"
1000bmm,"The left most digit of an integer of length 2000 digits is 3. In this integer, any two consecutive digits must be divisible by 17 or 23. The 2000th digit may be either ’a’ or ’b’. What is the value of a+b?"
1001bmn,"If a is chosen randomly from the set {1,2,3,4,5} and b is chosen randomly from the set {6,7,8}, what is the probability that ab is an even number?"
1002bmo,"Leta,b,c,d,...,z betwentysixpositiverealnumbers. log$b\cdotlog$$c\cdotlog$$d\cdot\cdot\cdotlog$zlog"
1003bmp,"The product of the digits of a four-digit number is 810. If none of the digits is repeated, the sum of the digits is"
1004bmq,The sum of all values of x that satisfy the equation$(x^2$-5x+5)$x^2+4x-60$$=$1 is
1005bmr,"Let f(x)$=$x-1 and let f(n)(x) denote the n-fold composition of f with itself. That is, x+1 f(1)(x)$=$f(x) and f(n)(x)$=$f(f(n-1)(x)). Which of the following is f(2015)(x)?"
1006bms,"If (2x -4x)2 +(2x +4x)2$=$144, what is x?"
1007bmt,The current in a river flows west at a rate of 1.5 ft/sec. A person who rows at a rate of 3 ft/sec in still water is on the south side of the river and wishes to row directly north across the river. In what direction should the person row?
1008bmu,The number of positive divisors of 18800 that are divisible by 235 is
1009bmv,"In the figure, (cid:52)ABC has AB$=$AC and ∠BAC$<$60◦. Point D is on AC with BC$=$BD. Point E is on AB with BE$=$ED. If ∠BAC$=$\theta, determine ∠BED in terms of \theta. A \theta D E B C"
1010bmw,"How many integers can be expressed as a sum of three distinct numbers chosen from the set {4,7,10,13,...,46}?"
1011bmx,"Suppose a is a fraction in the simplest form, where$0<a<b,$and$b=2855.$b Howmanydecimalplacesaretheretotherightofthedecimalpointinthedecimalexpansion of a? b"
1012bmy,Given that x+y$=-5$$x^2+y^2$$=73$find$x^3+y^3.$
1013bmz,How many rational roots does$x1000-x500+x100+x+1=0$have?
1014bna,"In 2015, one hundred students participated in a math competition, and 20% of them scored at least 20 points. In 2016, one hundred twenty students participated in the competition, and 25% of them scored at least 20 points. What was the percent increase in the number of students who scored at least 20 points in the competition between 2015 and 2016?"
1015bnb,Which of the following is a factor of$t^2-u^2+4t$+2u+3?
1016bnc,Which of the following is equal to the sum 2 2 2 2 +$+\cdot\cdot\cdot+$$+\cdot\cdot\cdot+$3 8$k^2-1$20162-1 (cid:0) (cid:1) 2 (20162-1)!+(20152-1)!$+\cdot\cdot\cdot+15$!+8!+3
1017bnd,(cid:117) (cid:116) 2$=$1-$\sqrt^1$2$\sqrt$$\sqrt$
1018bne,Georgewalksxmetersintwentyminutes. Ifhisrateremainsconstanthowmanymoremeters does he walk in the next thirteen minutes?
1019bnf,"Line 1 has intercepts (2,0) and (0,-3). Line 2 goes through the origin and has slope 1. What is the x coordinate of their point of intersection?"
1020bng,On which of the following intervals is it true that$|||x^2-1|||+|||x^2-9|||$is always equal to 8?
1021bnh,Shownisacubeandadiagonalonthetopfaceofthecubeandadiagonal on the front face of the cube. What is the acute angle between the two diagonals shown?
1022bni,Which of the following is equivalent to 1%?
1023bnj,What is the ones digit of 22016?
1024bnk,What is the acute angle formed by the hour and the minute hands of a correctly working analog clock at 7:24 pm?
1025bnl,"When we were preparing this test, we lost the question that went with these answers. Fortu- nately,sincetheremustbeexactlyonecorrectanswerforanyquestion,youcandecidewhich one answer below is true."
1026bnm,Suppose$-1<x<0.$Which of the following is always true?
1027bnn,"Tworhinosarechargingdirectlyateachotheratconstantspeedsofv andw feetpersecond, respectively. You foolishly approach them and start your stopwatch when they are d feet apart. Which expression gives the number of seconds before they collide?"
1028bno,Which of the following statements are true for all real numbers x? (cid:112) (cid:112) I.$x^2$$=x$III.$x^4$$=x^2$(cid:112) (cid:112) II.$3x^3$$=x$IV.$x^6$$=x^3$
1029bnp,"Given a triangle (cid:4)ABC, let G be the centroid of the triangle and l be a line not intersecting any of the sides of the triangle. If the distances of the vertices A, B and C to the line l are 5, 10 and 12 inches, respectively, what is the distance form G to l?"
1030bnq,Ma Pickle is used to measuring vinegar for her pickle recipe from her blue coffee cup. She usesoneandahalfbluecoffee-cupsworthofvinegar. Onedayshebreaksherbluecoffee-cup and has to use her red coffee-cup instead. The red coffee-cup is an exact scale model of the blue coffee cup. The blue cup was 5 inches tall and the red cup is 3 inches tall. How many red coffee-cups worth of vinegar will equal one and a half blue coffee-cups of vinegar? (We assume Ma Pickle is good at estimating fractions of cups worth of liquid.)
1031bnr,i1887+ 3-i$=$1-i
1032bns,"If f(x)$=$$ax^2+bx+c,$find b so that the graph of y$=$f(x) passes through the points (3,-4), (-1,12) and (2,-3)."
1033bnt,"In a monopoly market, the demand for a product is related to the price by the equation p$=$-3x+36,wherexisthenumberofunitsdemandedandsoldeachmonthandp isinhundreds of dollars. Revenue is given by price times the number of units sold. Profit is revenue minus cost.$ThemonthlycostfunctionisgivenbyC(x)=2x^2+6x+10.$Findthepricethatmaximizes profit."
1034bnu,"$Aninsurancecompanyestimatesthat^40$%ofpolicyholderswhohaveonlyanautopolicywill renew next year and 60% of policyholders who have only a homeowners policy will renew next year. The company estimates that 80% of policyholders who have both an auto and homeowners policies will renew at least one of those policies next year. Company records show that 65% of policyholders have an auto policy, 50% of policyholders have a homeowners policy, and 15% of policyholders have both an auto and homeowners policy. Using the company's estimates, calculate the percentage of policyholders that will renew at least one policy next year."
1035bnv,Thirty items are arranged in a 6-by-5 array as shown: A A A A A 1 2 3 4 5 A A A A A 6 7 8 9 10 A A A A A 11 12 13 14 15 A A A A A 16 17 18 19 20 A A A A A 21 22 23 24 25 A A A A A 26 27 28 29 30 What is the number of ways to form a set of three distinct items such that no two selected items are in the same row or column?
1036bnw,"Suppose a is a fraction in the simplest form, where$0<a<b,$and$b=2855.$b Howmanydecimalplacesaretheretotherightofthedecimalpointinthedecimalexpansion of a? b"
1037bnx,Given that x+y$=-5$$x^2+y^2$$=73$find$x^3+y^3.$
1038bny,How many rational roots does$x1000-x500+x100+x+1=0$have?
1039bnz,"In 2015, one hundred students participated in a math competition, and 20% of them scored at least 20 points. In 2016, one hundred twenty students participated in the competition, and 25% of them scored at least 20 points. What was the percent increase in the number of students who scored at least 20 points in the competition between 2015 and 2016?"
1040boa,Which of the following is a factor of$t^2-u^2+4t$+2u+3?
1041bob,Which of the following is equal to the sum 2 2 2 2 +$+\cdot\cdot\cdot+$$+\cdot\cdot\cdot+$3 8$k^2-1$20162-1 (cid:0) (cid:1) 2 (20162-1)!+(20152-1)!$+\cdot\cdot\cdot+15$!+8!+3
1042boc,(cid:117) (cid:116) 2$=$1-$\sqrt^1$2$\sqrt$$\sqrt$
1043bod,Georgewalksxmetersintwentyminutes. Ifhisrateremainsconstanthowmanymoremeters does he walk in the next thirteen minutes?
1044boe,"Line 1 has intercepts (2,0) and (0,-3). Line 2 goes through the origin and has slope 1. What is the x coordinate of their point of intersection?"
1045bof,On which of the following intervals is it true that$|||x^2-1|||+|||x^2-9|||$is always equal to 8?
1046bog,Shownisacubeandadiagonalonthetopfaceofthecubeandadiagonal on the front face of the cube. What is the acute angle between the two diagonals shown?
1047boh,Which of the following is equivalent to 1%?
1048boi,What is the ones digit of 22016?
1049boj,What is the acute angle formed by the hour and the minute hands of a correctly working analog clock at 7:24 pm?
1050bok,"When we were preparing this test, we lost the question that went with these answers. Fortu- nately,sincetheremustbeexactlyonecorrectanswerforanyquestion,youcandecidewhich one answer below is true."
1051bol,Suppose$-1<x<0.$Which of the following is always true?
1052bom,"Tworhinosarechargingdirectlyateachotheratconstantspeedsofv andw feetpersecond, respectively. You foolishly approach them and start your stopwatch when they are d feet apart. Which expression gives the number of seconds before they collide?"
1053bon,Which of the following statements are true for all real numbers x? (cid:112) (cid:112) I.$x^2$$=x$III.$x^4$$=x^2$(cid:112) (cid:112) II.$3x^3$$=x$IV.$x^6$$=x^3$
1054boo,"Given a triangle (cid:4)ABC, let G be the centroid of the triangle and l be a line not intersecting any of the sides of the triangle. If the distances of the vertices A, B and C to the line l are 5, 10 and 12 inches, respectively, what is the distance form G to l?"
1055bop,Ma Pickle is used to measuring vinegar for her pickle recipe from her blue coffee cup. She usesoneandahalfbluecoffee-cupsworthofvinegar. Onedayshebreaksherbluecoffee-cup and has to use her red coffee-cup instead. The red coffee-cup is an exact scale model of the blue coffee cup. The blue cup was 5 inches tall and the red cup is 3 inches tall. How many red coffee-cups worth of vinegar will equal one and a half blue coffee-cups of vinegar? (We assume Ma Pickle is good at estimating fractions of cups worth of liquid.)
1056boq,i1887+ 3-i$=$1-i
1057bor,"If f(x)$=$$ax^2+bx+c,$find b so that the graph of y$=$f(x) passes through the points (3,-4), (-1,12) and (2,-3)."
1058bos,"In a monopoly market, the demand for a product is related to the price by the equation p$=$-3x+36,wherexisthenumberofunitsdemandedandsoldeachmonthandp isinhundreds of dollars. Revenue is given by price times the number of units sold. Profit is revenue minus cost.$ThemonthlycostfunctionisgivenbyC(x)=2x^2+6x+10.$Findthepricethatmaximizes profit."
1059bot,"$Aninsurancecompanyestimatesthat^40$%ofpolicyholderswhohaveonlyanautopolicywill renew next year and 60% of policyholders who have only a homeowners policy will renew next year. The company estimates that 80% of policyholders who have both an auto and homeowners policies will renew at least one of those policies next year. Company records show that 65% of policyholders have an auto policy, 50% of policyholders have a homeowners policy, and 15% of policyholders have both an auto and homeowners policy. Using the company's estimates, calculate the percentage of policyholders that will renew at least one policy next year."
1060bou,Thirty items are arranged in a 6-by-5 array as shown: A A A A A 1 2 3 4 5 A A A A A 6 7 8 9 10 A A A A A 11 12 13 14 15 A A A A A 16 17 18 19 20 A A A A A 21 22 23 24 25 A A A A A 26 27 28 29 30 What is the number of ways to form a set of three distinct items such that no two selected items are in the same row or column?
1061bov,Find the value of the product 1- 1 1- 1 1- 1$\cdot\cdot\cdot$1- 1 . 22 32 42$n^2$
1062bow,"Let x and y be real numbers such that x+y$=$3, and$x^3$$+y^3$$=$117. What is the value of$x^2+y^2$?"
1063box,Whatistheexactvalueof (forallvaluesofα suchthattheaboveexpression sin(2α)cos(α) is defined)?
1064boy,Threefairdicearerolled. Whatistheprobabilitythattheproductofthethreeoutcomesisa prime number? Recall that 1 is not considered to be prime.
1065boz,What is the sum of the digits of all numbers from 1 to 1000?
1066bpa,"In order that 1651817N833536 equal 20164, the letter N should be replaced by the digit"
1067bpb,A trapezoid has bases a and
1068bpc,"The lengths of the legs of a right triangle are 15 and 20, respectively. What is the distance from the center of the circle inscribed in the triangle to the altitude of the triangle towards the hypotenuse?$\sqrt$$\sqrt$"
1069bpd,Simplify (cid:116) + - cosα for$0\le$α$\le^2\pi.$2 2 2 2 (cid:18) (cid:19) \pi α
1070bpe,$ln(tan^1$◦$)+ln(tan^2$◦$)+\cdot\cdot\cdot+ln(tan^88$◦$)+ln(tan^89$◦$)=$$\sqrt$
1071bpf,Find the sum of all positive 2 digit integers that are divisible by each of their digits.
1072bpg,Which of the following is not equal to sin-1$sin^46\pi$? 7
1073bph,"In the expansion of (cid:16)$x^3+$y (cid:17)15 , what is the exponent on y in the term that has no factors of$x^2$x?"
1074bpi,"When we were preparing this test, we lost the question that went with these answers. Fortu- nately,sincetheremustbeexactlyonecorrectanswerforanyquestion,youcandecidewhich one answer below is true."
1075bpj,log 9$\cdot$log$=$1 5 27 5
1076bpk,"If$sin^2\theta$$=$1, what is 72cos(2\theta)? 3"
1077bpl,"Find the number of solutions of the equation$log\sqrt$$(1+cosx)=2$2sinx on the interval [0,2\pi)."
1078bpm,Consider the four functions:$f(x)=log$x 7$g(x)=log$(-x) 7$h(x)=log$x 1 7$k(x)=log$(-x) 1 7$l(x)=-log$x 1 7 Which of these functions are increasing on their domain?
1079bpn,Let N$=223374.$How many factors of$N^2$are less than N but not factors of N?
1080bpo,Give the exact value of sin \pi . 10 (cid:112)$\sqrt$$\sqrt$(cid:112)$\sqrt$$\sqrt{10}+2$5 ( 5-1) 10+2 5 5-1
1081bpp,"An infinite string of digits is formed by writing odd numbers in a row in the following way: you start with one 1, followed by three 3's, then five 5's, seven 7's, then nine 9's, eleven 11's etc. The beginning of the string is 13335555577.... What is the 2016th digit in the string?"
1082bpq,The sum of the solutions of the equation:$2(2x)+16(2-x)=33$is
1083bpr,"AnumberX$ischosenatrandomfromthefirst100termsofthearithmeticsequence^2,5,8,...,$and another number Y is chosen at random from the first 100 terms of the arithmetic se- quence 3,7,11,.... Find P(X$=Y).$"
1084bps,"A writes to B and does not receive an answer. Assuming that one of every n letters sent is lost in the mail, find the probability that B received the letter. Assume that B would have answered the letter if he had received it. n n-1 1 n-1 n n-1"
1085bpt,"In a survey of customer satisfactions, participants are asked to give a score of 1, 2, 3, or 4 to each of 6 questions. If participants are instructed not to give the same numerical score to more than 4 questions, how many responses are possible?"
1086bpu,Find the value of the product 1- 1 1- 1 1- 1$\cdot\cdot\cdot$1- 1 . 22 32 42$n^2$
1087bpv,"Let x and y be real numbers such that x+y$=$3, and$x^3$$+y^3$$=$117. What is the value of$x^2+y^2$?"
1088bpw,Whatistheexactvalueof (forallvaluesofα suchthattheaboveexpression sin(2α)cos(α) is defined)?
1089bpx,Threefairdicearerolled. Whatistheprobabilitythattheproductofthethreeoutcomesisa prime number? Recall that 1 is not considered to be prime.
1090bpy,What is the sum of the digits of all numbers from 1 to 1000?
1091bpz,"In order that 1651817N833536 equal 20164, the letter N should be replaced by the digit"
1092bqa,A trapezoid has bases a and
1093bqb,"The lengths of the legs of a right triangle are 15 and 20, respectively. What is the distance from the center of the circle inscribed in the triangle to the altitude of the triangle towards the hypotenuse?$\sqrt$$\sqrt$"
1094bqc,Simplify (cid:116) + - cosα for$0\le$α$\le^2\pi.$2 2 2 2 (cid:18) (cid:19) \pi α
1095bqd,$ln(tan^1$◦$)+ln(tan^2$◦$)+\cdot\cdot\cdot+ln(tan^88$◦$)+ln(tan^89$◦$)=$$\sqrt$
1096bqe,Find the sum of all positive 2 digit integers that are divisible by each of their digits.
1097bqf,Which of the following is not equal to sin-1$sin^46\pi$? 7
1098bqg,"In the expansion of (cid:16)$x^3+$y (cid:17)15 , what is the exponent on y in the term that has no factors of$x^2$x?"
1099bqh,"When we were preparing this test, we lost the question that went with these answers. Fortu- nately,sincetheremustbeexactlyonecorrectanswerforanyquestion,youcandecidewhich one answer below is true."
1100bqi,log 9$\cdot$log$=$1 5 27 5
1101bqj,"If$sin^2\theta$$=$1, what is 72cos(2\theta)? 3"
1102bqk,"Find the number of solutions of the equation$log\sqrt$$(1+cosx)=2$2sinx on the interval [0,2\pi)."
1103bql,Consider the four functions:$f(x)=log$x 7$g(x)=log$(-x) 7$h(x)=log$x 1 7$k(x)=log$(-x) 1 7$l(x)=-log$x 1 7 Which of these functions are increasing on their domain?
1104bqm,Let N$=223374.$How many factors of$N^2$are less than N but not factors of N?
1105bqn,Give the exact value of sin \pi . 10 (cid:112)$\sqrt$$\sqrt$(cid:112)$\sqrt$$\sqrt{10}+2$5 ( 5-1) 10+2 5 5-1
1106bqo,"An infinite string of digits is formed by writing odd numbers in a row in the following way: you start with one 1, followed by three 3's, then five 5's, seven 7's, then nine 9's, eleven 11's etc. The beginning of the string is 13335555577.... What is the 2016th digit in the string?"
1107bqp,The sum of the solutions of the equation:$2(2x)+16(2-x)=33$is
1108bqq,"AnumberX$ischosenatrandomfromthefirst100termsofthearithmeticsequence^2,5,8,...,$and another number Y is chosen at random from the first 100 terms of the arithmetic se- quence 3,7,11,.... Find P(X$=Y).$"
1109bqr,"A writes to B and does not receive an answer. Assuming that one of every n letters sent is lost in the mail, find the probability that B received the letter. Assume that B would have answered the letter if he had received it. n n-1 1 n-1 n n-1"
1110bqs,"In a survey of customer satisfactions, participants are asked to give a score of 1, 2, 3, or 4 to each of 6 questions. If participants are instructed not to give the same numerical score to more than 4 questions, how many responses are possible?"
1111bqt,What is the last (least significant) digit of 22017?
1112bqu,How many integers between 1 and 2017 are divisible by 5 but not 10?
1113bqv,GivenparallelogramABCD (asshown)withareaofABCD$=$B C 24 and diagonals AC and BD intersecting at point Y. The pointM liesonAD sothattheareaof(cid:4)ABM isequaltothe area of (cid:4)MBD. What is the area of MYCD? Y X
1114bqw,Find 2017 (cid:88) ik$k=1$where$i^2$$=-1.$
1115bqx,"Johnny,DeeDee,Joey,Tommy,andMarkyareinaband. Thesumsoftheagesofeachgroup of four of them are 132, 138, 113, 131, and 126. What is the age of the oldest of the band members?"
1116bqy,"Determine the number of positive divisors of 18,800 that are divisible by 235."
1117bqz,The sum of the radii of two circles is 10 cm. The circumference of the larger circle is 3 cm greater than the circumference of the smaller circle. Determine the difference between the area of the larger circle and the area of the smaller circle.
1118bra,"The sides a, b, and c of a triangle satisfy a+ b$=$"
1119brb,"If the operation ∗ is defined for all positive real numbers x and y by x∗y$=$x+y, which of xy the following must be true for positive x, y, and z? I. x∗$x=$2 x II. x∗y$=y$∗x III. x∗(y ∗$z)=(x$∗y)∗z"
1120brc,"Two people who work full time and one who works half time are to work together on a project, but their total time allotted to the project is to be the equivalent to one and a half full time work days. If one of the full time workers is budgeted to give half of his work day to the project, and the other is budgeted to give one third of his work day, what part of the half-time worker's day should be given to the project?"
1121brd,"$Iffouroutoffivenumbershaveasumof349andtheaverageofthefivenumbersis^70,find$the fifth number."
1122bre,"Elmer drives from Springfield to Lafayette in three hours. Bugs takes a route that is five miles shorter and gets there in half the time. If r is the average rate for Elmer, which of the following is the average rate for Bugs in terms of r?"
1123brf,If a(cid:$54)=b$and$1/x+1/a=1/b$then$x=$
1124brg,If$3x^2-4x+5=0$then (x-2/3)2$=$
1125brh,"Howmanyintersectionpointsdoesthegraphofy$=x^2$havewiththecirclecenteredat(0,3) with radius 2."
1126bri,27/6-22/3$=$$\sqrt$$\sqrt$$\sqrt$$\sqrt$$\sqrt$
1127brj,"A collection of centipedes (100 legs), spiders (8 legs) and worms (no legs) has 224 legs and 28 heads, how many worms are there, if there is at least one of each?"
1128brk,"Abby, Benny, and Louie together have 100 pennies. If Abby had six times as many as she has now and Benny had one third as many as he has now, there would still be 100 pennies. Louie says, ``It's not fair, I have fewer than 30.'' How many pennies does Louie have?"
1129brl,"Find the sum of the integers in the arithmetic sequence 11,28,45,62,...,2017"
1130brm,"If the lines ax+by$=7$and ax-by$=9$intersect at (1,2), what are a and b, respectively?"
1131brn,"IfAB$isanumberwithdigits(inbase^10)A$andB,suchthatwhenweplaceadecimalpoint between the digits we obtain one-third of the original number minus 14, what is AB?"
1132bro,"In a certain class, 60% of students have competed in Math Olympics and 35% of students partipatedinthePhysicsMarathon.$Exactly^10$%ofstudentsdidboth. Whatpercentagehave done neither?"
1133brp,"When you divide a number by 210, you get 11. What do you get when you divide the same number by 14?"
1134brq,"MathOlympicshasdecidedtobranchintothesnackindustry. Itsellstwoproducts,Pythagorean Peanut Mix, containing 35% granola by weight, and Gauss Granola Mix, containing 85% gra- nola by weight. A customer wants a special mixture that contains 65% granola by weight. If they want 10 pounds of the mixture, how many pounds of each product is required?"
1135brr,"KennyandMeghenfoundacooldartboardatagaragesale. Itwas awhitecircleinwhichtherewasinscribedablacksquare,inwhich therewasaninscribedwhitecircle,inwhichtherewasinscribeda black square, as shown. They were having a debate whether there was more black than white on the dartboard. Meghen said there wasmorewhitebutKennywassuretheblackareawasmuchlarger.$Hethoughtthattheblackareawasatleast^1.5timeslargerthanthe$white area. Rich, who was also shopping at the same garage sale, thoughtthattheblackareawaslargerthanthewhitearea,butless$than^1.5timeslarger.$Thesellerclaimedthetwoareaswereequal. Which one of them was right?"
1136brs,What is the last (least significant) digit of 22017?
1137brt,How many integers between 1 and 2017 are divisible by 5 but not 10?
1138bru,GivenparallelogramABCD (asshown)withareaofABCD$=$B C 24 and diagonals AC and BD intersecting at point Y. The pointM liesonAD sothattheareaof(cid:4)ABM isequaltothe area of (cid:4)MBD. What is the area of MYCD? Y X
1139brv,Find 2017 (cid:88) ik$k=1$where$i^2$$=-1.$
1140brw,"Johnny,DeeDee,Joey,Tommy,andMarkyareinaband. Thesumsoftheagesofeachgroup of four of them are 132, 138, 113, 131, and 126. What is the age of the oldest of the band members?"
1141brx,"Determine the number of positive divisors of 18,800 that are divisible by 235."
1142bry,The sum of the radii of two circles is 10 cm. The circumference of the larger circle is 3 cm greater than the circumference of the smaller circle. Determine the difference between the area of the larger circle and the area of the smaller circle.
1143brz,"The sides a, b, and c of a triangle satisfy a+ b$=$"
1144bsa,"If the operation ∗ is defined for all positive real numbers x and y by x∗y$=$x+y, which of xy the following must be true for positive x, y, and z? I. x∗$x=$2 x II. x∗y$=y$∗x III. x∗(y ∗$z)=(x$∗y)∗z"
1145bsb,"Two people who work full time and one who works half time are to work together on a project, but their total time allotted to the project is to be the equivalent to one and a half full time work days. If one of the full time workers is budgeted to give half of his work day to the project, and the other is budgeted to give one third of his work day, what part of the half-time worker's day should be given to the project?"
1146bsc,"$Iffouroutoffivenumbershaveasumof349andtheaverageofthefivenumbersis^70,find$the fifth number."
1147bsd,"Elmer drives from Springfield to Lafayette in three hours. Bugs takes a route that is five miles shorter and gets there in half the time. If r is the average rate for Elmer, which of the following is the average rate for Bugs in terms of r?"
1148bse,If a(cid:$54)=b$and$1/x+1/a=1/b$then$x=$
1149bsf,If$3x^2-4x+5=0$then (x-2/3)2$=$
1150bsg,"Howmanyintersectionpointsdoesthegraphofy$=x^2$havewiththecirclecenteredat(0,3) with radius 2."
1151bsh,27/6-22/3$=$$\sqrt$$\sqrt$$\sqrt$$\sqrt$$\sqrt$
1152bsi,"A collection of centipedes (100 legs), spiders (8 legs) and worms (no legs) has 224 legs and 28 heads, how many worms are there, if there is at least one of each?"
1153bsj,"So there are two centipedes, leaving 24 legs for 3 spiders.$28-2-3=23$worms."
1154bsk,"Abby, Benny, and Louie together have 100 pennies. If Abby had six times as many as she has now and Benny had one third as many as he has now, there would still be 100 pennies. Louie says, ``It's not fair, I have fewer than 30.'' How many pennies does Louie have?"
1155bsl,"Find the sum of the integers in the arithmetic sequence 11,28,45,62,...,2017"
1156bsm,"If the lines ax+by$=7$and ax-by$=9$intersect at (1,2), what are a and b, respectively?"
1157bsn,"IfAB$isanumberwithdigits(inbase^10)A$andB,suchthatwhenweplaceadecimalpoint between the digits we obtain one-third of the original number minus 14, what is AB?"
1158bso,"In a certain class, 60% of students have competed in Math Olympics and 35% of students partipatedinthePhysicsMarathon.$Exactly^10$%ofstudentsdidboth. Whatpercentagehave done neither?"
1159bsp,"When you divide a number by 210, you get 11. What do you get when you divide the same number by 14?"
1160bsq,"MathOlympicshasdecidedtobranchintothesnackindustry. Itsellstwoproducts,Pythagorean Peanut Mix, containing 35% granola by weight, and Gauss Granola Mix, containing 85% gra- nola by weight. A customer wants a special mixture that contains 65% granola by weight. If they want 10 pounds of the mixture, how many pounds of each product is required?"
1161bsr,"KennyandMeghenfoundacooldartboardatagaragesale. Itwas awhitecircleinwhichtherewasinscribedablacksquare,inwhich therewasaninscribedwhitecircle,inwhichtherewasinscribeda black square, as shown. They were having a debate whether there was more black than white on the dartboard. Meghen said there wasmorewhitebutKennywassuretheblackareawasmuchlarger.$Hethoughtthattheblackareawasatleast^1.5timeslargerthanthe$white area. Rich, who was also shopping at the same garage sale, thoughtthattheblackareawaslargerthanthewhitearea,butless$than^1.5timeslarger.$Thesellerclaimedthetwoareaswereequal. Which one of them was right?"
1162bss,ThepowersetofasetS isthesetofallthesubsetsofS. Theemptysetisdenoted∅. Which of the following is a power set of some set?
1163bst,"$Atoneofthoseleadershipconferences,thereisoneofthoseicebreakerswhereeachofthe^50$$participantsislabeledwithadistinctintegerbetween^1and^50,inclusive.$Eachodd-numbered participant must shake hands exactly once with each of the other participants, and no even numberedparticipantsmayshakehandswitheachother. Howmanyhandshakestakeplace?"
1164bsu,Find 2017 (cid:88) ik$k=1$where$i^2$$=-1.$
1165bsv,How many integers n with 1000$\le$n$\le$9999 have 4 distinct digits in increasing order or decreasing order?
1166bsw,"Johnny,DeeDee,Joey,Tommy,andMarkyareinaband. Thesumsoftheagesofeachgroup of four of them are 132, 138, 113, 131, and 126. What is the age of the oldest of the band members?"
1167bsx,For which of the following values of \theta is 2cos\theta$>1$and 3sin\theta$<1$? I. 5\pi II. 11\pi III. 13\pi 6 6 8
1168bsy,sin\pi +cos\pi$=$8 8$\sqrt$$\sqrt$(cid:113)$\sqrt$(cid:113)
1169bsz,"Determine the number of positive divisors of 18,800 that are divisible by 235."
1170bta,"A function f is defined so that if n is an odd integer, then f(n)$=$n-1 and if n is an even$integer,thenf(n)=n^2-1.$$Forexample,ifn=15,thenf(n)=14andifn=-6,thenf(n)=35,$since 15 is an odd integer and -6 is an even integer. Determine the expression of f(f(n))."
1171btb,"If the operation ∗ is defined for all positive real numbers x and y by x∗y$=$x+y, which of xy the following must be true for positive x, y, and z? I. x∗$x=$2 II. x∗y$=y$∗x III. x∗(y ∗$z)=(x$∗y)∗z x"
1172btc,What is the area of the region of the plane determined by the inequality$7\le|x|+|y|\le^13$?
1173btd,27/6-22/3$=$$\sqrt$$\sqrt$$\sqrt$$\sqrt$$\sqrt$
1174bte,If$ln(sec\theta-tan\theta)=x$then which of the following is true:
1175btf,"If f$(x-1/)=1/f(x)+3$and$f(0)=0,$what is f(2)? 2 2"
1176btg,cos 2sin-1(x) is equivalent to which of the following? (cid:112) (cid:112) (cid:112)
1177bth,What condition on c will guarantee that the equation ex+ce-x$=2$has two solutions?
1178bti,Write (-1)2017+i2017$\sqrt{5}-$-5 as a+bi where a and b are real numbers.$\sqrt$$\sqrt$$\sqrt$$\sqrt$$\sqrt$$\sqrt$
1179btj,"If$6sec^2\theta+7tan\theta-16=0,$where -\pi$<\theta$$<$\pi, what are possible values of sin\theta? 2 2$\sqrt$$\sqrt$$\sqrt$$\sqrt$"
1180btk,"Find the sum of the integers in the arithmentic sequence 11,28,45,62,...,2017"
1181btl,"Let f(x)$=$1 + 3i x for a complex number x. Define f(n)(x) as the n-times composition of 2 2 (cid:0) (cid:1) f, i.e.$f(1)(x)=f(x)$and$f(n)(x)=f$f(n-1)(x) . What is f(2017)(x)? (cid:16)$\sqrt$(cid:17) (cid:16)$\sqrt$(cid:17)"
1182btm,"In a drawer, Isaac has 10 socks, with two of each of 5 different colors. On Monday, Isaac selects two individual socks at random from the 10 socks in the drawer. On Tuesday, Isaac$selects^2oftheremaining^8socksatrandomandonWednesdaytwooftheremaining^6socks$atrandom.$WhatistheprobabilitythatWednesdayisthefirstdayIsaacselects^2socksofthe$same color?"
1183btn,"Which of the following statements are true? I. For every real number x, there exists a real number y such that x+y$=0.$II. There exists a real number x such that for every real number y, x+y$=0.$III. There exists a real number x such that for every real number y, xy$=y.$"
1184bto,"Given that alog 3 7$=27,$blog 7 11$=49,$and clog 11 25$=$11, find a (cid:0) log 3 7 (cid:1)2 +b (cid:0) log 7 11 (cid:1)2 +c (cid:0) log 11 25 (cid:1)2$\sqrt$"
1185btp,"An equilateral triangle (cid:4)ABC with side length 12 is folded in Y suchawaythatthevertexC touchesthesideAB atapointthat$is^9unitsawayfromA$$and^3unitsawayfromB,asshown.$Find X the length XY. A B$\sqrt$$\sqrt$$\sqrt$$\sqrt{9}$3"
1186btq,"Kenny and Meghen found a cool dart board at a garage sale. It was a white circle in which there was inscribed a black square, in which there was an inscribedwhitecircle,inwhichtherewasinscribedablacksquare,asshown. They were having a debate whether there was more black than white on the dartboard. Meghen said there was more white but Kenny was sure the black area was much larger. He thought that the black area was at least 1.5 times larger than the white area. Rich, who was also shopping at the same garage$sale,thoughtthattheblackareawaslargerthanthewhitearea,butlessthan^1.5timeslarger.$The seller claimed the two areas were equal. Which one of them was right?"
1187btr,ThepowersetofasetS isthesetofallthesubsetsofS. Theemptysetisdenoted∅. Which of the following is a power set of some set?
1188bts,"$Atoneofthoseleadershipconferences,thereisoneofthoseicebreakerswhereeachofthe^50$$participantsislabeledwithadistinctintegerbetween^1and^50,inclusive.$Eachodd-numbered participant must shake hands exactly once with each of the other participants, and no even numberedparticipantsmayshakehandswitheachother. Howmanyhandshakestakeplace?"
1189btt,Find 2017 (cid:88) ik$k=1$where$i^2$$=-1.$
1190btu,How many integers n with 1000$\le$n$\le$9999 have 4 distinct digits in increasing order or decreasing order?
1191btv,"Johnny,DeeDee,Joey,Tommy,andMarkyareinaband. Thesumsoftheagesofeachgroup of four of them are 132, 138, 113, 131, and 126. What is the age of the oldest of the band members?"
1192btw,For which of the following values of \theta is 2cos\theta$>1$and 3sin\theta$<1$? I. 5\pi II. 11\pi III. 13\pi 6 6 8
1193btx,sin\pi +cos\pi$=$8 8$\sqrt$$\sqrt$(cid:113)$\sqrt$(cid:113)
1194bty,"Determine the number of positive divisors of 18,800 that are divisible by 235."
1195btz,"A function f is defined so that if n is an odd integer, then f(n)$=$n-1 and if n is an even$integer,thenf(n)=n^2-1.$$Forexample,ifn=15,thenf(n)=14andifn=-6,thenf(n)=35,$since 15 is an odd integer and -6 is an even integer. Determine the expression of f(f(n))."
1196bua,"If the operation ∗ is defined for all positive real numbers x and y by x∗y$=$x+y, which of xy the following must be true for positive x, y, and z? I. x∗$x=$2 II. x∗y$=y$∗x III. x∗(y ∗$z)=(x$∗y)∗z x"
1197bub,What is the area of the region of the plane determined by the inequality$7\le|x|+|y|\le^13$?
1198buc,27/6-22/3$=$$\sqrt$$\sqrt$$\sqrt$$\sqrt$$\sqrt$
1199bud,If$ln(sec\theta-tan\theta)=x$then which of the following is true:
1200bue,"If f$(x-1/)=1/f(x)+3$and$f(0)=0,$what is f(2)? 2 2"
1201buf,cos 2sin-1(x) is equivalent to which of the following? (cid:112) (cid:112) (cid:112)
1202bug,What condition on c will guarantee that the equation ex+ce-x$=2$has two solutions?
1203buh,Write (-1)2017+i2017$\sqrt{5}-$-5 as a+bi where a and b are real numbers.$\sqrt$$\sqrt$$\sqrt$$\sqrt$$\sqrt$$\sqrt$
1204bui,"If$6sec^2\theta+7tan\theta-16=0,$where -\pi$<\theta$$<$\pi, what are possible values of sin\theta? 2 2$\sqrt$$\sqrt$$\sqrt$$\sqrt$"
1205buj,"Find the sum of the integers in the arithmentic sequence 11,28,45,62,...,2017"
1206buk,"Let f(x)$=$1 + 3i x for a complex number x. Define f(n)(x) as the n-times composition of 2 2 (cid:0) (cid:1) f, i.e.$f(1)(x)=f(x)$and$f(n)(x)=f$f(n-1)(x) . What is f(2017)(x)? (cid:16)$\sqrt$(cid:17) (cid:16)$\sqrt$(cid:17)"
1207bul,"In a drawer, Isaac has 10 socks, with two of each of 5 different colors. On Monday, Isaac selects two individual socks at random from the 10 socks in the drawer. On Tuesday, Isaac$selects^2oftheremaining^8socksatrandomandonWednesdaytwooftheremaining^6socks$atrandom.$WhatistheprobabilitythatWednesdayisthefirstdayIsaacselects^2socksofthe$same color?"
1208bum,"Which of the following statements are true? I. For every real number x, there exists a real number y such that x+y$=0.$II. There exists a real number x such that for every real number y, x+y$=0.$III. There exists a real number x such that for every real number y, xy$=y.$"
1209bun,"Given that alog 3 7$=27,$blog 7 11$=49,$and clog 11 25$=$11, find a (cid:0) log 3 7 (cid:1)2 +b (cid:0) log 7 11 (cid:1)2 +c (cid:0) log 11 25 (cid:1)2$\sqrt$"
1210buo,"An equilateral triangle (cid:4)ABC with side length 12 is folded in Y suchawaythatthevertexC touchesthesideAB atapointthat$is^9unitsawayfromA$$and^3unitsawayfromB,asshown.$Find X the length XY. A B$\sqrt$$\sqrt$$\sqrt$$\sqrt{9}$3"
1211bup,"Kenny and Meghen found a cool dart board at a garage sale. It was a white circle in which there was inscribed a black square, in which there was an inscribedwhitecircle,inwhichtherewasinscribedablacksquare,asshown. They were having a debate whether there was more black than white on the dartboard. Meghen said there was more white but Kenny was sure the black area was much larger. He thought that the black area was at least 1.5 times larger than the white area. Rich, who was also shopping at the same garage$sale,thoughtthattheblackareawaslargerthanthewhitearea,butlessthan^1.5timeslarger.$The seller claimed the two areas were equal. Which one of them was right?"
1212buq,"(A) Slope$=$$=$- , so the equation is$y-2=$-2 (x-6)which simplifies to (A). 7 -1-6 7"
1213bur,"(C) There are$640/16=40$equal spaces, so 40 + 1$=$41 posts are needed."
1214bus,"(A) Turning the inside square, as in the picture, we see that the 4 corner triangles make up 2 squares that are$\frac{1}{4}$th the area of the larger square. So, subtracting$\frac{1}{2}$A from A, we have$\frac{1}{2}$A left."
1215but,"(D) The storekeeper lost the$45 change he gave for the radio and the$8 change he gave the man for speaker wire. The storekeeper lost what he/she paid for the two items as well, and the wholesale cost of each was$33 and$7, respectively. This is a total of$93. G F"
1216buu,"(A) Refer to the picture given. m∠FED$=90(cid$:68) and m∠AED$=108(cid$:68) (central angle of the pentagon is 72(cid:68) ), so m∠$FEA=360-90-108=162(cid$:68) . Since ∆FEA is isosceles, the base angles are D E 1/2(180-162)$=9(cid$:68) . C A"
1217buv,"(E) Simplifying each side, 6r$+3+1=$27-5r +10⇒6r$+4=$-5r +37⇒11r$=33$⇒ r$=3.$B$y^2z$$8y^4$$8y^6z$$4y^3$"
1218buw,"(A) Multiplying by the reciprocal,$\cdot$$=$$=$.$2y^3$$9z^5$$18y^3z^5$$9z^5$"
1219bux,"(B) The missing number is 47, so the sum of the digits is 11. The pattern is to add to each entry, the entry plus 1."
1220buy,(B) f(x+2)$=$(x+2)2$+3=$$x^2$$+4x+4+3=$$x^2$+4x+7.
1221buz,"(B) Comparing slopes between pairs of points from a,c,d,e, the slope is always 2. With the point (5,5) the slope is not 2."
1222bva,"(D) The adjacent angle to the 100(cid:68) angle is 80(cid:68) , since they form a straight line. The alternate interior angle to the given 40(cid:68) angle is also 40(cid:68) , so the remaining angle in the bottom triangle is$180-80-40=60(cid$:68) . This angle is adjacent to xand they form a straight line, so x$=120(cid$:68) ."
1223bvb,"(D) Since no angle is larger than 85(cid:68) , the largest angles possible would be 85(cid:68) . So the smallest possible would be$180-85-85=10(cid$:68) ."
1224bvc,"(B) The range of the function x-4 is [0,∞), so the range of g(x)$=3+$x-4 is [3,∞). 6 4 4"
1225bvd,"(A) The probability of drawing a white first and black second is$\cdot$$=$. The probability of drawing a black first and 10 9 15 4 3 2 4 2 2 black second is$\cdot$$=$. So, the probability of either happening is +$=$. 10 9 15 15 15 5 2 2"
1226bve,"(D) ( i )$40=40$is true. ( ii )$3/4\cdot^72=3\cdot^18=54$is true. ( iii ) Since$91<$93,$>$is true. ( iv )$3.2\div^1.6=$2, so 91 93$3.106\div^1.6<$2. So this one is not true. 10"
1227bvf,"(B) In the 30-60-90 triangle, we have h$=5$3, so the area is$12\cdot^5$3$=60$3. h 60"
1228bvg,"(A) Both numbers are odd, so their sum is even. Therefore, 2 is a factor. 12 (13 /2)2 - 62$=$(13 /2 - 6)(13 /2 + 6) 6 1/2 6 1/2"
1229bvh,"(D) Using the Pythagorean Theorem, the height is$=$25 /4$=$2 1 2 6 6 d d"
1230bvi,"(B) Let d be the distance from the school. Then the walking time (in hours) is and the running time (in hours) is . 4 6 Now, the difference in these times, in hours, is 3 3$min\cdot$1 hr/min$=$1 hr. Solving d - d$=$1 , we 4 60 16 4 6 16 3$get^12d$-8d$=3,$or d$=$km. 4"
1231bvj,"(C) At 4:00, Sam has gone$30-4=26$cm and at 5:00,$30-5=25cm$more, and at 6:00 has gone$30-6=24$cm more. So, at 6:00 Sam has gone a total of$26+25+24=75cm.$Since Sam’s speed is 30 cm/hr, it will take him 25/30 hr, or 50 min, to go the remaining 25 cm."
1232bvk,(C) The figure shown is the minimal number of squares that can be shaded.
1233bvl,"(A) The average of the four nearest neighbors of A and B give the system of equations 64+20+31+ B 18+38+54+ A$A=$, B$=$. Solving, 4A-B$=115,4B-$$A=110,$by elimination, 4 4 15B$=555,$or B$=37.$"
1234bvm,"(D) From the quadratic formula, we would need the discriminant,$b^2$-4ac$=$$a^2$$-64<0.$Solving this gives (D). r t st"
1235bvn,"(A) Setting up the ratio, with xthe gallons necessary to go t miles,$=$. Solving gives x$=$. s x r"
1236bvo,"(C)$64=$26 , and each man had 64 pennies, so 64 men had a total of 26$\cdot^26$$=$212 pennies. Similarly for the women. Therefore, there is a total of 212 +212$=$$2\cdot212$$=$213 pennies."
1237bvp,(D)$>$⇒ 5x$+2>$4x +4 ⇒ x$>$2. 3 3 1+ x
1238bvq,(B) Multiplying numerator and denominator by x gives . -1+ x
1239bvr,"(B) Since the interest is the amount times the rate, 250$=$5000r or r$=1/$20, which is 5%."
1240bvs,"(A) Since it is with replacement, after the first ball is taken out and then put back in, all the balls are in the bag when the second is taken out. So, it is just 4/10."
1241bvt,"(B) The angle vertical to the 40 shown is also 40, so x +40$=120as$these are alternate interior angles."
1242bvu,"(D) Using FOIL and$i^2$$=$-1, we have$-6+4i-3i+2i^2$$=$$-6+i-2=$-8+i."
1243bvv,"(D) when (4,3) is reflected across the x-axis its image is$P=$(4,-3), and then the image of P$=$(4,-3) under a reflection aross the y- axis is (-4,-3). So, the sum is -7."
1244bvw,(B) Visualizing the box shows B must be the base.
1245bvx,"(D) Every cubic polynomial has 3 roots, call them a, b, and c (counting complex roots), and since the graph of the second equation is just the graph of the first shifted to the right 3 units, the roots of the second are a+3, b+3, and c+3. So the sum of the roots is a+b+c+9$=$(-4) +$9=5.$"
1246bvy,"(D) Since Angle-Angle-Angle is all that is known, any triangle similar to this one will have the same angle measures.  4 4 $4y^2$$-4x^2$ - $x^2$$y^2$$x^2y^2$4(y- x)(y+ x)xy (y+ x) 30xy"
1247bvz,"(D)  $=$$=$$=$, and multiplying this by gives 6.  20 20 20y-20x 20(y-$x)x^2y^2$5xy x + y  -   x y  xy"
1248bwa,"(B) Let x be the angle, then 90-x is the complement and 180-x is the supplement. The equation, then, is 90- x +180- x$=$9x +6, or 11x$=$264, which has solution$x=24.$"
1249bwb,"(D) Since$AB=CD,$BD and AC are parallel. So, the quadrilateral ABDC is an isosceles trapezoid, and the base angles of an isosceles trapezoid are congruent. (answers (a),"
1250bwc,(A) Let x be one of the 3 congruent angles at B and y one of the 3 congruent angles at
1251bwd,"(A) Let x be the distance traveled in miles. Then 25+0.25x$=$70, or x$=180.$"
1252bwe,"(C) Let x and y be the two positive numbers. Then, (x + y)-(x -$y)=12$gives$y=6.$If you write the difference as (x - y)-(x +$y)=12,$then$y=$-6, which is not possible since y must be positive."
1253bwf,"(B) Let BD$=$d (altitude) and AD$=$x, then CD$=$13 - x . Using the Pythagorean Theorem on the two smaller right triangles,$x^2$+$d^2$$=$25 and$d^2$+(13- x)2$=144.$Equating the expressions for$d^2$in each equation, we get C 25-$x^2$$=144-(13-$x)2 . Therefore, 25-$x^2$$=144-169+26x$-$x^2$, or 50$=$26x. Since, 13 x$=$25/13 and$x^2$+$d^2$$=$25, we have D 12 25(13)2 -252 25(132 -25) 25(144) 602$d^2$$=$25-(25/13)2$=$$=$$=$$=$. So, d$=$60/13. 132 132 132 132 A B 5"
1254bwg,"(C) The two large semicircles have radius 5, so together make a circle of area 25\pi. The smaller circle has diameter 18-10$=$8, so its area is 16\pi. The shaded area is then 10(18)-25\pi-16\pi."
1255bwh,"(C) The graph shows a total distance of 40 + 50 + 0 + 60 + 20 + 50$=$220, so the average speed is$220/6=36$2/3 mph."
1256bwi,"(D) The radius of a circle is one-half the diagonal of its inscribed square. So, half the side length of the largest square is , 2 which is the radius of the smaller circle, . Therefore, the side length of the smaller square is 8$\cdot$2$=8.$2"
1257bwj,"(C) Let x be the necessary calories to lose in the 20 days. A loss of$2400-1900=500$calories results in a loss rate of 1/7 of a pound 500 x per day ( 1 lb per week). To lose 20 lbs in 8 weeks (56 days), the rate of loss is$20/56=5/14$lb/day. Solving,$=$, we get 1 5 7 14$7\cdot500\cdot^5=14x,$or x$=1250.$Since they must lose 1250 calories, their intake must be$2400-1250=1150.$"
1258bwk,"(D) Let w be the width of the shaded region. The area of the shaded region is xw and the area of the large rectangle is 2xy. The area of the two unshaded rectangles is 2(4x-w)x$=8x^2$-2xw. Therefore,$2xy-xw=8x^2$-2xw. Solving, we get$xw=8x^2$-2xy."
1259bwl,"(D) Let t be the time it takes copier B to complete the job. The rate of machine A is 1/3 job per hour, the rate of B is 1/t job per t t t hour, and the rate of them both working together is$\frac{1}{2}$job per hour. So, if they all work for t hours, +$=$, or 2t$+6=3t,$3 t 2 after multiplying both sides by 6. Solving, we get$t=6.$1 1 1"
1260bwm,"(A) Since$12\div$$=$24,3%$=0.03,$$>$$,0.2\times^0.4=0.08,$none of these statements are true. 2 7 9"
1261bwn,Write the solution of in interval notation.
1262bwo,A simplified form of the complex fraction is
1263bwp,The greatest common factor in$15y^3z^3+27y^2z^4(cid$:$33)36yz^5$is
1264bwq,"Ms. Letherman has been given a loan of$5,000 for 1 year. If the interest charged is$250, then the interest rate on the loan is"
1265bwr,"In a bag there are six white balls and four black balls. Two balls are taken out at random, one at a time, with replacement. The probability that the second ball taken out is black is"
1266bws,"If line L is parallel to line M, the size of the angle x is"
1267bwt,The standard form of the product$z=(2+i)((cid$:33)3+2i) is given by
1268bwu,"The point (4,3) is reflected about the x-axis to a point P. Then P is reflected about the y-axis to point Q. What is the sum of the coordinates of Q."
1269bwv,"A piece of paper is cut out and labeled as shown in the diagram. It is folded along the dotted lines to make an open box. If the box is placed on a table so that the top of the box is open, then the label on the bottom of the box is"
1270bww,The sum of the roots of$x^3+4x^2(cid$:33)7x(cid:$33)10=0$is (cid:33)4. What is the sum of the roots of (x(cid:33)3)3+4(x(cid:33)3)2(cid:33)7(x(cid:33)3)(cid:$33)10=0$?
1271bwx,"How many possible triangles are there with angle measures (cid:$34)=35$°, (cid:$36)=110$°, (cid:$40)=35$°."
1272bwy,The sum of an angle supplement and its complement is 6 more than 9 times the angle. How many degrees is the angle?
1273bwz,"In the diagram below,$AB=CD.$From this we can deduce that"
1274bxa,The corresponding trisectors of two angles ((cid:112)B and (cid:112)C) of scalene triangle (cid:41)ABC meet at points D and
1275bxb,"If a rental car costs$25 per day plus 25 cents per mile, how far can you drive in one day for$70?"
1276bxc,"If the sum and difference of two positive numbers differs by 12, then one of the numbers must be:"
1277bxd,The legs of a right triangle are 5 and 12. What is the length of the altitude to the hypotenuse?
1278bxe,Find the shaded area.
1279bxf,The graph describes a six-hour trip that Olivia recently took. What was her average speed?
1280bxg,A square is inscribed in a circle which is inscribed in a square which is inscribed in another circle whose radius is 8. What is the length of the side of the innermost square?
1281bxh,"Dan, at 200 pounds, wishes to reduce his weight to 180 pounds in time to attend his high school reunion in 8 weeks. He learns that it takes 2400 calories per day to maintain his weight. A reduction of his caloric intake to 1900 calories per day will result in his losing weight at the rate of 1 pound per week. What should his daily caloric intake be to achieve his goal?"
1282bxi,Find the area of the shaded rectangle.
1283bxj,"Copy machines A and B, working together, can finish a job in 2 hours. Machine A, working alone, would require 3 hours to do the job. How long would it take machine B to do the job by itself?"
1284bxk,How many of these statements are true? i. iii. ii. 3%$=0.3$iv.$0.2\times^0.4=0.8$
1285bxl,( E ) The value of ( 3-1 -2-1)-1 is ( 1 - 1 )-1$=$( - 1 )-1$=$-6. 3 2 6
1286bxm,"( B )If l is the length, then the width is l +1. The perimeter is 4l +2 and the area of 1 square foot is equal to l(l +1). Solving l(l$+1)=1,$we get$l^2$+l$-1=$0. From the quadratic formula, the only positive root is -1+ 5 -1+ 5 l$=$. The perimeter is 4l +2$=$4 $+2=$2 5. 2  2 "
1287bxn,"( B ) We have$f(0)=$c$=1,$$f(1)=$a+b+c$=3,$$f(2)=$4a+2b+c$=$2. Since c$=1,$the last two equations are a$+b+1=$3,4a$+2b+1=$2. Solving the first for b, b$=$2-a, and substituting into the -3 second,$4a+2(2-a)+1=$2, the result is$2a+5=$2 or a$=$. 2"
1288bxo,"( B ) The triangle AFE is a 30-60-90 triangle with AE$=$2. Therefore, AF$=$1 and EF$=$3, so the side length is 2 3. A 2 2 E F"
1289bxp,"( A ) Let Tbe the sum of the test scores before the error was discovered and nthe number of students who T took the exam. This gives$=$75 or T$=$75n. After the error the sum is then T +10$=$75n+10, so the n 75n+10 average is then$=$75.4. Solving for n, we get 0.4n$=10or$n$=$25. n"
1290bxq,"( E ) There are$10\cdot^10\cdot^10$$=1000possible$outcomes since repetition is allowed. The two digits that are the same, of which there are 10 choices could be drawn in any of three orders; the first two, the last two, or the first and last. For each choice of the repeated digit, there are 9 choices for the third, since it cannot be the same. By the multiplication rule, then, there are$10\cdot^3\cdot^9$$=$270of the 1000 possible outcomes with precisely 270 27 two the same.$=$is not one of the options. 1000 100"
1291bxr,"(A) Since the triangle is inscribed in a semicircle, it is a right triangle with right angle at"
1292bxs,"( C ) If we let x$=$log 3, then this is equivalent to ( 1 )x$=$3 or (3-2)x$=3.$Equating exponents, 1 9 9 1 -2x$=1$or x$=$- . 2"
1293bxt,( B ) (f (cid:68) f$)(1)=$$f(f(1))=$$f(-2)=$-2(-2)2$=$-8.
1294bxu,"( A ) If we let (x, y) be the coordinate of the center, then, from the distance formula or the Pythagorean Theorem$x^2$+$y^2$$=$25. And, since the point is on the line x$=$2y, we substitute to get$4y^2$+$y^2$$=$25, or y$=$5 since it is in the first quadrant. Therefore, x$=$2y$=$2 5."
1295bxv,( D )  $-8x^3$  -1 3$=$($-8x^3y^6)-1$3$=$  1   1 3$=$-1 .  y-6  $-8x^3y^6$$2xy^2$
1296bxw,"( C ) If dis the distance (in miles) she runs north, then dis also the distance she runs south. The total time is d d 44 11d 44 then +$=$after converting the 44 minutes to hours. Solving, we get$=$, so 10 12 60 60 60 d$=$4and the total mileage is 8miles."
1297bxx,"( B ) Notice that 21$=$2,22$=$4,23$=$8,24$=16,25$$=$32,26$=$64,27$=128,28$$=$256,(cid:34) so the last digits follow the pattern 2,4,8,6,2,4,8,6,(cid:34). The last digit is a 6 if the exponent is a multiple of 4. Dividing 2002 by 4, then, we get a remainder of 2, so the last digit is 4 ( two past the 6 in the pattern)."
1298bxy,"( C ) As each triangle is a 45-45-90 triangle, AD$=$BC$=$3 2 , and the hypotenuse of the triangle with BC as one leg is 3$2\cdot$2$=$6. Since Bis the midpoint we know the dimensions of the larger rectangle are 9 and 12 and AB$=$6 2 , Therefore, the area is 3$2\cdot^6$2$=$36."
1299bxz,"( B ) Let A$=$Audrey's age, B$=$Beatrice's age, and C$=$Clement's age. I. If (1) is false then the other three must be true, so A$<$C$<$B from (2) and (4), but then it is impossible to have B + C$=$2A from (3). Therefore, (1) must be true. II. If (2) is false, we have C$>$A$>$B from (1) and (4) being true. Now it is possible to have B + C$=2A,$so there is no contradiction. III. If (3) is false, then (1) and (2) must be true, so A$>$B$>$C . But (4) must also be true, so C$>$A, which is a contradiction. IV. If (4) is false, then (1) and (2) must be true, so A$>$B$>$"
1300bya,"( D ) Since these are prime numbers, the unit's digit cannot be 4, 6, or 8, so these must be the ten's digit. Since 63 and 69 are both divisible by three, 61 must be one of the prime numbers. This leaves 43 or 49 with 4 in the ten's place, and 43 is prime. This leaves 89 for the third prime. We have 89$>$61$>$43, so p$=$89, q$=$61, and r$=$43. Now, p - q + r$=$89 - 61 + 43$=$71."
1301byb,"( A ) The image of the point (a,b), when reflected across the y- axis, is$(-a,b)=(c,d).$The image of (-a,b), when reflected across the x-axis, is$(-a,-b)=$(e, f ). So, ab-ef$=$$ab-(-a)(-b)=$0."
1302byc,"( C ) From the figure, we see that there is three-fourth's of a circle of radius 14 and two quarter-circles of 3 1  radius 4. So the total area is \pi(14)2 +2 \pi(4)2$=147\pi$+8\pi$=155\pi$. 4 4  4 10 4 10 14"
1303byd,"( D ) If ba$=1then$one of the following three cases must be true. I.$a=0$and$b\neq^0$: Solving$x^2$$-9x+20=0,$$(x-4)(x-1)=0$or$x=4,5.$Checking,$x^2$$-5x+5\neq^0at$4 or 5. II.$b=1$: Solving$x^2$$-5x+5=1$⇔$x^2$$-5x+4=0,$so$(x-4)(x-1)=0$or$x=1,4.$III.$b=-1$and a iseven: Solving,$x^2$$-5x+5=-1$⇒$x^2$$-5x+6=0$⇒$(x-6)(x+1)=0,$so$x=-1,6.$Check that (-1)2$-9(-1)+20=30,62$$-9(6)+20=2$are both even. Summing all the different values,$4+5+1+(-1)+6=15.$"
1304bye,"( B ) There are 90 Tufs, and since one-third are Sufs, there are 30 Sufs. All the Sufs are Tufs, so there are 60 Tufs that are not Sufs. Eight of those Tufs are Rufs and one of those eight is also a Suf, so there are 7 Rufs that are Tufs and not Sufs. This leaves 53 Tufs that are neither Sufs or Rufs. (The Venn Diagram is a little easier to follow.) T R 29 S 1 8 7 53"
1305byf,"( C ) The distance from a point to a line is measured along the perpendicular line, so we first find the 1 equation of the line perpendicular to y$=$x +5 that goes through the point (8,-1). This line must have 2 1 slope$m=$-2(the negative of the reciprocal of ), so its equation is y$+1=$-2(x -8)or y$=$-2x +15. 2 1 To find the intersection of the two lines, we solve x$+5=$-2x +15, which results in x$=$4. The 2 ycoordinate is then 7, so the distance to the line is the distance from (8,-1) to (4,7), or 42 +82$=$80$=$4 5."
1306byg,"( C ) Solving the first equation for$x^2,$we get$x^2$$=$-2y +4, and, substituting into the second equation,$y^2$-2y+4$=$4or$y^2$-2y$=$0. This gives y$=$2,0. Substituting into either equation, if y$=$2then x$=$0, and if y$=$0then x$=$±2. Therefore, there are three points of intersection, (0,2),(2,0),(-2,0)."
1307byh,"( D ) If A is the cost of an apple and O the cost of an orange (in cents) , then 3A+2O$=$84 and 6A+O$=132.$Multiplying the first equation by -2 we have -6A-4O$=$-168, and adding this equation to the second the result is -3O$=$-36 or O$=12.$Substituting into the second equation,$6A+12=132or$$A=$20. Therefore, 2A+2O$=$$2(20)+2(12)=$64."
1308byi,"( C ) The average speed is the total distance divided by total time. Her total time is 5 hours and the total 310 distance is$50\cdot^2+70\cdot^3=$310. Therefore, the average speed is$=$62mph. 5"
1309byj,"( C ) If square has side length sand the circle has radius rthen the perimeters are 4sand 2\pir, respectively. s 2\pi \pi Since these are equal, 4s$=$2\pir, and$=$$=$. r 4 2"
1310byk,The expression is equal to
1311byl,"The width of a rectangle is one foot more than its length. Determine the perimeter of the rectangle, in feet, if the area of the rectangle is one square foot."
1312bym,"For the function where and , what is a?"
1313byn,An equilateral triangle is inscribed in a circle with a radius of 2 inches. Determine the length of each of the sides of the equilateral triangle.
1314byo,"The mean (average) score on a test is 75. A grading error is discovered on one student’s test, and the student’s score is increased by 10 points. If the revised mean is 75.4, how many students took the test?"
1315byp,"When choosing three numbers from the set {0,1,2,3,4,5,6,7,8,9} at random, with repetition allowed, what is the probability that precisely 2 of these will be the same?"
1316byq,Triangle BCD is inscribed in a semi-circle of diameter 4 as shown in the figure. The area A of triangle BCD as a function of x is
1317byr,The expression is equal to
1318bys,For the function is equal to
1319byt,The center of the small circle as shown in the figure is the point
1320byu,The expression can be simplified to
1321byv,"A woman begins jogging at 3:00 p.m., running due north at 10 mph. Later she reverses direction and runs due south at 12 mph. If she runs back to her starting point at 3:44 p.m., the total number of miles she ran is"
1322byw,The last digit of 22002 is
1323byx,"In the figure, ABCD is a rectangle and B is a midpoint of the larger rectangle. What is the area of ABCD?"
1324byy,Exactly one of the following statements is false:
1325byz,Audrey is older than Beatrice.
1326bza,Clement is younger than Beatrice.
1327bzb,The sum of the ages of Beatrice and Clement is twice the age of Audrey.
1328bzc,Clement is older than Audrey. Who is the youngest?
1329bzd,"The digits 1, 3, 4, 6, 8, and 9 are each used exactly once to form three two-digit prime numbers p,q and r with$p>q>r.$What is p(cid:33)q+r?"
1330bze,"The point (a,b) is reflected over the y-axis to the point (c,d), which is reflected over the x-axis to the point (e,f). Compute ab(cid:33)ef."
1331bzf,A dog is tethered to the corner of a ten-foot-by-ten-foot square pen by a leash that is fourteen feet long. In how much area outside the pen can the dog roam?
1332bzg,The sum of all different real values of x for which is
1333bzh,All Sufs are Tufs. One third of all Tufs are Sufs. Half of all Rufs are Tufs. One Ruf is a Suf. Eight Rufs are Tufs. The number of Tufs is 90. How many Tufs are neither Sufs or Rufs?
1334bzi,"Find the distance from the point (8, (cid:33)1) to the line described by"
1335bzj,The graphs of and have how many points in common?
1336bzk,"If 3 apples and 2 oranges cost$0.84 and 6 apples and 1 orange cost$1.32, what is the cost of 2 apples and 2 oranges?"
1337bzl,Rita travels on an expressway at a rate of 50 mph for 2 hours then at 70 mph for another 3 hours. What is her average speed for the entire trip?
1338bzm,A square and a circle have equal perimeters. What is the ratio of the side of the square to the radius of the circle?
1339bzn,Which of these numbers is largest?
1340bzo,Last year a bicycle cost$160 and a cycling helmet cost$40. This year the cost of the bicycle increased by 5% and the cost of the helmet increased by 10%. The percent increase in the combined cost of the bicycle and the helmet is
1341bzp,"A vacuum pump removes$\frac{1}{2}$of the air in a container with each stroke. After 5 strokes, the percentage of the original amount of air that remains in the container will be"
1342bzq,"The ratio of w to x is 4:3, of y to z is 3:2, and of z to x is 1:6. What is the ratio of w to y?"
1343bzr,Find the difference of and .
1344bzs,The number of real solutions of the equation is
1345bzt,The sum of the solutions to$x^2$(cid:33) x$=$6 is
1346bzu,"If , find a constant c so that ."
1347bzv,"If$m>0$and the points (m,3) and (1,m) lie on a line with slope m, then$m=$"
1348bzw,For how many integers n between 1 and 100 does$x^2+x(cid$:33)n factor into the product of two linear factors with integer coefficients?
1349bzx,"For the triangle formed by the points A((cid:33)3,2), B(5,4), and C(3,(cid:33)8), write the equation of the line that contains the altitude of the triangle through point C in the form$y=mx+b.$"
1350bzy,A parent is currently 3 times as old as his/her child; and in 10 years he/she will be twice as old as his/her child. How many years older is the parent than the child now?
1351bzz,The following system of equations has only one solution if
1352caa,The concentration of a mixture consisting of 10 gallons 20%-acid and 40 gallons 15%-acid is
1353cab,What is the average of the two solutions of the arbitrary quadratic equation$ax^2+bx+c=0$?
1354cac,"A line passes through (5,(cid:33)6). Which of the following are possible values of the slope m of the line, if the line never enters the first quadrant?"
1355cad,"Bill scores 78 on a test that had 4 problems worth 7 points each and 24 multiple-choice questions worth 3 points each. If he had one of the 7-point problems wrong, how many of the multiple-choice questions did he miss?"
1356cae,"In , D is on side and E is on side . If$DB=BE,$then (cid:$112)BED=$"
1357caf,"If (cid:112)A is four times (cid:112)B, and the complement of (cid:112)B is four times the complement of (cid:112)A, then (cid:$112)B=$"
1358cag,"The points A, B, C, and D lie on the circle. If ,$DE=2,$$BE=1,$and$EC=1/2,$what is the length of ?"
1359cah,The area of the shaded region formed by the four semicircles in the given unit square is
1360cai,In how many ways can 6 people be lined up to get on a bus if 3 specific persons insist on following each other?
1361caj,Assume that girl-boy births are equally probable. The probability that a family with 5 children has at least one girl is
1362cak,"An old car has to travel a 2-mile route, 1 mile uphill and 1 mile downhill. Because it is so old, the car can climb the first mile-the ascent-no faster than an average speed of 15 mi/hr. How fast does the car need to travel the second mile-on the descent it can go faster, of course-in order to achieve an average speed of 30 mi/hr for the trip?"
1363cal,"If A is 15% of C and B is 25% of C, then what percent of B is A?"
1364cam,It took Tim 30 minutes to walk from his home to his friend’s house to pick up his bicycle. On the bike Tim is 5 times faster than on foot. How long will it take Tim to ride back home if he chooses a route back that is twice as long as the one he took walking from home?
1365can,The value of is closest to 0.10
1366cao,Which of the following is largest
1367cap,"In the picture, the triangle (cid:85)ABC is equilateral with side length 2 and the vertex B at the origin of the Cartesian plane. The coordinates of the vertex A are"
1368caq,Let A and B be two circles such that the circumference of A is 10% of that of
1369car,An isosceles triangle is inscribed inside a circle of radius 12 so that one of its sides passes through the center. What is the area of the triangle?
1370cas,Three circles of the same radius r are stacked as in the figure. The height of the stack in terms of the radius r is
1371cat,Let the operation ∗ be defined asa∗b$=b+$. The value of (1∗2)∗4 is a 1 1 1
1372cau,"If$b^2$$+7b=120,$then one possible value for$b^2$-4bis"
1373cav,Carry out the division and simplify$\div$$x^2$+2x-3$x^2$-x-12$x^2$-4 (x+2)(x-2)2 x-4
1374caw,A store advertised 20% off fashion watches. One watch had a sale price of$36.76. What was the regular price?
1375cax,An operator assisted telephone call to another state costs$10.15 for 15 minutes. The same call dialed directly costs$0.60 for the first minute and$0.40 for each additional minute. How much money is saved on a 15 minute call by dialing direct?
1376cay,How long will it take a carpenter to cut a 4 in by 4 in by 8 ft piece of treated lumber into four equal pieces if each cut takes$2\frac{1}{2}$minutes?
1377caz,A health club has an initiation fee plus a monthly membership fee. Amy paid a total of$390 for six months of membership plus the initiation fee. Juan paid a total of$435 for nine months of membership plus the initiation fee. What is the initiation fee?
1378cba,"The legs of a picnic table with the table top form an isosceles triangle as indicated in the picture (the parts of the legs being the equal sides). If the measure of the angle ABC is 80°, what is the measure of the angle y?"
1379cbb,The expression is equivalent to 3$ab^2$3$ab^2$
1380cbc,What is the smallest prime number that is a factor of the sum of 581 and 329?
1381cbd,"A pack of rats abandoned a sinking ship and colonized a deserted island. In the first year their population tripled. In the second year it fell 6 short of doubling. In the third year it increased by 24. In each of the next two years it was cut in half, so that after 5 years, the population stood at 15. How many rats were in the original colony?"
1382cbe,"A legally caught fish needs to be both in season and of size no less than the legal size limit. If two-fifths of the fish in the lake are out of season, and three-fourths of the fish that are in season are under the legal size limit, what fraction of the fish in the lake are legal to catch?"
1383cbf,Simplify x-2 - y-2 1 xy
1384cbg,"Circles of radius 4 and 9 are tangent to each other and to a horizontal line. Find the distance d(P,Q) between the two points of tangency with the line"
1385cbh,The sum of the distinct solutions of the equation (x- )2 -2x+$=-1$is x x
1386cbi,The size of a TV screen is described by the length of its diagonal. The ratio of the height to width is the same for all televisions. How much larger is the area of a 30” screen than the area of 20” screen?
1387cbj,Which of the following numbers are prime?
1388cbk,"Olivia had a math quiz every school day. In addition to studying, she dropped some coins in a fountain on her way to school for good luck. However, she also felt that throwing in the same amount twice would bring bad luck. What is the maximum number of visits she could make to the fountain to toss in a total of 100 pennies so that the quantity of coins differed from the previous tosses?"
1389cbl,"Find all solutions of the equation 2 cos t + 1$=$0 in the interval [0,2(cid:66))."
1390cbm,Trees A and B are 500 feet apart on the same side of a swamp. On the opposite side of the swamp is a tree
1391cbn,Find the term involving$x^12$in the expansion of$(x^2$+ 2y)9.
1392cbo,How many of the following statements are true? i) sin (cid:34)$>$sec (cid:34) for some angle (cid:34) ii) ln (cid:81) (cid:36) log 4 3 iii) log(10x)$=$1 + logx for all x in the domain iv) tan(x + (cid:66))$=$tanx + tan(cid:66) for all x
1393cbp,If then t is equal to
1394cbq,"In the figure below, is tangent to circle O at"
1395cbr,The sum of the real solutions to$log(x^2(cid$:33)11) (cid:33) log x$=$1 is
1396cbs,"The sum of the real roots, counting multiplicity, of$x^5$(cid:33)$3x^3$+$2x^2$$=$0 is"
1397cbt,"Write csc(cos(cid:33)1 x) as an algebraic expression in x, free of trigonometric or inverse trigonometric functions."
1398cbu,"If f(x)$=$2x, then f(1) + f(2) + f (3) + f(4) + (cid:254) + f(20) is equal to Level II/Page 3"
1399cbv,The number of intersection points of the graphs of the polar equations r$=$4sin(cid:50) and r$=$4cos(cid:50) is
1400cbw,Five distinct points are selected on the circumference of a circle. How many triangles can be drawn using these five points as vertices?
1401cbx,"A homeowner has 80 feet of chain-link fencing to be used to construct a dog pen adjacent to a house (see the figure). Which graph best describes the area, A(x), of the enclosed area?"
1402cby,"For , the domain of f (cid:33)1(x) is"
1403cbz,What is the lowest possible degree of the polynomial whose graph is shown?
1404cca,The fourth number in the list is missing. Find the sum of the digits of this missing number. 5 11 23 ??? 95 191
1405ccb,"If line (cid:82) is parallel to line m, how big is the angle marked x?"
1406ccc,"In a bag there are six white balls and four black balls. Two balls are taken out at random, one at a time, without replacement. What is the probability that the second ball taken out is black?"
1407ccd,A car can go r miles on s gallons of gasoline. How many gallons of gas would it need for a t-mile trip?
1408cce,"PQR is an equilateral triangle. The points U, V, W, X, Y, Z trisect the sides. What is the ratio of the area of the shaded quadrilateral UWXY to the area of the whole triangle PQR?"
1409ccf,"Recall that 50! represents the product of all the whole numbers from 1 to 50 inclusive. If you were to calculate the actual value of 50!, how many zeros would the answer have at the end?"
1410ccg,"(A) The LCM of 6, 9, and 10 is 90, so lockers 90, 180, 270, 360, and 450 will have all three decals.$a^2b^2(a$-b)$a^2b^2(a$-b)$a^2b^2$"
1411cch,(E) Multiplying numerator and denominator by$a^2b^2$gives$=$$=$- .$b^2$$-a^2$(b-a)(b+a) a +b
1412cci,"(B) x$=1$is clearly a solution and long or synthetic division or trial-and-error gives the factorization (x$-1)(2x^2$+7x$+5)=$0, or (x -1)(2x +5)(x$+1)=$0. The sum of the solutions is 1+ (-2.5) +$(-1)=$-2.5."
1413ccj,"(D) There are$5\cdot^4$$=$20possible orderings of 2 people from the 5, and two of these$(W^1$$W^2,$or$W^2$$W^1,$where$W^1$and$W^2$are the two women) consist of the two women only. Two of the 20 gives 10%. x -6 x -6"
1414cck,"(E) Using a property of the log function, this simplifies to log $=1,$and so$=10since$it is base 10. Therefore,  x +3 x +3 x -6$=10x$+30or x$=$-4. Since -4 is not in the domain, there is no solution."
1415ccl,"(C) Using G, B, M, and P for the number of glasses, bowls, mugs, and plates, respectively, we have the three equations G + B$=$M, B$=$G + P,3P$=$2M . From Eq 1, 2G +2B$=$2M , and combining with Eq. 3, then, 3P$=$2G +2B. Finally, from Eq. 2, P$=$B-G, so$3(B-G)=$2G +2B, or B$=$5G."
1416ccm,"(C) Let (cid:65)be the length of the level road in miles and sthe length of the trail. Since they travel each twice, the total distance is (cid:65) s s (cid:65) (cid:65) s 2(cid:65)+2s. Using time is distance divided by rate, we have + + +$=$6, or +$=$6. Multiplying both sides by 4, 4 3 6 4 2 2 2(cid:65)+2s$=$24. 1"
1417ccn,"(D) log$=$log 1-log y$=$-log y, and by taking the log of both sides of 2x$=$y, we get x$=$log y. So, 2 y 2 2 2 2 1 log$=$-log y$=$-x. 2 y 2"
1418cco,"(D) A graph of y$=$cos\theta, shows this characteristic."
1419ccp,"(A) Since it is absolute value, 3x$+1>$x +1 or 3x$+1<$-(x +1), and solving each inequality, we get 2x$>$0 and 1 4x$<$-2, respectively. So, x$>$0 or x$<$- . 2"
1420ccq,"(A) Since the sine and cosine functions both have ranges between -1 and 1, inclusive, the product of these functions must also be between -1 and 1, inclusive. So, the only possibility is sin AcosB$=1,$which can only happen when sin$A=$cosB$=1$or sin$A=$cosB$=$-1."
1421ccr,"(D) Since the part remaining is similar to the whole pyramid and the builder had 25/100$=1/$4of the heght to complete, he/she had (1/ 4)3$=1/$64of the volume to complete. Since the builder failed to complete 1/64th of the pyramid, he/she completed 63/64th of the job."
1422ccs,"(B) The minute hand is on the 9 and the hour hand is$45/60=3/4$of the way past the seven, or 1/4 th of the way to the 8. Since there are$360/12=30$degrees between two consecutive numbers on the clock, we have 30 (between the 8 and the minute hand) 1 plus$\cdot^30$$=$7.5(between the 8 and the hour hand) degrees. 4"
1423cct,"(C) There are$10\cdot^9\cdot^8\cdot^7possible$committees (orderings) of 4 people from the 10. For any of 6 orderings that have two men and two women (MMWW, MWWM, MWMW, WMMW, WWMM, WMWM), there are$5\cdot^4\cdot^5\cdot^4possibilities$for choosing$6\cdot^5\cdot^4\cdot^5\cdot^4$$3\cdot^4\cdot^5\cdot^4$$5\cdot^2$10 the two men and two women. So, the probability is$=$$=$$=$.$10\cdot^9\cdot^8\cdot^7$$9\cdot^8\cdot^7$$3\cdot^7$21 10 x"
1424ccu,"(C) Since the streamers (vertical lines) are parallel to the pole (10 ft), we can use repeated similar triangles to get$=$1 , 40 39 10 x 10 x 10 x 10 x$=$2 ,$=$3 (x$=$xin the picture),$=$4 , …,$=$37 , 40 38 40 37 3 40 36 40 3 10 x 10 x 10 x$=$38 ,$=$39 . So, 40 2 40 1 37 1 1 1 40 10 1$40\cdot^39$x + x +(cid:34)+x$=$(39+38+37+(cid:$34)+2+1)=$$\cdot$$=195.$1 2 39 40 4 2"
1425ccv,"(A) From the figure, x +4y +11x$=12x$+4y$=180.$From x + y$=$20, y$=$20- x, so 12x +4(20-$x)=180.$Solving, we get 8x$=100,$or x$=12.5.$"
1426ccw,"(D) Getting a common denominator, we have$(1+sint)(1+sint)+cost\cdotcost$1+2sint$+sin^2t$$+cos^2t$2+2sint 2$=$$=$$=$$=$2sect . cost(1+sint) cost(1+sint) cost(1+sint) cost"
1427ccx,"(B) From the figure and the Pythogorean Theorem, (r -8)2 +(r -9)2$=$$r^2$. Expanding, we get,$2r^2$-34r$+145=$$r^2$, or$r^2$-34r$+145=$(r -29)(r$-5)=$0. From the placement of P in the figure, only r$=$29will work."
1428ccy,"(D) If we let h be the height of the cathedral to the top of the spire, x the height of the hill, and y the distance from the base of the hill to the point P, then x h+ x h+ x Top of the spire$tan^30=$,$tan^60=$,$tan^45=$. From these equations, y y 200+ y$h=cathedral$y$=$3 x, 3 y$=$h+ x, 200+ y$=$h+ x, respectively. The first 2$x=Hill$200 30 equations combine to give 3x$=$x+h, or x$=$h/2,and substituting into the third 45 60 yP equation, y$=3h/2-200.$Finally, substituting these expressions of x and y in 3 3 h 3h 2 400 3(3 3+3) 200 3 terms of h into equation 2, So, -200 3$=$, or h$=$$\cdot200$3$=$$=$200+ 2 2 3 3-3 18 6"
1429ccz,"(B) There are C$=190different$segments connecting 2 of the 20 points. The segments of integer length are from the four 20 2 horizontal sequences of five points,$4\cdot$C$=$40, and the 5 vertical sequences of four points,$5\cdot$C$=$30. The remaining 5 2 4 2 lengths come from diagonal segments, and from the Pythagorean theorem, we need a hypotenuse of integer (rational) length. These can only come from the 3-4-5 triangles, where the diagonal is length 5, and there are 2 of these. So the probability is$72/190=36/95.$• • • • • • • • • • • • • • •3 • • • • • 4"
1430cda,"(D) Every cubic polynomial has 3 roots, call them a, b, and c (counting complex roots), and since the graph of the second equation is just the graph of the first shifted to the right 3 units, the roots of the second are a+3, b+3, and c+3. So the sum of the roots is a+b+c+9$=$(-4) +$9=5.$"
1431cdb,"(D) The volume is the area of the base times the height of the prism. The area of the base is the area of l 3 3 h the rhombus(shown), which is base times height$=$$1\cdot$$=$. The height of the prism, from the 2 2 60 3 3 3 3 3 3 3 figure, is$\cdot$$=$. Therefore, the volume is$\cdot$$=$. 2 2 4 2 4 8"
1432cdc,"(D) arccos(-5/13)is the 4th quadrant angle whose cosine is -5/13. Therefore, the sine of this angle is 12/13. 13 12"
1433cdd,(D) Let t be the time (in hours) that the candle burns. Then the amount that is burned off of the first candle in t hours is t/6 (so 1-t/6 remains) and the amount burned off of the second candle is t/3 (or 1-t/3 remains). The 5 question asks for the time t when 1-t /$6=$2(1-t /3). The solution is t$=$2 hours.
1434cde,"The lockers in Pythagoras Middle School are numbered from 1 through 500. Starting the count with locker 1, every sixth locker has a blue decal, every ninth locker has a yellow decal, and every tenth locker has a green decal. How many lockers have all three decals?"
1435cdf,The sum of all solutions to the equation$2x^3+5x^2(cid$:33)2x(cid:$33)5=0$is
1436cdg,"Three men and two women are waiting to be interviewed for jobs. If they are selected at random, the probability that all the women will be interviewed first is"
1437cdh,The sum of the solutions of the equation log(x(cid:33)6)(cid:$33)log(x+3)=1$is
1438cdi,"Caleb has a balancing scale and finds that a glass and a bowl balance a mug. The bowl alone balances a glass and a plate, and three plates balance two mugs. How many glasses balance a bowl?"
1439cdj,"The hiking club set out at 12 noon. The members hiked along a level road at a steady rate of 4 mph; up a mountain trail at 3 mph; immediately back down the mountain trail at 6 mph, and back home along the level road, again at 4 mph. They got back at 6:00 p.m. How far did the club hike?"
1440cdk,If$2x=y$then what is ?
1441cdl,"As (cid:50) increases from 90 degrees to 180 degrees, cos(cid:50)"
1442cdm,The solution set of the inequality is
1443cdn,"The Pharaoh Chaot IX planned a grand solid pyramid 100m high to be buried under. The builder ran out of stone when it was only 75m high and left it with a flat top. If the builder was paid the prorated price (paid for the part of the job he completed), what fraction of the agreed price did he receive?"
1444cdo,What is the angle between the hour and minute hands of an ordinary clock showing 7:45 p.m.
1445cdp,"If a committee of 4 is to be chosen from 5 men and 5 women, what is the probability that it will consist of 2 men and 2 women?"
1446cdq,"A guy wire extends from the top of a 10 foot pole to a point on the level ground 40 feet from the pole. Starting 1 foot from the base of the pole, vertical streamers spaced 1 foot apart extend from the wire to the ground. How many feet of material is required for the streamers?"
1447cdr,"Given that x + y$=$20, the value of x in the figure is"
1448cds,"If we perform the indicated operations in the expression and simplify, then we would obtain"
1449cdt,A circular table is pushed into the corner of a square room so that a point P on the edge of the table is 8 inches from one wall and 9 inches from the other wall as shown. Find the radius of the table in inches.
1450cdu,"A cathedral is located at the top of a hill. When the top of the spire is viewed from the base of the hill, the angle of the elevation is 60°. When the spire is viewed from a distance of 200 feet from the base of the hill, the angle of elevation 45°. If the hill rises at an angle of 30°, then the height, in feet, of the cathedral is"
1451cdv,"Two points are randomly and simultaneously selected from the 4$\times$5 grid of 20 lattice points {(m,n):1(cid:35)m(cid:35)5,1(cid:35)n(cid:35)4, with m and n integers}. What is the probability that the distance between them is a rational number?"
1452cdw,"The solution, x, of the equation is"
1453cdx,The sum of the roots of$x^3+4x^2(cid$:33)7x(cid:$33)10=0$is (cid:33)4. What is the sum of the roots of (x(cid:33)3)3+4(x(cid:33)3)2(cid:33)7(x(cid:33)3)(cid:$33)10=0$?
1454cdy,"Find the volume of a rhombic prism, that is, a prism with six identical rhombuses as faces, whose faces have edge lengths 1 and whose face angles are 60 degrees and 120 degrees."
1455cdz,The value of is
1456cea,Two candles of equal length are lit at 8:00 p.m. One candle takes 6 hours to burn out; the other takes three hours. When is one candle exactly twice as long as the other?
1457ceb,Let f be the function defined by for some positive
1458cec,"As a promotional campaign a music store gave away CDs. Four people received CDs. The first person got 1/3 of the CDs, the second person got 1/4 of the CDs, the third person got 1/6 of the CDs, and the fourth person got 12 CDs. How many CDs did the first person get?"
1459ced,Let f be a degree 3 polynomial with leading coefficient 1. Suppose that$x=3$is a double zero of f and that$f(0)=3.$The third zero of f is
1460cee,"Four whole numbers, when added three at a time, give the sums 180, 197, 208, and 222. What is the largest of the four numbers?"
1461cef,"If , find a constant c so that"
1462ceg,Which of the following equations have the same graph? I. II. III.
1463ceh,"A tank has two identical drainage valves. With only one valve open, the full tank can be drained in 4 hours. If we start draining the full tank using both valves until the tank is 1/4 full, then let the rest drain through one valve only, the time it will take to drain the tank is"
1464cei,Find the integer a so that .
1465cej,"If and sin$x=0.1,$then"
1466cek,Which of the following trigonometric equations is false for all x?
1467cel,"When , the value of the expression in terms of sin t equals"
1468cem,"The equation of the tangent line to the circle$x^2$+$y^2$$=$25 at the point (4,3) is"
1469cen,How many positive integers less than 50 have an odd number of positive integer divisors?
1470ceo,A circle is inscribed in a square. A$2\times^4$rectangle shares an upper left vertex with the square and its lower right vertex is on the circle as in the figure. What is the radius of the circle?
1471cep,Two circles have the same radius r. Their centers are a distance of apart. The area of the intersection of the circles is
1472ceq,"In the figure, ABCD is a quadrilateral with right angles at A and"
1473cer,"If and , then is"
1474ces,"If , then a equals"
1475cet,In how many ways can 6 people be lined up to get on a bus if 2 specific persons refuse to follow each other?
1476ceu,"Nine chairs in a row are to be occupied by six students and Professors Alpha, Beta, and Gamma. These three professors arrive before the six students and decide to choose their chairs so that each professor will be between two students. In how many ways can Professor Alpha, Beta, and Gamma choose their chairs?"
1477cev,Find the maximum vertical distance d between the parabola y$=$(cid:$33)2x^2$+ 4x + 3 and the line y$=$x (cid:33) 2 throughout the shaded region in the figure.
1478cew,"Two men stand 200 feet apart with a vertical flagpole in between them. If the angles of elevation of the top of the flagpole are 30° and 45°, how tall is the pole?"
1479cex,"At noon, a car and a van are 120 miles apart on a straight road and driving toward each other at a speed of 40 mi/hr. A fly starts from the front bumper of the van at noon and flies to the bumper of the car, then immediately back to the bumper of the van, back to the car, and so on, until the car and the van meet. If the fly flies at a speed of 100 mi/hr, what is the total distance it travels?"
1480cey,"An amoeba propagates by simple division; each split into two takes 3 minutes to complete. When such an amoeba is put into a glass container with a nutrient fluid, the container will be full of amoebas in one hour. How long would it take for the container to be filled if we start with not one amoeba, but two?"
1481cez,"If log (32)-log (27)$=$log ( ), then x is 2 3 4 5"
1482cfa,"The rhombus ABCD is made by gluing two equilateral triangles ABD and BCD along their common edge, and is placed so that ABis along the horizontal x-axis. The point E bisects the segment DC. Then the slope of the line AE is 3"
1483cfb,"In a local election, 3000 votes were cast to elect one of the three candidates A, B, and"
1484cfc,Simplify$x^2$+x-12 x+3 x+2
1485cfd,Let$f(x)=$$x^2$+4x+2. Let R be the quadrangle (quadrilateral) in the Cartesian plane whose vertices coincide with the x-intercepts of f and the vertices of the parabolas y$=$f(x) andy$=-f(x).$The area of R is
1486cfe,"In a class of 60 junior and senior students, 21 are girls, 34 are juniors, and 20 are senior boys. How many juniors are girls?"
1487cff,A large water tank has two drain outlets A and
1488cfg,The figure shows a regular octagon of side 1. The area of the shaded region is 3 3 2
1489cfh,The length of the side of a regular hexagon with area 1$in^2$is 3 3 3 2 3
1490cfi,"If all the roots (zeros) of the polynomial f(x)$=$$x^5$$+ax^4$$+bx^3$$+cx^2$+dx-420are integers larger than 1, then f(4)equals"
1491cfj,"In the figure, the two circles both have radius 1 and centers O and P respectively. The line PQ is tangent to the first circle and passes through the center of the second, and the line OQ is perpendicular to the line OP joining the centers. The length of the segment OQ is 3 2"
1492cfk,"If f( )$=$for all$x\neq^0,1$and$0<\theta<\pi$2 then$f(sec^2\theta)=$x-1 x"
1493cfl,Suppose that x satisfies the equationsinx$=$. Then cosxequals tanx 3 5-1 5
1494cfm,The domain for the inverse of the function f(x)$=$x -5 is:
1495cfn,"A cashier found that he was often asked to give change for a dollar to people who made no purchase but wanted a dime or two nickels for a parking meter. He started thinking one day about the number of ways he could make change using the coins half-dollar, quarter, dime, nickel, and penny. If he gave no more than four of any coin, in how many different ways could he give change for a dollar to people who needed a dime or two nickels for parking?"
1496cfo,Three cylindrical drums of 2-foot diameters are to be securely fastened in the form of a triangle by a steel band. What length of band will be required?
1497cfp,A high school runner wants to run a 5-minute mile in his next race. That’s an average of 12 miles per hour. He figures he’ll start out slowly and finish strong. He runs the first half-mile at 10 miles per hour. How fast must he run the last half-mile so that his time for the race is 5 minutes?
1498cfq,"Using digits from {0,1, … , 9}, a pair of digits (from 00 through 99) is produced as follows. The first digit is randomly selected and registered. A second digit is randomly selected and registered if it differed from the first one. Otherwise a fair coin is flipped. If the coin is heads the digit is registered, and if the coin is tails, a digit is randomly selected and registered. What is the probability that the two registered digits are equal?"
1499cfr,Let y$=mx+b$be the image when the line x-3y$+11=0$is reflected across the x- axis. The value of m + b is
1500cfs,Let the operation ∗ be defined asa∗b$=b+$. The value of (1∗2)∗4 is a 1 1 1
1501cft,"One hundred students at Century High School took an exam last year, and their mean score was 100. The number of non-seniors taking the exam was 50% more than the number of seniors, and the mean score of the seniors was 50% higher than that of the non-seniors. What was the mean score of the seniors?"
1502cfu,"A survey indicated that in a particular city, 60% of the patients visiting a doctor have a physical disorder, 35% have an emotional disorder, and 25% have both a physical disorder and an emotional disorder. What is the probability of a person having neither a physical nor an emotional disorder visiting a doctor?"
1503cfv,For what values of k will the remainder of division of$x^2$+kx+4 by x-1 be twice the remainder of division$ofx^2$+ kx+4byx+1?
1504cfw,The solution of the equation$log(logx)=2$is
1505cfx,"Given the isosceles triangle AEF (where AE$=$AF) with a path of 5 congruent segments A - B - C - D - E - F, the degree measure of angle A is"
1506cfy,"( D ) The volume of a cylinder is$\pir^2h,$so if the radius is increased by 50% to r+.5r$=1.5r$, then the volume is$2.25\pir^2h-\pir^2h$$\pi(1.5r)2h=2.25\pir^2h.$Therefore, the percent increase is$=1.25or$125%.$\pir^2h$"
1507cfz,"( B ) The log function has domain (0,∞). The domain of y$=logx^2$is (-∞,0)∪(0,∞)since$x^2$is positive on this interval, but the domain of y$=2logxis$(0,∞)since this is the interval on which xis positive. Therefore, B is true and A, C, and D must be false - they cannot be the same function, or multiples of each other, or have the same domain if their domains are different. T T"
1508cga,"( D ) Tracy calculated and the correct average is . Since the correct average is 14 more than what she 6 5 calculated, we have T$+14=$T . 6 5"
1509cgb,"( D ) Looking at the net for the room, the shortest distance"
1510cgc,"( A ) Let d be the diameter of the balls. The triangle shown is a 30-60-90 triangle since one leg is half the length of the hypotenuse. So, the side opposite the 60 degree angle is 3times the short leg. This gives 33-d$=2d$3 or 33 33(1-2 3) d$=$. Rationalizing, we get d$=$$=6$3-3. 1+2 3 -11"
1511cgd,"( C ) Let a represent the nth term of the sequence. We have a$=a$$=8$and, being the sum of the previous two n 1 7 terms, a$=a$+a$=8+a$. Continuing, a$=a$+a$=8+2a$, a$=a$+a$=16+3a$, 3 1 2 2 4 2 3 2 5 3 4 2 a$=a$+a$=24+5a$, a$=a$+a$=40+8a$. Now, substituting 8 for a in the last equation we have 6 4 5 2 7 5 6 2 7$8=40+8a$, or a$=-4.$Substituting -4in the expression for a , a$=16+3(-4)=4.$2 2 5 5"
1512cge,"( D ) If ba$=1then$one of the following three cases must be true. I.$a=0$and$b\neq^0$: Solving$x^2$$-9x+20=0,$$(x-4)(x-1)=0$or$x=4,5.$Checking,$x^2$$-5x+5\neq^0at$4 or 5. II.$b=1$: Solving$x^2$$-5x+5=1$⇔$x^2$$-5x+4=0,$so$(x-4)(x-1)=0$or$x=1,4.$III.$b=-1$and a iseven: Solving,$x^2$$-5x+5=-1$⇒$x^2$$-5x+6=0$⇒$(x-6)(x+1)=0,$so$x=-1,6.$Check that (-1)2$-9(-1)+20=30,62$$-9(6)+20=2$are both even. Summing all the different values,$4+5+1+(-1)+6=15.$"
1513cgf,"( C ) Since 202 base 5 is$2(52)+0(51)+2(50)=52in$base 10, the given base 3 numeral must be equal to 52 base"
1514cgg,"So,$52=1(33)+x(32)+2(31)+1(30),$or, equivalently,$52=9x+34,$Solving,$x=2.$"
1515cgh,"( D ) Writing each with the common base 2, the given expression is equivalent to log 4log 5log 6log 7log 8 (log 3) 2  2  2  2  2 $=log$$8=3$2 log 3 log 4 log 5 log 6 log 7 2       2 2 2 2 2"
1516cgi,"( C ) Each being a factor, and the leading coefficient of f being a,$ax^3+bx^2$$+cx+3=a(x-2)(x-3)(x-4).$Equating the constant term on each side,$3=a(-24),$so$a=-1$. 8"
1517cgj,"( C ) Using the right triangle ratios and the Pythagorean theorem to find the third side of the right triangle,$sina=$3 implies$cosa=$± 4 . But,$cosa<0,$so$cosa=-$4 and 5 5 5$sin(2a)=2sinacosa$$=2$(3 )(-4 )$=-$24 5 5 25 5 3 a 4"
1518cgk,"( B ) Average speed is total distance divided by the total time. If we let d be the distance for one lap, then the total d d 5d distance is 2d. The total time is the sum of the times for each lap, which is +$=$. Therefore, the 180 120 360 average speed is 2d$=$2$360=144mph.$5d 5 360"
1519cgl,"( A )Since$tan\theta=$-3$<0$and$sec\theta>0,$we know$cos\theta>0and$$sin\theta<0,$so$\theta=arctan(-3$)is a fourth 4 4 quadrant angle. Then, arctan(3 ) is the first quadrant angle -\theta. We have sin(arctan(3$))=sin(-\theta)=-sin\theta,$and 4 4 from the same triangle as in (11) above,$sin\theta=-3$since in the fourth quadrant. Its negative is 3 . 5 5"
1520cgm,"( C ) Using N for nickel, D for dime, and Q for quarter, the possible change combinations are 10N, 5D, 2Q, 8N&1D, 6N&2D, 4N &3D, 2N&4D,$1Q^5N,$$1Q^1D^3N,$$1Q^2D^1N.$Of these ten possible outcomes, three have 1 quarter."
1521cgn,"( B )There are 3 possible positions that John and Julie can occupy so that they are not next to each other: X _ _ X, X _ X _, or _ X _ X. For each of these three positions, John and Julie can be in either order, and the other two can be in either order in the other slots. So, there are$3(2)(2)=12$possible ways."
1522cgo,"( C ) At 4:00 p.m. the hour hand is 20 minutes ahead of the minute hand. If we let xbe the number of minutes it will take the minute hand to catch the hour hand, then the hour hand will travel x-20 minutes. If ris the speed of the hour hand,$then^12ris$the speed of the minute hand. The time it will take for them to coincide is then x x-20 240 9$=$, which is equivalent to 11xr$=240r$, or$x=$$=21$minutes, which is closest to 4:22 p.m. 12r r 11 11"
1523cgp,"( C )Avoiding 0 and repeats, there are$9\cdot^8\cdot^7\cdot^6=3024weird$four-digit numbers. A 4-digit goofy number could have 2, 4, 6, or 8 as the first digit, and any of 0, 2, 4, 6, 8 for the remaining three digits, so there are$4\cdot^5\cdot^5\cdot^5=500of$these. We need to throw out the numbers that are both weird and goofy, as these were counted twice. If weird and goofy, each digit must be 2, 4, 6, or 8 and there can be no repeating digits, so there are$4\cdot^3\cdot^2\cdot^1=24$of these. There are, then,$3024+500-24=3500$that are weird or goofy."
1524cgq,"( D )Writing down the first few terms and expressing them in terms of a ,a and a : 1 2 3 a$=a$(a +a ), a$=a$(a +a$)=a$(a +a )(a +a )and 4 3 2 1 5 4 3 2 3 2 1 3 2 a$=a$(a +a$)=a$(a +a )(a +a )[a (a +a )+a$]=a$(a +a )(a +a )[a (a +a +1)]. Therefore, 6 5 4 3 3 2 1 3 2 3 2 1 3 3 2 1 3 2 3 2 1$144=a^2(a$+a )(a +a )(a +a +1). This shows that$a^2$is a factor and so are the consecutive integers 3 3 2 2 1 2 1 3 (a +a ) and (a +a +1). Now$144=122$$=24\cdot^32,$so it has factor 1,2,3,4,6,8,9,12,16,18,24,36,48,72,144. The 2 1 2 1 only consecutive pairs are 1,2 or 2,3 or 3,4 or 8,9. I. (1,2): Can't occur since a +a$\ge^2.$1 2 II. (2,3): If a +a$=$2 then they are both 1, so 144$=$$6a^2(a$+1)or 24$=$$a^2(a$+1). No factor a of 1 2 3 3 3 3 3 24 satisfies this criteria. III. (3,4): If a +a$=3$then 144$=12a^2(a$+a ) or 12$=$$a^2(a$+a ). Therefore, a$=$2and a$=1,$1 2 3 3 2 3 3 2 3 2 which implies a$=$2. Substituting, a$=$6,a$=18,and$a$=144(18+6)=$3456. 1 4 5 7 IV. (8,9): If a +a$=$8 then 144$=$$72a^2(a$+a ), so a$=$a$=1leaving$a$=$7. Substituting, 1 2 3 3 2 3 2 1 a$=$8,a$=16,and$a$=144(16+8)=3456.$4 5 7"
1525cgr,"( D ) Following the steps: (1) Let$a=$age (2) 2a (3) 2a+5 (4) 50(2a +5) (5) 50(2a +5)-365 (6) 50(2a+5)-365+h, where$h=$height in inches (7) 50(2a+5)-365+h+115. Solving$50(2a+5)-365+h+115=6364,$we have 100a+ h$=$6364. Safely assuming that Jim's grandfather is not taller than 100 inches(8ft 4in), we have a$=$63 years and h$=$64 inches."
1526cgs,"( B ) Let y$=$$x^2$-1, switch xand yto get x$=$$y^2$-1. Solving for ywe get y$=$± x +1 . The domain of f(x) is (-∞,0], so the range of f -1(x) is the same. So, f$-1(x)=$- x +1."
1527cgt,"( B ) The leading coefficient in the numerator and denominator is 1, so the horizontal asymptote is the line$x^3$+2x +2 y$=$1$=1.$To see if the graph intersects it, then, we solve$1=$, or$x^3$+$x^2$+ x$=$$x^3$+2x +2. This is 1$x^3$+$x^2$+ x equivalent to$x^2$- x$-2=$(x -2)(x$+1)=$0. So, x$=$2,-1. 8"
1528cgu,"( B ) Equating the amount of acid,$10(.20)+40(.15)=$50(x) or x$=$$=$0.16. 50"
1529cgv,"( B ) We need 4+3x -$x^2$$>$0, or$x^2$-3x -4$=$(x -4)(x$+1)<$0. This parabola, y$=$$x^2$-3x -4opens up, so its graph is negative (below the x-axis) between its zeros, which are -1and 4."
1530cgw,"(A) Let$f(x)=$$Ax^2$+ Bx +C, then$f(1)=$A+ B+C$<$0, so the point on the parabola with xcoordinate 1 is below the x- axis. Since there are no real zeros this means the entire parabola must lie below the xaxis. Therefore, it must open down,$A<$0, and the discriminant,$B^2$-4AC, must be negative. But$B^2$-4AC$<$0 and$A<$0implies C$<$0. 1 1 1+cost -(1-cost) 2cost"
1531cgx,"(B ) Here -$=$$=$. Solving$sin^2$t$+cos^2$t$=1for$cost, we get 1-cost 1+cost$1-cos^2$t$sin^2$t cost$=$±$1-sin^2$t . Since t is a third quadrant angle, the cosine function is negative, so cost$=$-$1-sin^2$t ."
1532cgy,"Find the equation of a line through the points ((cid:33)1,4) and (6,2)."
1533cgz,"A farmer wishes to erect a fence-line 640 feet long. If he wants a post every 16 feet, how many posts does he need?"
1534cha,The area of the larger square in the figure below is
1535chb,"A man purchased a radio for$55, gave the clerk a$100 bill and received change. Later the man returned and used a$20 bill to buy$12 worth of speaker wire for the radio. Hours later, the storekeeper was informed by the bank that the$100 and the$20 bill were counterfeit. The wholesale cost of the radio was$33. The wiring had a$7 wholesale cost. Ignoring the lost profit and the store overhead, how much is the storekeeper out, in dollars?"
1536chc,"If a square DEFG is drawn on the outside of regular pentagon ABCDE, how big is (cid:112)EAF?"
1537chd,Solve 3(2r + 1) + 1$=$27 (cid:33) 5(r(cid:33)2).
1538che,The fourth number in the list is missing. Find the sum of the digits of this missing number. 5 11 23 ??? 95 191
1539chf,"If , then is equal to:"
1540chg,"Four of the following five points, with the coordinates given, lie on a single straight line. Which one does not lie on the line?"
1541chh,"If line (cid:82) is parallel to line m, how big is the angle marked x?"
1542chi,"In a triangle PQR, no angle is larger than 85°. What is the smallest possible size of the smallest angle?"
1543chj,"The range, expressed in interval notation, of the function is:"
1544chk,"In a bag there are six white balls and four black balls. Two balls are taken out at random, one at a time, without replacement. What is the probability that the second ball taken out is black?"
1545chl,How many of the following statements are true? i) 50% of 80$=$80% of 50 ii)$\frac{3}{4}$of 72$=$54 iii) 2/91$>$2/93 iv) 3.106$\div$1.6$>$2
1546chm,"Two adjacent sides of a parallelogram are 12 m and 10 m in length. If the included angle is 60 degrees, what is the area of the parallelogram?"
1547chn,What is the smallest prime number that is a factor of the sum of 735 and 3115?
1548cho,A one foot metal rod is anchored at both ends. On a hot day it expands one inch and buckles in the middle. How high off the ground is it at its midpoint? Level I/Page 4
1549chp,"Caleb walks at 4 km per hour and runs at 6 km per hour. If he saves 3 minutes and 45 seconds by running instead of walking to school in the mornings, how far does Caleb live from school?"
1550chq,"Sam-the-Super-Snail is climbing a vertical stone 1 meter high. He climbs at a steady speed of 30 cm per hour, but each time the church clock strikes the shock causes him to slip down 1 cm. The clock strikes the hour, so at 1 o’clock he would slip back 1 cm, at 2 o’clock he would slip back 2 cm and so on. If he starts to climb just after the clock strikes 3:00 p.m., when will he reach the top?"
1551chr,"If the shading of squares is continued so that line m and line m(cid:78) become the lines of symmetry of the completed diagram, what is the largest possible number of squares left unshaded?"
1552chs,Which interval(s) gives all the values of a such that$2x^2$+ ax + 8$=$0 has no real solutions?
1553cht,A car can go r miles on s gallons of gasoline. How many gallons of gas would it need for a t-mile trip?
1554chu,"If 64 men and 64 women each received 64 pennies, what was the total number of pennies received?"
1555chv,"If the radius of a right circular cylinder is increased by 50%, what will the corresponding percent increase in the volume of the cylinder be?"
1556chw,"For the two functions of x, y$=$log$x^2$and y$=$2log x, which of the following is true?"
1557chx,"Tracy tried to compute the average of her five test scores and she mistakenly divided the correct total (T) of her scores by 6, and her result was 14 less than what the average should have been. Which of the following equations would determine the value of T."
1558chy,"The floor of a room is a 10 m by 10 m square and the room is 4 m high. A spider is in one of the corners of the floor and sees a fly across the room at the diagonally opposite corner on the ceiling. If the fly does not move, what is the shortest distance (in meters) the spider must travel to catch the fly?"
1559chz,"When people play pool, they first arrange the balls inside a frame, as shown in the figure. The diameters of the balls are all the same. Given that$AH=33$cm, find the diameter of a ball."
1560cia,"The first and seventh terms of a sequence are both 8. In addition, starting with the third term, each term is the sum of the previous two terms. What is the fifth term?"
1561cib,The sum of all different real values of x for which is
1562cic,Find the digit x such that the base three numeral$1x^21$represents the same number as the base five numeral
1563cid,Find the value of the product (log 3)(log 4)(log 5)(log 6)(log 7)(log 8). 2 3 4 5 6 7
1564cie,"Let . If each of (x(cid:33)2), (x(cid:33)3), (x(cid:33)4) is a factor of f, find the value of"
1565cif,"If and , what is ?"
1566cig,"A time trial for a car race consists of two laps around a race track. Driver 8 averages 180 miles per hour on the first lap, but, due to mechanical difficulties, only 120 miles per hour on the second lap. What is Driver 8's average speed for the time trial?"
1567cih,"If and , then is equal to"
1568cii,"You ask a cashier for change for a half dollar and request no pennies. Assuming that the manner in which he makes change is purely arbitrary, determine the probability that the change he gives you will include just one quarter."
1569cij,"In how many different orders can four children be arranged in a line if two children, John and Julie, refuse to stand next to each other?"
1570cik,"What is the first time, to the nearest minute, after 4:00 that the minute hand of a clock will overtake the hour hand?"
1571cil,Call a positive integer weird if no two of its digits are equal and no digit is 0. Call a positive integer goofy if all its digits are even. How many four-digit positive integers are either weird or goofy?
1572cim,"The terms a of a sequence of positive integers satisfy for$n=1,2,3,(cid$:64)(cid:64)(cid:64). If a$=144,$n 6 what is a ? 7"
1573cin,"Jim, in order to guess his grandfather’s height and age, had him do the following:"
1574cio,Write down his age. 2) Multiply it by 2. 3) Add 5. 4) Multiply this sum by 50. 5) Subtract 365. 6) Add his height (in inches). 7) Add 115. If the result was 6364. Guess Jim’s grandfather’s height and age.
1575cip,The inverse function of is
1576ciq,"Can the graph of cross its horizontal asymptote? If yes, then where?"
1577cir,The concentration of a mixture consisting of 10 gallons of 20%-acid and 40 gallons of 15%-acid is
1578cis,Find the domain of the function .
1579cit,Suppose that the quadratic expression has no real zeros and that One can conclude the following:
1580ciu,When the value of the expression in terms of sin t equals
1581civ,"Consider the equation p(x) :$ax^2+bx+c$$=$0 whose coefficients a, b and c are all non-zero, and each of them satisfies an equation that results from removing the term containing that coefficent from the equation p(x); for example, the coefficient b is a solution of the equation$ax^2+c=0.$What is the sum of all solutions of p(x)?"
1582ciw,"A marching band has 150 members. One day only part of them show up, but nobody wants totakethetimetocounthowmanythereare.$Theyfirstlineupinrowswith^5memberseach,$but there is one left over. Then they try rows with 6 members each, but there is still one left over.$Thentheytryrowsof^7,buttherearetwoleftover.$Howmanypeopleshouldlineupin each row so no members will be left over?"
1583cix,Which one of the following is the only true statement?
1584ciy,"Which of the following is equal to 10!? (If you are not familiar with the notation, the number n! is defined for any non-negative integer using the following recursive formula: 0!$=1$n!$=n\cdot((n-1)$!) for$n>0)$"
1585ciz,$Thebase^6expansionofonenumberis550.$$Thebase^5expansionofanothernumberis3440.$What is their greatest common divisor expanded in base 4?
1586cja,"A person walks along a beach, starting at point A, at a rate of 3mi/h and at point B, goes into the water Island$andswimsatarateof^2mi/hdiagonallyouttoanis-$$\sqrt{landthatisadistanceof}$3mifrompointC,directly$\sqrt{3miles}$across from the island on the shore, as shown in the picture. ThetotaldistancefrompointAtopointCis A B C 3mi. Therearetwodifferentchoicesforthedistance, in miles, from point A to point B that will result in a totaltimeforwalkingandswimmingofonehourand 3miles 40 minutes; what is the sum of those numbers?"
1587cjb,Which of the following is equal to$|||$$2022-45|||$?$\sqrt$$\sqrt$$\sqrt$$\sqrt$
1588cjc,Which of the following is equal to$6s^5$9s for all non-negative values of s?$\sqrt$(cid:112) (cid:112) (cid:112)
1589cjd,"If 73 cubesarestacked toforma$7\times^7\times^7$cube,how manysmallcubes areonthe surfaceof the large cube?"
1590cje,Each side of the cube depicted on the right is numbered with a positive integer in such a way that the products of the numbers on each pair of 10 5 opposite sides are all the same. Find the lowest possible sum of all the 1 14 numbers on the sides of the cube.
1591cjf,Find the largest integer smaller than 22+ 22+ 22+ 22.
1592cjg,"Pat and Mat were trying to calculate the average of two numbers a and b using their calcu- lator. First, Pat took the calculator and typed in$a+b\div^2$and got 30. Then Mat took the same calculator and typed in$b+a\div^2$and got 18. What was the correct average of the two numbers?"
1593cjh,"How many pairs of integers (x,y) are solutions of the equation$3x^2y-10xy-8y-17=0$?"
1594cji,For how many integers is an integer? n-2
1595cjj,A fair coin is tossed 100 times and it lands on heads all 100 times. What is the probability that it will land on heads on the 101st toss?
1596cjk,"If two woodchucks would chuck 32lb of wood in 12min, how much wood would 3 wood- chucks chuck in 8min?"
1597cjl,"Assuming that ‘wigglers’ are those who wiggle, ‘wobblers’ are those that wobble, and ‘wag- glers’ are those who waggle, which of the following sets of premises will necessarily lead to the conclusion that “Wilbur is not a weeble”?"
1598cjm,Which of the expressions is equal to 0 for every x? (cid:112)
1599cjn,$Theverticesofanequilateraltrianglelieonacirclewithradius^2.$Theareaofthetriangleis$\sqrt$$\sqrt$$\sqrt$$\sqrt$
1600cjo,How many 7-digit positive integers are made up of the digits 0 and 1 only and are divisible by 6?
1601cjp,Suppose that x and y satisfy x-y$=9$and xy$=-60.$The value of (x+y)+(x-y)+xy is x+y x+y
1602cjq,"A total of n points are equally spaced around a circle and are labeled with the integers 1 to n, in order. Two points are called diametrically opposite if the line segment joining them is a diameter of the circle. If the points labeled 7 and 35 are diametrically opposite, then n equals"
1603cjr,What is the area of a rhombus that has sides of length 10cm and diagonals that differ in length by 4cm?
1604cjs,"PointP$liesinsideanequilateraltrianglewhosesidesareoflength^2.$IfthedistancesfromP to each side of the triangle are x, y and z, what is x+y+z?$\sqrt$$\sqrt$"
1605cjt,"Arectangleisgivenwithlengthl$andwidthw,wherel>w.$$Oneofthemisincreasedby^20$%, while the other is decreased by 20%. What happens to the area of the rectangle?"
1606cju,Howmanysquaresaretherealtogetherinthisdiagram?
1607cjv,Howmanydifferentwaysaretheretopaya$9.75billifonlydimesandquartersareavailable?
1608cjw,"ThesquareABCD,withasidea,isinscribedinacircle. Outsideofeach sideofthesquare,therearesemicirclesasshown. Whatistheareaofthe D C shadedregion?$\pia^2$a"
1609cjx,"Theownersofanapartmentcomplexfindthatiftheycharge$500permonthforrenttheycanrentout all200units,butforevery$10increaseinrent,theyloseonerenter. Howmuchshouldtheychargeper monthtomaximizethemonthlyincome?"
1610cjy,"$Inasmallschool^7studentsareintheMathclass,$7areintheScienceclass,$and^8areintheMusic$class. ThreestudentsareinbothMathandScience,fiveareinbothScienceandMusic,andfourarein bothMathandMusic. Twostudentsaretakingallthreeclasses. Howmanystudentsaretheretakingat leastoneofthethreeclasses?"
1611cjz,"Iftheparabolay$=x^2+bx+c$$hasanx-interceptat^2anday-interceptat-8,whatisitsvertex$?"
1612cka,Theproductof 5and 3 7 is$\sqrt$$\sqrt$$\sqrt$$\sqrt$
1613ckb,$Acirculartablehasexactly^60chairsaroundit.$ThereareN peopleseatedaroundthetable. Thenext personcomingtothetablewillhavetobeseatednexttoanoccupiedseat. Findthesmallestpossible valueofN.
1614ckc,Simplifythefollowingexpression: yz - xz x y x-2y + y yz xz (cid:0) y-x (cid:1)(cid:0) y+x (cid:1)$z^2$$z^2(cid$:0) x+y (cid:1)
1615ckd,$Forhowmanyintegersnbetween^1and100canx^2+x-nbefactoredintotheproductoftwolinear$factorswithintegercoefficients?
1616cke,Thestrangeoperation∗isdefinedtobe: a a∗b:$=$a+ 1 b whereaandbarerealnumbers.$Find^5$∗(1∗3).
1617ckf,"0 1 x$x^2$Aquartercircleisinscribedinasquare. Arectanglewithdimensionsx$and^2x$(asshown)isinscribedintheregionofthesquareoutsideofthe circle,touchingthecircle,asshown. Whatistheradiusofthecircleifthe$diagonaloftherectangleequals^10units$?$\sqrt$"
1618ckg,ThecircumferenceofGus’$spizzais^30$%greaterthanthecircumferenceofMax’spizza. Theareaof Gus’spizzaiswhat%greaterthantheareaofMax’spizza?
1619ckh,"Ifxy$=10andx^2y+xy^2+x+y$$=99,findx^2+y^2.$"
1620cki,$Thedigitsofthewholenumbersfrom^1to^99areconcatenatedinordertoformthyenumberN$: N$=1234567891011121314...979899$Whichofthefollowingistrue?
1621ckj,Thedotsareoneunitapart. Whatisthearea(insquareunits)oftheregionthatiscommon toboththesquareandthetriangle?
1622ckk,$Ausedcarsalesmansells^2carsfor$$6000each. Hemakesa^25%profitonthefirstcarandtakesa^20% lossonthesecondcar. Whichofthefollowingistrue?
1623ckl,"Joewantstocookforhisfriendsusingarecipefromacookbook. Heneedstofeedalotofpeople,so hetriplestherecipe. Atthedinneronlytwothirdsofhisdishiseaten. Thenasheiscleaninguphe dropsonefourthoftheleftoversonthefloor,buthekeepstherest. Iftheoriginalcookbookrecipe$makes^8servings,howmanyservingswilltheleftoversmake$?"
1624ckm,"MaxandGusstarttheirnewjobsonthesameday. InMax’sschedule,onerest-dayfollowseverythree work-days. InGus’sschedule,threerest-daysfolloweverysevenwork-days. Howmanytimesduring theirfirst1000daysdotheybothhavearest-dayonthesameday?"
1625ckn,"Two similar triangles, (cid:52)ABC and (cid:52)DEF have F P bases on line AE. The area of (cid:52)ABC is 100 x square units, while the area of (cid:52)DEF is 144 C squareunits. ThesideDE$is^6unitslong.$The linesAE andPF areparallel. Findx."
1626cko,"Howmanyorderedpairs(m,n)ofpositiveintegersaresolutionsto 4 2 +$=1$? m n"
1627ckp,"Abagcontainsamixofredandbluemarbles. Ifoneredmarbleisremoved,thenone-seventhofthe remainingmarblesarered. Iftwobluemarblesareremovedinsteadofonered,thenone-fifthofthe remainingmarblesarered. Howmanymarbleswereinthebagoriginally?"
1628ckq,"Whichshapecannot befilled,withoutanyoverlapping,usingcopiesofthe tileshowedontheright?"
1629ckr,Ithrowaballverticallyupintotheair. Whichofthesegraphsmightreasonablyshowthespeeds ofthe ballasafunctionoftimet sinceleavingmyhand? s s s s s
1630cks,"$Ifyoutravel^60milesat^20milesperhourandthentravel^60milesat^30milesperhour,whatisyour$averagespeedfortheentiretrip?"
1631ckt,"Consider the equation p(x) :$ax^2+bx+c$$=$0 whose coefficients a, b and c are all non-zero, and each of them satisfies an equation that results from removing the term containing that coefficent from the equation p(x); for example, the coefficient b is a solution of the equation$ax^2+c=0.$What is the sum of all solutions of p(x)?"
1632cku,"A marching band has 150 members. One day only part of them show up, but nobody wants totakethetimetocounthowmanythereare.$Theyfirstlineupinrowswith^5memberseach,$but there is one left over. Then they try rows with 6 members each, but there is still one left over.$Thentheytryrowsof^7,buttherearetwoleftover.$Howmanypeopleshouldlineupin each row so no members will be left over? 2022 SVSU Math Olympics Level I Solutions - page 2 of 12"
1633ckv,Which one of the following is the only true statement?
1634ckw,"Which of the following is equal to 10!? (If you are not familiar with the notation, the number n! is defined for any non-negative integer using the following recursive formula: 0!$=1$n!$=n\cdot((n-1)$!) for$n>0)$"
1635ckx,$Thebase^6expansionofonenumberis550.$$Thebase^5expansionofanothernumberis3440.$What is their greatest common divisor expanded in base 4?
1636cky,"A person walks along a beach, starting at point A, at a rate of 3mi/h and at point B, goes into the water Island$andswimsatarateof^2mi/hdiagonallyouttoanis-$$\sqrt{landthatisadistanceof}$3mifrompointC,directly$\sqrt{3miles}$across from the island on the shore, as shown in the picture. ThetotaldistancefrompointAtopointCis A B C 3mi. Therearetwodifferentchoicesforthedistance, in miles, from point A to point B that will result in a totaltimeforwalkingandswimmingofonehourand 3miles 40 minutes; what is the sum of those numbers?"
1637ckz,Which of the following is equal to$|||$$2022-45|||$?$\sqrt$$\sqrt$$\sqrt$$\sqrt$
1638cla,Which of the following is equal to$6s^5$9s for all non-negative values of s?$\sqrt$(cid:112) (cid:112) (cid:112)
1639clb,Adding the fractions will give us 5 1 15 2 17 +$=$+$=$. 6 9 18 18 18 Therefore x 5 6x 1 9$=x$1 1 7 8$=$1 (cid:112)$8x^17.$
1640clc,"If 73 cubesarestacked toforma$7\times^7\times^7$cube,how manysmallcubes areonthe surfaceof the large cube?"
1641cld,Each side of the cube depicted on the right is numbered with a positive integer in such a way that the products of the numbers on each pair of 10 5 opposite sides are all the same. Find the lowest possible sum of all the 1 14 numbers on the sides of the cube.
1642cle,Find the largest integer smaller than 22+ 22+ 22+ 22.
1643clf,"Pat and Mat were trying to calculate the average of two numbers a and b using their calcu- lator. First, Pat took the calculator and typed in$a+b\div^2$and got 30. Then Mat took the same calculator and typed in$b+a\div^2$and got 18. What was the correct average of the two numbers?"
1644clg,"How many pairs of integers (x,y) are solutions of the equation$3x^2y-10xy-8y-17=0$?"
1645clh,For how many integers is an integer? n-2
1646cli,A fair coin is tossed 100 times and it lands on heads all 100 times. What is the probability that it will land on heads on the 101st toss?
1647clj,"If two woodchucks would chuck 32lb of wood in 12min, how much wood would 3 wood- chucks chuck in 8min?"
1648clk,"Assuming that ‘wigglers’ are those who wiggle, ‘wobblers’ are those that wobble, and ‘wag- glers’ are those who waggle, which of the following sets of premises will necessarily lead to the conclusion that “Wilbur is not a weeble”?"
1649cll,Which of the expressions is equal to 0 for every x? (cid:112)
1650clm,$Theverticesofanequilateraltrianglelieonacirclewithradius^2.$Theareaofthetriangleis$\sqrt$$\sqrt$$\sqrt$$\sqrt$
1651cln,How many 7-digit positive integers are made up of the digits 0 and 1 only and are divisible by 6?
1652clo,Suppose that x and y satisfy x-y$=9$and xy$=-60.$The value of (x+y)+(x-y)+xy is x+y x+y
1653clp,"A total of n points are equally spaced around a circle and are labeled with the integers 1 to n, in order. Two points are called diametrically opposite if the line segment joining them is a diameter of the circle. If the points labeled 7 and 35 are diametrically opposite, then n equals"
1654clq,What is the area of a rhombus that has sides of length 10cm and diagonals that differ in length by 4cm?
1655clr,"PointP$liesinsideanequilateraltrianglewhosesidesareoflength^2.$IfthedistancesfromP to each side of the triangle are x, y and z, what is x+y+z?$\sqrt$$\sqrt$"
1656cls,"Arectangleisgivenwithlengthl$andwidthw,wherel>w.$$Oneofthemisincreasedby^20$%, while the other is decreased by 20%. What happens to the area of the rectangle?"
1657clt,"For$n\ge^2,$let k be the product$5\cdot^10\cdot^17\cdot^26\cdot\cdot\cdot\cdot\cdot(n^2+1),$and let n (cid:18) (cid:19)(cid:18) (cid:19) (cid:18) (cid:19) 1 1 1 S$=$1- 1-$\cdot\cdot\cdot$1- . n 24 34$n^4$What is S /k ? n n 1 1 (cid:18) 1 (cid:19) 1$n^2$$n^4+1$1"
1658clu,Consider the following equation: (cid:18) 3 (cid:19)x 3x-6x$=12x-$. 2 Which of the following is NOT a solution? 3\pii 6\pii 27\pii
1659clv,"Consider the equation p(x) :$ax^2+bx+c$$=$0 whose coefficients a, b and c are all non-zero, and each of them satisfies an equation that results from removing the term containing that coefficent from the equation p(x); for example, the coefficient b is a solution of the equation$ax^2+c=0.$What is the sum of all solutions of p(x)?"
1660clw,"Find the sum of the first five terms of the series (cid:26) (cid:27) 2 4 8 , , ,... . 3 9 27 64 550 32 422"
1661clx,"Supposef$isafunctionsuchthatf(n+1)=f(n)+3f(n-1),forallintegersn.$$Iff(4)=151and$$f(1)=1,$what is f(-1)?"
1662cly,Rationalize the denominator: 1 25/6+21/2+21/3+1 1(cid:0) (cid:1) 1(cid:0) (cid:1)(cid:0) (cid:1)
1663clz,What is the value of the following series? 2 (cid:88) 022 2022!$\cdot(-1)k^2k$k!$\cdot(2022-k)$!$k=0$1-(-2)2023
1664cma,Which of the following is equal to (cid:16)(cid:112) (cid:112) (cid:112) (cid:17)2 427+ 3+ 43+1 ? 4 (cid:112) (cid:112) (cid:112) (cid:112)
1665cmb,Which of the following expressions are equivalent to (cid:16) (cid:17) (cid:16) (cid:17) (3x+2) 1 2 1 (2x+3)-2 3 (2)-(2x+3) 1 3 1 (3x+2)-1 2 (3) 3 2 (cid:104) 1 (cid:105)2 (3x+2)2$\sqrt$$\sqrt$-5 2 3x+2-332x+3
1666cmc,"A person walks along a beach, starting at point A, at a rate$of^3mi/handatpointB,goesintothewaterandswimsata$Island$rateof^2mi/hdiagonallyouttoanislandthatisadistance$$\sqrt{of}$3mi from point C, directly across from the island on$\sqrt{3miles}$theshore,asshowninthepicture. Thetotaldistancefrom point A to point C is 3mi. There are two different choices A B C for the distance, in miles, from point A to point B that will 3miles resultinatotaltimeforwalkingandswimmingofonehour and 40 minutes; what is the sum of those numbers?"
1667cmd,Which of the following is the solution set to the inequality 1 2 +$\le^5$?$|x-3|$x-3 (cid:104) (cid:17) (cid:16) (cid:105) (cid:104) (cid:17) (cid:104) (cid:17)
1668cme,"A game comes with a set of three fair six-sided dice. In one particular set, while two of the$diceareregular,labeledwithnumbers^1through^6,duetoamanufacturingerror,onthethird$diethe side that issupposed to be labeled$with^1$got labeledwith 6 (so thereare exactly two sides labeled 6 on the die). Suppose two of the dice are chosen at random and rolled once. What is the probability that both land with a side labeled 6 facing up?"
1669cmf,Evaluate (1+i)2022.
1670cmg,Which of the following is equal to sin \pi ? 8 (cid:115)$\sqrt$(cid:115)$\sqrt$(cid:112)$\sqrt$(cid:112)$\sqrt{2}-$2 2+ 2 2- 2 2+ 2
1671cmh,Which of the following is a one-to-one function on the given do- main?
1672cmi,"The matrix C is the product of two given matrices:   (cid:32) (cid:33) b 2 -3 1 3 2  $C=$$\cdot$1 2 5  5 a 1   2 3 1 If c$=-5$and c$=1,$what are a and b? 2,1 2,3"
1673cmj,"The function F, which takes functions as inputs and returns functions, is defined by$F(f)(x)=f(20x)+22$If f is a linear function such that$f(5)=16$and$F(f)(5)=323,$find the formula for F(f)(x)."
1674cmk,"The functions p and q are defined by the following table, in which some values are missing, which is indicated by a question mark. The table also contains some values of the function r, which is defined by the equation r(x)$=$q(p(x)). Again some values have been replaced by question marks. x 0 1 2 3 4 5 p(x) 4 ? ? 2 1 0 q(x) ? 2 ? 0 5 1 r(x) ? 1 0 4 ? 3 What is the sum of all the missing values in the table?"
1675cml,"The set N$=${0,1,2,...} of all whole numbers has an associative operation of addition, de- 0 noted by +. It also contains a special object, 0, with the property that for any whole number$n,n+0=0+n=n.$$WesaythatthesetNisamonoidwithoperation+andidentityobject^0.$Another example of a monoid is the set B$=${0,1} with the operation ∨ (pronounced ‘or’)$definedbytheequations^0$∨$0=0,0$∨$1=1$∨$0=1and^1$∨$1=1.$Theidentityobjectinthis monoid is also 0. A function f from N to B is a monoid morphism if it satisfies the following two properties: 0 - For any two numbers m and n from the set N , the equation f(m+n)$=$f(m)∨f(n) is true 0 (we say that f preserves the monoid operations). -$f(0)=0$(we say that f preserves the identity objects). Is the function f defined by (cid:40) 0 if n is even$f(n)=$1 if n is odd a monoid morphism between the two examples of monoids described above?"
1676cmm,Each side of the cube depicted on the right is numbered with a positive integer in such a way that the products of the numbers on each pair of 10 5 opposite sides are all the same. Find the lowest possible sum of all the 1 14 numbers on the sides of the cube.
1677cmn,Find the largest integer smaller than 22+ 22+ 22+ 22.
1678cmo,"How many pairs of integers (x,y) are solutions of the equation$3x^2y-10xy-8y-17=0$?"
1679cmp,"A diagram consists of a set of nodes and a set of arrows be- α tween nodes. Two diagrams are shown on the right, first with 1 the set of nodes A$=${1,2}, the second with the set of nodes B$=$(cid:8) α,β,γ,δ,(cid:15),ω (cid:9) . In the first diagram, you can get from 1 to β 2 by following arrows, but not from 2 to 1. In the second dia- δ γ gram,youcanforexamplegetfromα toeverynodeexceptα by 2 ω (cid:15) followingarrows. Twootherextremesintheseconddiagramare (cid:15), from which you can only get to itself, and ω from which you cannot get anywhere by following arrows. Afunctionf fromthesetAtothesetB iscalledadiagrammappingifforeverytwonodesa andb fromthesetAsuchthatyoucangetfroma tob byfollowingarrows,youcanalsoget from f(a) to f(b) by following arrows. How many diagram mappings are there from the first diagram to the second diagram?"
1680cmq,"Assuming that ‘wigglers’ are those who wiggle, ‘wobblers’ are those that wobble, and ‘wag- glers’ are those who waggle, which of the following sets of premises will necessarily lead to the conclusion that “Wilbur is not a weeble”?"
1681cmr,Suppose that x and y satisfy x-y$=9$and xy$=-60.$The value of (x+y)+(x-y)+xy is x+y x+y
1682cms,Findallsolutionstotheequation: log (x-1)+log$(x+7)=2$3 3
1683cmt,Compute$sin^20$◦$+sin^40$◦$\sqrt{2}$
1684cmu,Thestrangeoperation∗isdefinedtobe: a a∗b:$=$a+ 1 b whereaandbarerealnumbers. Whichofthefollowingistrue?
1685cmv,"Letx andx$betherootsofthequadraticequationx^2+px+q=0.$If 1 2 x +2 x$=$2 , 1 2x -1 2 whichofthefollowingexpressestherelationbetweenp andq?"
1686cmw,Simplifythefollowingexpression: 2log (cos\theta)+2log (sec\theta) a a
1687cmx,Findallsolutionstotheequation:$cos(lnx)=0$
1688cmy,Simplifythefollowingexpression: log$b\cdotlog$$c\cdotlog$$d\cdotlog$a a b c d log b
1689cmz,Which of the following express the circumference of a A circleinscribedinasectorOAB withradiusR$andAB=$2a? Q a Ra
1690cna,"MaryandJohnwrote100numberseach. Mary’$ssequencestartswith^5,8,11,14,...,John$’ssequence$startswith^3,7,11,15,....$Howmanycommonnumbersarethereinbothsequences?"
1691cnb,"The legs of a right triangle (cid:52)ABC are a and b (∠C$=$90◦, BC$=$a and AC$=b).$ThepointsM,N andO arethecentersofthesquaresof(cid:52)ABC M withsidesBC,AC andAB,respectively. Findtheareaof(cid:52)MNO. C N b a"
1692cnc,Findthenumberofsolutionsofthesystem  $3x^2-2xy+y^2=36$$5x^2-4xy+y^2=20$
1693cnd,Howmanyinteger$solutionsdoestheequation(x+2)(x-4)(x+6)(x-8)=225have$?
1694cne,"ThelegsAC andBC ofarighttriangle(cid:52)ABC (∠C$=90$◦$)are^4and^3units,respectively.$ThepointP is choseninside(cid:52)ABC sothatAP +BC$=BP$$+CA=CP$+AB. FindthedistancefromP toB."
1695cnf,$Eachedgeofacubeisincreasedby^50$%. Whatisthepercentincreaseinthesurfaceareaofthecube?
1696cng,$Iff(x)=x^3+1andc$$isapositivenumbersuchthatf(c+2)=f(c)+f(2)thenc$equals: (cid:115) (cid:115) (cid:115) 30 7 (cid:112) 7
1697cnh,log (cid:0) log (cid:0) log 2n(cid:1)(cid:1)$=2.$Findn. 2 3 4 27 481
1698cni,$Asquareandanequilateraltrianglebothhaveperimeterof^7cm.$Howmuchbiggeristheareaofthe squarethantheareaofthetriangle? (cid:32)$\sqrt$(cid:33) (cid:32)$\sqrt$(cid:33) 49 1 3 49 49 49 1 3
1699cnj,"Theoperationsofadditionandmultiplicationsofsetsandsetsandsetsandnumbersaredefinedin thefollowingway: ifAandB aresetsofnumbersandc isanumber, (cid:8) (cid:9)$A+B=$$x+y|x$∈Aandy ∈B (cid:8) (cid:9)$A\cdotB=$$x\cdoty|x$∈Aandy ∈B$A+c={x+c|x$∈A}$c\cdotA={c\cdotx|x$∈A}$LetE={0,$±2,±4,...}bethesetofallevenintegers. Whichofthefollowingstatementsisfalse?"
1700cnk,"Howmanytriangleswithpositiveareaaretherewhoseverticesarepointsinthexy-planewithinteger$coordinates(x,y)satisfying^1\lex\le^4and^1\ley$$\le^4$?"
1701cnl,Twocopiesoftheparabolawithequationy$=x^2$aremodifiedinthefollowingways: •$Thefirstcopyisscaledintheverticaldirectionbyafactorof^2.$• Thesecondcopyisscaledinthehorizontaldirectionbyapositivefactork. Theresultinggraphsareexactlythesame. Findk.$\sqrt$$\sqrt$
1702cnm,"Supposenandbarepositivenumbers. Iflog$n=2andlog$$2b=2,whatisb$? b n$\sqrt$$\sqrt$$\sqrt$"
1703cnn,$Whichofthefollowingisnotequaltosec^2\thetacsc^2\theta$?
1704cno,Whatis(1+i)13?$\sqrt$$\sqrt$
1705cnp,"JuniorsandSeniorsfromfourschoolsaregoingtoaStatecompetition.$Thereare^40studentsfrom$$AthertonHighSchool,25fromBaysideHigh,20fromClairemontHighSchooland^15fromDevonshire$High School. 16 of the students from Atherton, 5 of the students from Bayside, 15 of the students fromClairemont,$and^9fromDevonshire,$areJuniors. IfaSeniorisselectedatrandom, whatisthe probabliltythatheorsheisfromClairemont?"
1706cnq,"$Supposef(x)=f$(cid:16) 1 (cid:17)$,forallx\neq^0,andthatf(a)+f(b)-f(a+b)=$$2(a^3-b^3)$forallaandbsuch x$ab(a^2-b^2)$$thata^2\neqb^2.$$Supposealsothatf(2)=5.$Whatisf(2.5)?"
1707cnr,"For$n\ge^2,$let k be the product$5\cdot^10\cdot^17\cdot^26\cdot\cdot\cdot\cdot\cdot(n^2+1),$and let n (cid:18) (cid:19)(cid:18) (cid:19) (cid:18) (cid:19) 1 1 1 S$=$1- 1-$\cdot\cdot\cdot$1- . n 24 34$n^4$What is S /k ? n n 1 1 (cid:18) 1 (cid:19) 1$n^2$$n^4+1$1"
1708cns,Consider the following equation: (cid:18) 3 (cid:19)x 3x-6x$=12x-$. 2 Which of the following is NOT a solution? 3\pii 6\pii 27\pii
1709cnt,"Consider the equation p(x) :$ax^2+bx+c$$=$0 whose coefficients a, b and c are all non-zero, and each of them satisfies an equation that results from removing the term containing that coefficent from the equation p(x); for example, the coefficient b is a solution of the equation$ax^2+c=0.$What is the sum of all solutions of p(x)?"
1710cnu,"Find the sum of the first five terms of the series (cid:26) (cid:27) 2 4 8 , , ,... . 3 9 27 64 550 32 422"
1711cnv,"Supposef$isafunctionsuchthatf(n+1)=f(n)+3f(n-1),forallintegersn.$$Iff(4)=151and$$f(1)=1,$what is f(-1)?"
1712cnw,Rationalize the denominator: 1 25/6+21/2+21/3+1 1(cid:0) (cid:1) 1(cid:0) (cid:1)(cid:0) (cid:1)
1713cnx,What is the value of the following series? 2 (cid:88) 022 2022!$\cdot(-1)k^2k$k!$\cdot(2022-k)$!$k=0$1-(-2)2023
1714cny,Which of the following is equal to (cid:16)(cid:112) (cid:112) (cid:112) (cid:17)2 427+ 3+ 43+1 ? 4 (cid:112) (cid:112) (cid:112) (cid:112)
1715cnz,Which of the following expressions are equivalent to (cid:16) (cid:17) (cid:16) (cid:17) (3x+2) 1 2 1 (2x+3)-2 3 (2)-(2x+3) 1 3 1 (3x+2)-1 2 (3) 3 2 (cid:104) 1 (cid:105)2 (3x+2)2$\sqrt$$\sqrt$-5 2 3x+2-332x+3
1716coa,"A person walks along a beach, starting at point A, at a rate$of^3mi/handatpointB,goesintothewaterandswimsata$Island$rateof^2mi/hdiagonallyouttoanislandthatisadistance$$\sqrt{of}$3mi from point C, directly across from the island on$\sqrt{3miles}$theshore,asshowninthepicture. Thetotaldistancefrom point A to point C is 3mi. There are two different choices A B C for the distance, in miles, from point A to point B that will 3miles resultinatotaltimeforwalkingandswimmingofonehour and 40 minutes; what is the sum of those numbers?"
1717cob,Which of the following is the solution set to the inequality 1 2 +$\le^5$?$|x-3|$x-3 (cid:104) (cid:17) (cid:16) (cid:105) (cid:104) (cid:17) (cid:104) (cid:17)
1718coc,"A game comes with a set of three fair six-sided dice. In one particular set, while two of the$diceareregular,labeledwithnumbers^1through^6,duetoamanufacturingerror,onthethird$diethe side that issupposed to be labeled$with^1$got labeledwith 6 (so thereare exactly two sides labeled 6 on the die). Suppose two of the dice are chosen at random and rolled once. What is the probability that both land with a side labeled 6 facing up?"
1719cod,Evaluate (1+i)2022.
1720coe,Which of the following is equal to sin \pi ? 8 (cid:115)$\sqrt$(cid:115)$\sqrt$(cid:112)$\sqrt$(cid:112)$\sqrt{2}-$2 2+ 2 2- 2 2+ 2
1721cof,Which of the following is a one-to-one function on the given domain?
1722cog,"The matrix C is the product of two given matrices:   (cid:32) (cid:33) b 2 -3 1 3 2  $C=$$\cdot$1 2 5  5 a 1   2 3 1 If c$=-5$and c$=1,$what are a and b? 2,1 2,3"
1723coh,"The function F, which takes functions as inputs and returns functions, is defined by$F(f)(x)=f(20x)+22$If f is a linear function such that$f(5)=16$and$F(f)(5)=323,$find the formula for F(f)(x)."
1724coi,"The functions p and q are defined by the following table, in which some values are missing, which is indicated by a question mark. The table also contains some values of the function r, which is defined by the equation r(x)$=$q(p(x)). Again some values have been replaced by question marks. x 0 1 2 3 4 5 p(x) 4 ? ? 2 1 0 q(x) ? 2 ? 0 5 1 r(x) ? 1 0 4 ? 3 What is the sum of all the missing values in the table?"
1725coj,"The set N$=${0,1,2,...} of all whole numbers has an associative operation of addition, de- 0 noted by +. It also contains a special object, 0, with the property that for any whole number$n,n+0=0+n=n.$$WesaythatthesetNisamonoidwithoperation+andidentityobject^0.$Another example of a monoid is the set B$=${0,1} with the operation ∨ (pronounced ‘or’)$definedbytheequations^0$∨$0=0,0$∨$1=1$∨$0=1and^1$∨$1=1.$Theidentityobjectinthis monoid is also 0. A function f from N to B is a monoid morphism if it satisfies the following two properties: 0 - For any two numbers m and n from the set N , the equation f(m+n)$=$f(m)∨f(n) is true 0 (we say that f preserves the monoid operations). -$f(0)=0$(we say that f preserves the identity objects). Is the function f defined by (cid:40) 0 if n is even$f(n)=$1 if n is odd a monoid morphism between the two examples of monoids described above?"
1726cok,Each side of the cube depicted on the right is numbered with a positive integer in such a way that the products of the numbers on each pair of 10 5 opposite sides are all the same. Find the lowest possible sum of all the 1 14 numbers on the sides of the cube.
1727col,Find the largest integer smaller than 22+ 22+ 22+ 22.
1728com,"How many pairs of integers (x,y) are solutions of the equation$3x^2y-10xy-8y-17=0$?"
1729con,"A diagram consists of a set of nodes and a set of arrows be- α tween nodes. Two diagrams are shown on the right, first with 1 the set of nodes A$=${1,2}, the second with the set of nodes B$=$(cid:8) α,β,γ,δ,(cid:15),ω (cid:9) . In the first diagram, you can get from 1 to β 2 by following arrows, but not from 2 to 1. In the second dia- δ γ gram,youcanforexamplegetfromα toeverynodeexceptα by 2 ω (cid:15) followingarrows. Twootherextremesintheseconddiagramare (cid:15), from which you can only get to itself, and ω from which you cannot get anywhere by following arrows. Afunctionf fromthesetAtothesetB iscalledadiagrammappingifforeverytwonodesa andb fromthesetAsuchthatyoucangetfroma tob byfollowingarrows,youcanalsoget from f(a) to f(b) by following arrows. How many diagram mappings are there from the first diagram to the second diagram?"
1730coo,"Assuming that ‘wigglers’ are those who wiggle, ‘wobblers’ are those that wobble, and ‘wag- glers’ are those who waggle, which of the following sets of premises will necessarily lead to the conclusion that “Wilbur is not a weeble”?"
1731cop,Suppose that x and y satisfy x-y$=9$and xy$=-60.$The value of (x+y)+(x-y)+xy is x+y x+y
1732coq,"$Amiddleschoolhas100lockersnumbered^1to100,and100students.$Thefirststudentgoesdown therowoflockersandopenseverylocker. Thenthesecondstudentgoesdowntherowoflockersand closeseverylockerthatisnumberedwithamultipleoftwo. Thenthethirdstudentgoesdowntherow$oflockers,andforeverylockerthatisnumberedwithamultipleof^3,ifitisopen,sheclosesit,butif$itisalreadyclosed,sheopensitagain. Thefourthstudentthendoesthesamethingforthelockers$numberedwithmultipleof^4,andsoon,downtothehundredthstudent.$Intheend,howmanylockers arestillopen?"
1733cor,"Whichofthefollowingequationsdescribesthesetofallpointsthatareequidistantfromthepoints P(-1,3)andQ(3,5)?"
1734cos,Whichofthefollowingexpressionsisafactoredformofthethirddegreepolynomial y functionf(x)whosegraphisgiven? 18
1735cot,$Findthelengthofachordthatis^5cmfromthecenterofacirclewithradius^13cm.$
1736cou,$Findtheareaofatriangle(insquareunits)boundedbythecoordinateaxesandthelinex+3y-12=0.$
1737cov,"Augustus,Benedict,Claudio,andDianahavebeenaccusedofstealingthegoldenmean. Itisknown thatoneofthesefourpeoplemusthavedoneit. Augustussays“Benedictdidit”. Benedictsays“Diana didit”. Claudiosays“Ididn’tdoit”. Dianasays“BenedictislyingwhenhesaysIdidit”. Ifitisknown thatexactlyoneofthemislying,whichonedidit?"
1738cow,Thefunctionf hasgraph 1 -2 -1 1 2 -1 Whichofthefollowingcouldbethegraphoff(x+1)-1? 1 1 -2 -1 1 2 -2 -1 1 2
1739cox,Thesumoftherealsolutionstotheequation (cid:0)$x^3-1$(cid:1)3 -7 (cid:0)$x^3-1$(cid:1)2 -4 (cid:0)$x^3-1$(cid:1)$+28=0$is$\sqrt$$\sqrt$$\sqrt$
1740coy,5 -1 2 isequalto 4
1741coz,$Youcanpaintyourlivingroomin^6hoursandyourfriendwouldtake^8hourstodothesamejob.$How longwillittakethetwoofyoutopaintthelivingroomifyouworktogether?
1742cpa,"AssumeX,Y andZ representpositiverealnumbers. Theexpression$16X-6Y^8$4 isequivalentto 4$Z^3$$\sqrt{8X}$9 2Z$ZX^4$X Y 3 3 2 8X 9$2Y^6$"
1743cpb,10%ofahighschoolseniorclassparticipateinMathOlympics. 95%oftheseniorsthatparticipatein MathOlympicsgetintothecollegeoftheirchoice.$Only^50$%oftheseniorswhodon’tparticipatein MathOlympicsgetintothecollegeoftheirchoice. Whatpercentageofseniorsfromthathighschool getintothecollegeoftheirchoice?
1744cpc,"Howmanytwodigitnumbersaresuchthatwhenthetensdigitandtheonesdigitareinterchanged,the$resultingtwodigitnumberis^9morethantheoriginaltwodigitnumber$?$(Notethat^0cannotbethe$firstdigitofatwodigitnumber.)"
1745cpd,"WhichofthefollowingisanequationofacirclewithdiameterthathasendpointsP(2,5)andQ(6,-3)."
1746cpe,Rationalizethedenominator:$\sqrt$$\sqrt{2}+$3+ 7$\sqrt$$\sqrt$$\sqrt{4}$(cid:0) 2- 7 (cid:1)$\sqrt$$\sqrt$
1747cpf,"Findthevalue(s)oftheparameterb,ifpossible,suchthatthelinearsystem   x+2y$=1$3x+by$=3$hasinfinitelymanysolutions."
1748cpg,"Tocolortheinteriorofasquareofsider ft,werequireexactlyonecanofpaint. Wealsoknowweneed exactlyonecanofpainttocolortheinteriorofarighttrianglewhoselegsmeasure(r +$3)ftand^4$2 ft. Assuming that the area that can be colored depends only on the amount of paint (and no other$factors),whatistheminimalnumberofcansofpaintweneedtobuytopainttheinteriorofa^6ftby^9$ftrectangle?"
1749cph,"$Supposethatf(x)=2(f(x+1)+f(x-1))forallx.$$Iff(2)=2andf(4)=-2,whatisf(7)$?"
1750cpi,$Theradiusofacircleinscribedinanequilateraltriangleis^2$3in. Findtheexactareaofthetriangle.$\sqrt$$\sqrt$
1751cpj,"$Thelengthsofthethreesidesofatriangleare^13cm,14cmand^15cm.$Findthelengthofthealtitude$tothe^14cmside.$"
1752cpk,$Afarmerneedstoshortenthewidthofabeanfieldby^20$%tomakeroomforastorageshed. Hewould likethebeanfieldtokeepthesamearea. Bywhatpercentshouldheincreasethelengthofthefield?
1753cpl,"Given: ABkDC,CEkDA D C m∠$A=m$∠$B=48$◦ 48◦ 48◦ CF bisects∠DCB Find: m∠FCE A E F B"
1754cpm,LetF beafunctionsuchthatF$\sqrt{8}$$\sqrt$$=x$$forallx\ge^0.$WhatisF(4)? 1+ x$\sqrt$$\sqrt$
1755cpn,Thesolutiontotheinequality$\ge^3$is x-2
1756cpo,"A right triangle with sides 6, 8 and 10 is inscribed in a circle C . 1 C C Thelegsoftherighttrianglearethediametersofthehalfcircles 2 C thatlieoutsidethetriangleasshown. Findtheareaoftheshaded 3 C 1 region. 8 6 10"
1757cpp,Forwhichx is log (cid:0)$x^2-2x-2$(cid:1)$\le^0$? 2
1758cpq,Theexactvalueoftheexpressionsin-1 sin is 3$\sqrt$$\sqrt$
1759cpr,"Augustus,Benedict,Claudio,andDianahavebeenaccusedofstealingthegoldenmean. Itisknown thatoneofthesefourpeoplemusthavedoneit. Augustussays“Benedictdidit”. Benedictsays“Diana didit”. Claudiosays“Ididn’tdoit”. Dianasays“BenedictislyingwhenhesaysIdidit”. Ifitisknown thatexactlyoneofthemislying,whichonedidit?"
1760cps,Whichofthefollowingequationsexpressesthecorrectrelationship betweentheanglesαandβasdefinedinthefigure?
1761cpt,$Thenumberofsolutionstotheequation^2x+4(2-x)=5$is
1762cpu,Theexpression + isequivalenttowhichofthefollowing?$(Assume\theta\neq\pi+2\pin$sin\theta 1+cos\theta foranyintegern.)
1763cpv,"10%ofahighschoolseniorclassparticipateinMathOlympics. 95%oftheseniorsthatparticipatein MathOlympicsgetintothecollegeoftheirchoice.$Only^50$%oftheseniorswhodon’tparticipatein MathOlympicsgetintothecollegeoftheirchoice. Ifaseniorfromthathighschoolgotintothecollege ofhisorherchoice,whatistheprobabilitythatthisseniorparticipatedinMathOlympics?"
1764cpw,LetF beafunctionsuchthatF$\sqrt{8}$$\sqrt$$=x$$forallx\ge^0.$WhatisF(4)? 1+ x$\sqrt$$\sqrt$
1765cpx,"Thelargestadvertisingsignintheworldisalargecapital“I”ontopofabuilding ? inL.A.Atadistanceof800ftalongthegroundfromapointdirectlybelowthe$sign,theangleofelevationtothetopofthesignis^45$◦. Fromthissamepoint,$theangleofelevationtothebottomofthesignis^30$◦ . Whatistheheightofthe sign?$\sqrt$"
1766cpy,"$Amiddleschoolhas100lockersnumbered^1to100,and100students.$Thefirststudentgoesdown therowoflockersandopenseverylocker. Thenthesecondstudentgoesdowntherowoflockersand closeseverylockerthatisnumberedwithamultipleoftwo. Thenthethirdstudentgoesdowntherow$oflockers,andforeverylockerthatisnumberedwithamultipleof^3,ifitisopen,sheclosesit,butif$itisalreadyclosed,sheopensitagain. Thefourthstudentthendoesthesamethingforthelockers$numberedwithmultipleof^4,andsoon,downtothehundrethstudent.$Intheend,howmanylockers arestillopen?"
1767cpz,$Whichofthefollowingisthesetofallrealsolutionstotheequation^23x-5$(cid:0) 22x(cid:1)$+2x+2+6=0$? (cid:26)$\sqrt$(cid:27) (cid:26)$\sqrt$(cid:27) (cid:26)$\sqrt$$\sqrt$(cid:27)
1768cqa,"$Theline^3x+y$$=bandtheequation^2x^2+y^2$$=1aregraphedonan(x,y)-rectangularcoordinate$system. For what values of b will the graph of the line 3x+y$=$b be tangent to the graph of the$equation^2x^2+y^2=1$?"
1769cqb,Considerallthreedigitnumbersforwhichthetensdigitisthesumoftheonesdigitandthehundreds digit.$Howmanysuchnumbersaredivisibleby^11$?$(Notethat^0cannotbethefirstdigitofathreedigit$number.)
1770cqc,Simplify !  s  1 1 a+1$\sqrt$$\sqrt$+$\sqrt$$\sqrt$$\div$1+ $wherea>1$a+ a+1 a- a-1 a-1$\sqrt$$\sqrt$$\sqrt$
1771cqd,"$Findthesumofallirreduciblefractionswithadenominator^3thatarebetweenthepositiveintegersm$$andn,wherem<n.$"
1772cqe,"Theheights(altitudes)AA ,BB ,CC inthetriangleABC intersectatthepointH C 1 1 1 A sothatCH$=HC$. Ifα$=$∠CAB andβ$=$∠CBAthentanαtanβis 1 1 B 1 H"
1773cqf,"Alicenseplatecodeconsistsoftwolettersfollowedbythreedigits. Theletterscannotrepeat,butthe numberscan. Whatistheprobabilitythatarandomlychosenplatehasatleastonezero?"
1774cqg,$Howmanyintegersbetween^1and1000inclusiveareneithermultiplesof^4normultiplesof^7$?
1775cqh,"$Supposethatf(x)=2(f(x+1)+f(x-1))forallx.$$Iff(2)=2andf(4)=-2,whatisf(7)$?"
1776cqi,"$Supposep(x)isadegree^4polynomialwithrationalcoefficients.$$If^1istheonlyrealrootofp(x),but$p(x)isnotamultipleof(x-1)4,whichofthefollowingmustalsobetrue?"
1777cqj,Findthevalueofcos sin-1 3 +tan cos-1 5 . 5 7$\sqrt$$\sqrt$
1778cqk,$Theequationlogx^2=$(cid:0) logx (cid:1)2 has
1779cql,"Ifay$=x,whatislog$1?$(Assumea>0,x>0andx\neq^1.)$x a"
1780cqm,"Atriang$\sqrt{leABC}$hassidesAB$oflength^2ft,AC$$oflength^1ftandBC$of C length 3ft. Theanglebisectorl C of∠ACB intersectsthesideAB at$\sqrt{thepointD}.$FindAD. 1 3 l C$\sqrt$"
1781cqn,"$Acoupleplanstohave^6children.$Assumingthatboysandgirlsareequallylikelytobeborn,whatis$theprobabilitythattheywillhaveexactly^3ofeach$?"
