pdf,qnum,answer_choice,problem,solution,id
2003Level1_Solutions.pdf,1,C,"1
1
9
16
+
=
a. 1 
 
b. 
5
7 
e. None of the above 
12
2 
 
c. 
7
5 
d. 
12",": 1
16
9
144
=
and 1
9
16
144
=
, so their sum is 25
144 and 
25
5
144
12
=
.",000aaa
2003Level1_Solutions.pdf,2,B,"Which of these numbers is largest?
a. 
3 5 6
\cdot
 
b. 
3 5
6
 
c. 
3 6
5
 
d. 3 5
 
e. 
6
3 6
 
5",": Raise each to the 6th power. Since 
 if and only if 
this will not change 
the order of the values. After raising to the 6
0
a
b
>
>
6
a
b
>
6
th power: a) 5 6
\cdot
 b) 
36
5
\cdot c) 5
 d) 
 e) 
3 6
\cdot
25
6
\cdot
2
6
5
\cdot
 
and (b) is the largest.",001aaa
2003Level1_Solutions.pdf,3,A,"Last year a bicycle cost $160 and a cycling helmet cost $40. This year the cost of the bicycle 
increased by 5% and the cost of the helmet increased by 10%. The percent increase in the combined 
cost of the bicycle and the helmet is
a. 6% 
b. 7% 
c. 7.5% 
d. 8% 
e. None of the above",": The bicycle went up to 160
0.05(160)
168
+
=
, and the helmet up to
, so the total cost increased from 200 to 212, which is an increase of 
40
0.10(40)
44
+
=
12
6
200
100
=
 or
6%.",002aaa
2003Level1_Solutions.pdf,4,C,"A vacuum pump removes {\textonehalf} of the air in a container with each stroke. After 5 strokes, the percentage 
of the original amount of air that remains in the container will be
a. {\textonehalf} % 
b. 1/32% 
 c. 3.125% d. 1/8 % 
e. None of the above",": The percentage goes from 100% to 50% to 25% to 12.5% to 6.25% to 3.125 % since 
it is reduced by {\textonehalf} each stroke.",003aaa
2003Level1_Solutions.pdf,5,B,"The ratio of 
to 
w
x is 4:3, of 
 to 
is 3:2, and of 
to 
y
z
z
x is 1:6. What is the ratio of 
to 
? 
w
y
a. 1:3 
 
b. 16:3 
c. 20:3 
d. 12:1 
e. None of the above",": 
4 6 2
16
3 1 3
3
w
w x
z
y
x
z
y
=
\cdot
\cdot
=
\cdot
\cdot
=

-",004aaa
2003Level1_Solutions.pdf,7,E,"The number of real solutions of the equation |
2|
|
3|
1
x
x
-
+
-
= is
a. 0 
 
b. 1 
 
c. 2 
 
d. 3 
 
e. More than 3",": For any 2
3, |
x
\le
\le
2|
2
x
x
-
=
-
 and |
3| 3
x
x
-
=
-
, so 
|
2|
|
3|
2
3
1
x
x
x
-
+
-
=
-
x
+
-
= . There are infinitely many solutions.",005aaa
2003Level1_Solutions.pdf,9,D,"If 
2
( )
1
f x = -x , find a constant c so that 
(
)
( )
(2
)
f a
h
f a
c
a
h
h
+
-
=
+
.
a. c = 2 
b. c = -2 
c. c = 1 
d. c = -1 
e. None of the above.",": 
2
2
(
)
1
(
)
1
2
2
f a
h
a
h
a
ah
h
+
= -
+
= -
-
-
 and 
2
( )
1
f a
a
= -
, so
2
( )
2
2
a
ah
h
a
h
h
h
-
-
=
= -
-
2a
h
(
)
f a
h
f
+
-
. Now, 
(2
c
)
a
h
-
-
=
+
 implies 
. 
1
c = -",006aaa
2003Level1_Solutions.pdf,10,C,"If m
 and the points (
 and 
 lie on a line with slope m , then 
0
>
,3)
m
(1,
)
m
m =
a. 1 
 
b. 
2 
c. 
3 
d. 2 
e. None of the above",": The slope of the line containing 
 and 
is 
( ,3)
m
(1,
)
m
3
1
m
m
-
-
. So, 
3
1
m
m
m
-
=
-
 or
. Therefore, 
 and 
2
3
m
m
m
-
=
-
2
3
0
m -
=
3
m =
is the positive solution.",007aaa
2003Level1_Solutions.pdf,11,B,"For how many integers 
between 1 and 100 does 
n
2x
x
n
+
-
 factor into the product of two linear 
factors with integer coefficients.
a. 8 
 
b. 9 
 
c.10 
 
d.12 
 
e. None of the above
ab
n
=
n
2, 2 3, 3 4
9 10
,
,8 9,
\cdot
\cdot
\cdot
\cdot
\cdot
""
are all the possibilities less than 100, 
and there are 9.",": If 
2
(
)(
)
x
x
n
x
a x
b
+
-
=
+
-
with 
, then 
,a b > 0
1
a
b
-
= and 
. Therefore, 
 is 
the product of consecutive integers: 1",008aaa
2003Level1_Solutions.pdf,12,C,"For the triangle formed by the points 
( 3,2),
(5,4),
A
B
-
 and C(3, 8)
-
, write the equation of the line 
that contains the altitude of the triangle through point C in the form y
mx
b
=
+
.
a. 
1
4
4
y
x
=
+
 
b. 
1
7
4
4
x
= -
-
1
y
 
c. y
4
4
x
= -
+
 
d. y
x
4
3
= -
+
e. None of the above",": The line that contains the altitude is the line through C that is perpendicular to the
line 
. The slope of 
 is 
AB
HJJG
AB
HJJG
4
2
1
5
( 3)
4
-
=
--
8
y
4
-
, so the line containing the altitude has slope 
. The
4(",009aaa
2003Level1_Solutions.pdf,10,E,"C
10
P +
10
C +
10
2(
P +
=
+
, we get 
 and currently 
, so 
2
1
P
C
=
+ 0
3C
P =
3
2
10
C
C
=
+
or 
10
C =
. Therefore, C
 and 
which 
gives a difference of 
years.",": If P is the parents current age and C is the child's current age, then 
. In 10 
years, they will be 
 and 
years old, respectively. Solving
10
=
30
P =
20",010aaa
2003Level1_Solutions.pdf,14,D,"The following system of equations has only one solution if
+
=

+
=

kx
y
1
1
x
ky
a. k = 1 
b. k = 0 
c. 
 
d. 
0
k \ge
1
k \ne\pm 
e. None of the above",": If k
, then (1,1) is a solution. If 
0
=
0
k \ne
, then multiplying the second equation by 
 and adding the first equation, we get 
k
-
2
(1
)
k
x
1
k
-
= -
. If 
1
k = , then 0
0
x =
is true for all 
x (infinite number of solutions -- same line), and if 
1
k = - then 0x
2
=
is never true (no solution -- 
distinct parallel lines). If 
, then we can divide by 1
1
k \ne\pm
2
k
-
and get the unique value of
2
1
1
1
k
k
k
-
=
=
-
+
1
x
 (i.e. just one solution).",011aaa
2003Level1_Solutions.pdf,15,B,"The concentration of a mixture consisting of 10 gallons 20%-acid and 40 gallons 15%-acid is 
 
 a. 12%-acid. b. 16%-acid. c. 17%-acid. d. 15% acid. e. None of the above.",": Let 
be the % acid in the mixture, then 20
r
(10)
15(40)
(50)
r
+
=
. So, 
800
16
50
r =
=
.",012aaa
2003Level1_Solutions.pdf,16,B,"What is the average of the two solutions of the arbitrary quadratic equation 
? 
2
0
ax
bx
c
+
+
=
a. 2
b
a
b. 
2
b
a
-
 
c. 
2
c
a
-
 
d. 
b
a
-
 
e. None of the above.",": From the quadratic formula, the two solutions are
b
-
-
=
, so the
2
2
4
,
2
2
b
b
ac
b
b
ac
x
x
a
a
-+
-
--
-
=
=
4
. The sum of these two solutions is 2
2
b
a
a
average is 2
b
a
-.",013aaa
2003Level1_Solutions.pdf,17,D,"A line passes through (5,-6). Which of the following are possible values of the slope m of the line, if 
the line never enters the first quadrant?
a. 
6
5
m
-
\le
 b. 
5
6
m
-
\le
 c. 5
0
6
m
-\le
\le
 d. 6
0
5
m
-\le
\le
 e. None of the above",": The lines through (5,-6) That 
do not enter the first quadrant are all the 
lines in the shaded region shown. The 
horizontal line has slope 0 and the line
6
4
through the origin has slope 
6
5
-.
2
-5
5
10
-2
-4
-6",014aaa
2003Level1_Solutions.pdf,18,C,"Bill scores 78 on a test that had 4 problems worth 7 points each and 24 multiple-choice questions 
worth 3 points each. If he had one of the 7-point problems wrong, how many of the multiple-choice 
questions did he miss?
a. 3 b. 4 c. 5 d. 6 e. None of the above",": Let x be the number of 3-point problems missed. Since there are a total of 100 points 
on the exam and he missed one 7-point problem, 100
78
7
3x
=
+
+
. Therefore, 3
 and 
15
x =
5
x =
.",015aaa
2003Level1_Solutions.pdf,19,D,"In 
 is on side 
,
55 ,
75 ,
ABC
A
C
D
\Delta
\angle
=
\angle
=
D
D
AB and E is on side BC . If DB
BE
=
, then 
BED
\angle
=
B
0D
5D
D
5D
bove
a. 5
 
b. 5
 
c. 60 d. 6
 
 e. None of the a",":
. Therefore, 
. 
 
180
55
75
50
B
\angle
=
-
-
=
D
130
BDE
BED
\angle
+ \angle
=
D
D
Since BDE
\Delta
 is 
BDE
BE
\angle
= \angle
isosceles, we know that 
65
D =
D .",016aaa
2003Level1_Solutions.pdf,20,D,"If 
is four times 
A
\angle
B
\angle
, and the complement of 
B
\angle
is four times the 
com ement of 
A
\angle
en 
pl
, th
B
\angle
= 
 
 
b. 
 
c. 
 
d. 
 
e. None of the above",": Let 
. We have
E
5 5
75
A
C
a. 10D
12D
15D
18D
,
A
m A B
m B
=
\angle
=
\angle
4
A
B
=
, the complement of A is 
, and the 
90
A
-
complement of B is 90
B
-
. So, 90
4(90
)
B
A
-
=
-
bstituting 
4
A
B
 and su
=
, 
we have 90
4(90
)
4
B
B
-
lving fo
-
=
. So
360
16
r B, 90
B
B
-
=
-
 or 
15
270
B =
, so B =18 .
B
A
C",017aaa
2003Level1_Solutions.pdf,21,A,"If AC
BD
\perp
, DE = 2, BE = 1, and EC = 1 /2, what is the length of AB?
E
a.
17 
b. 4 c. 
5 
d. 3 e. None of the above",": Since 
, 
AE EC
BE ED
\cdot
=
\cdot
1
2
2
AE \cdot
=
 or 
4
AE =
. Using the
D
Pythagorean Theorem on right triangle ABE
\Delta
, we have 
2
2
4
1
17
=
+
=
AB
.",018aaa
2003Level1_Solutions.pdf,2,A,"The area of the shaded region formed by the four semicircles in the given unit square is
2
2
1
cm
2
\pi -
 (b) 
2
1
c
6
\pi
-
m (c) 
2
1
c
8
\pi
-
m (d) 
2
cm
4
\pi
 (e) None of the above
a.",": If we take the area of the four semicircles, which is




 square centimeters, this area covers each of the shaded leaves
2
1
1
4
2
2
2
\pi
\pi
\cdot
=










twice and the unshaded areas once. Subtracting the area of the square, which is 1
square centimeter, we are left with just the area of the shaded leaves.
1 cm",019aaa
2003Level1_Solutions.pdf,23,A,"In how many ways can 6 people be lined up to get on a bus if 3 specific persons insist on following 
each other? 
 
 
a. 144 
b. 124 
c. 24 
d. 720 
e. None of the above",": The three that insist on following each other could be in any of 4 positions in line (i.e. 
either first-second-third, second-third-fourth, third-fourth-fifth, or fourth-fifth-sixth, in line). There 
are 3 orderings of these 3 people and 
 orderings for the other 3 people. The total number of 
possible orderings, then, is 
. 
!
3!
144
4 3! 3!
\cdot
\cdot
=",020aaa
2003Level1_Solutions.pdf,24,B,"Assume that girl-boy births are equally probable. The probability that a family with 5 children has at 
least one girl is
a. 1/5 b. 31/32 c. 4/5 d. 4/32 e. None of the above",": The probability of having no girls (all boys) is 1 1 1 1 1
1
2 2 2 2 2
32
\cdot
\cdot
\cdot
\cdot
=
 since they are
independent events, so the probability of having at least one girl is 
1
31
32
32
-
=
1
.",021aaa
2003Level1_Solutions.pdf,25,E,"An old car has to travel a 2-mile route, 1 mile uphill and 1 mile downhill. Because it is so old, the car 
can climb the first mile -- the ascent -- no faster than an average speed of 15 mi/hr. How fast does the 
car need to travel the second mile -- on the descent it can go faster, of course -- in order to achieve an 
average speed of 30 mi/hr for the trip?
a. 45 mi/hr 
b. 60 mi/hr 
c. 75 mi/hr 
d. 100 mi/hr 
e. None of the above",": To average 30 mi/hr over the 2 mile trip, the total time would be determined by
d
r
t =
, or 2
30
t =
, which gives 
1
15
t =
 hr. But the least amount of time it could take to go up the one-
mile hill is 
1
15
d
t
r
=
=
hr. It is impossible to go down the hill in no time.",022aaa
2003level2_solutionsFinal.pdf,2,B,"Let f be the function defined by 
2
( )
2
f x
ax
=
-
 for some positive 
. If 
a
( ( 2))
2
f f
= -
, 
then 
is 
a
2
2
+
2 
d. 2
2 
e. None of the above 
2
-
a. 2 -
2 
 
b. 
2 
c. 
2",": If 
( )
2
f x = -
, then x must be 0. Therefore, 
( 2)
0
f
=
. Solving
( 2)
2
2
0
f
a
=
-
=
, we get 
2
2
a =
.",023aaa
2003level2_solutionsFinal.pdf,3,D,"As a promotional campaign a music store gave away CDs. Four people received CDs. The first 
person got 1/3 of the CDs, the second person got 1/4 of the CDs, the third person got 1/6 of the 
CDs and the fourth person got 12 CDs. How many CDs did the first person get?
a. 8 
b. 10 
c. 14 
d. 16 
 e. None of the above",": If T is the total number of CDs, then 1
1
1
12
3
4
6
T
T
T
T
+
+
+
=
. Multiplying by 12,
we have 4
3
, and so 
2
144
12
T
T
T +
=
T
+
+
3
14
T =
 or T
48
=
. The first person received 1/3 or 
16 CDs.
4",024aaa
2003level2_solutionsFinal.pdf,5,C,"Four whole numbers, when added three at a time, give the sums 180, 197, 208 and 222. What is 
the largest of the four numbers?
a. 77 
 
b. 83 
 
c. 89 
 
d. 95 
 
e. None of the above",": Let the four numbers be 
 with 
, , ,
w x y z
w
x
y
z
\le
\le
\le
. Then,
+
+
=


+
+
=

+
+
=


+
+
=

180
197
208
222
w
x
y
w
x
z
w
y
z
x
y
z
)
807
y
z
+
+
+
=
 or
and adding the four equations we get 3
(w
x
269
w
x
y
z
+
+
+
=
. Since 
, 
180
w
x
y
+
+
=
269
180
89
z =
-
=
.",025aaa
2003level2_solutionsFinal.pdf,6,B,"If 
2
( )
1
f x = -x , find a constant c so that 
(
)
( )
(2
)
f a
h
f a
c
a
h
h
+
-
=
+
.
a. c = 1 
b. c = -1 
c. c = 2 
d. c = -2 
e. None of the above",": 
2
2
(
)
1
(
)
1
2
2
f a
h
a
h
a
ah
h
+
= -
+
= -
-
-
 and 
2
( )
1
f a
a
= -
, so
2
( )
2
2
a
ah
h
a
h
h
h
-
-
=
= -
-
2a
h
(
)
f a
h
f
+
-
. Now, 
(2
c
)
a
h
-
-
=
+
 implies 
. 
1
c = -",026aaa
2003level2_solutionsFinal.pdf,7,E,"Which of the following equations have the same graph?
2
4
2
x
x
y
-
=
+
 
III. (
2
2
)
x
y
x
4
+
=
-
I. 
 
 
II. 
2
y
x
=
-
a. I and II only b. I and III only 
 c. II and III only 
d. I, II, and III 
 
e. None. All the equations have different graphs.",": None can have the same graph. (I) and (III) are defined for all x, but when
2
x = -, 
(I) has a y-value of --4 and y can be any real number in (III). That is, the graph of (III) is the 
line 
 plus the vertical line
2
y
x
=
-
2
x = -. Neither (I) or (III) can be the same as (II) since 
(II) is not defined at 
. That is, the graph of (II) is the line 
2
x = -
2
y
x
=
-
 with the point (-2,-",027aaa
2003level2_solutionsFinal.pdf,8,B,"A tank has two identical drainage valves. With only one valve open, the full tank can be drained 
in 4 hours. If we start draining the full tank using both valves until the tank is {\textonequarter} full, then let the 
rest drain through one valve only, the time it will take to drain the tank is
a. 2.25 hours 
b. 2.5 hours 
c. 2.75 hours 
d. 3 hours 
e. None of the above",": One valve drains at a rate of {\textonequarter} tank/hr, so two identical valves will drain at a rate
of {\textonehalf} tank/hr. Let be the time when both valves are open (to drain {\textthreequarters} of the tank),then 
t
1
2
4
t = 3 or
1.5
t =
hours. The remaining {\textonequarter} of the tank can be drained in 1 hour with one valve, so the total 
time is 2.5 hours.",028aaa
2003level2_solutionsFinal.pdf,9,D,"Find the integer 
so that 
a
1
1
3
3
2
2
tan sin (
)
tan cos (
)
3
a
-
-




+
=




a. 1 
 
b. 2 
 
c. 3 
 
d. 4 
 
e. None of the above
-

si
 is the first quadrant angle 

\theta such that 
3
sin
2
\theta =
, and",": Now 
1
3
n
2
-

is the first quadrant angle \alpha such that 
3
s
2
\alpha =
co
. If memory of these
similarly 
1
3
cos
2
60 ,
30
\theta
\alpha
=
=
D
D
common angles (
) and the 
value of the tangent function at each does 
not prevail, then the right triangle ratios and 
Pythagorean theorem give
2
2
3
1
\theta
A
3
tan
3
3
\theta =
=
and 
1
tan
3
\alpha =
. Their
\alpha
sum is 4
3 .
3
1
2
sin
cos
2
2
x
x


-
=



",029aaa
2003level2_solutionsFinal.pdf,10,D,"If 0
2
x
\pi
\le
\le
 and sin
, then 
0.1
x =
a. 0.1 
 
b. 0.4 
c. 0.7 
 
d. 0.9 
e. None of the above
2
2
2
sin
cos
sin
2sin
cos
cos
1
2sin
cos
.
2
2
2
2
2
2
2
2
x
x
x
x
x
x
x
-
=
-
+
= -


x




 But",":
2sin
cos
s
\theta
\theta
\theta
=
, so 2sin
cos
sin
2
2
x
x
x
=
.1
0.9
. Therefore, we have 1
0
-
=
.
in 2",030aaa
2003level2_solutionsFinal.pdf,11,C,"Which of the following trigonometric equations is false for all x.
a. 
2
n
5
x =
si
 b. tan x = -100 c. 
3
4
x =
sec
 d. 
2
tan
1
sec2
x
x
+ =
 
e. None of the
above.",": The range of the sine function is [-1,1], the tangent function is (
, and the 
secant function 
. Therefore, (a) and (b) are each true for some
,
)
-\infty\infty
(
, 1]
[1,
)
-\infty-
\cup
\infty
x and ( c ) cannot 
be true. The equation in (d) is true for all x in the domain.",031aaa
2003level2_solutionsFinal.pdf,12,B,"When 
2
3\pi
\pi
<
< t
, the value of the expression 
t
t
cos
1
1
cos
1
1
+
-
-
in terms of sin equals 
t
2
2
2
2
)
sin
(1
2
-
.
)
sin
(1
2
-
-
. b.
sin
sin
1
2
-
-
. c.
sin
sin
1
2
-
. d.
t
2
t
2
t
t
t
t
a.
2
2
sin
t
sin
t
e. None of the above.",": The common denominator is (
, so we have 
2
2
1
cos )(1
cos )
1
cos
sin
t
t
t
-
+
= -
=
t
2
2cos
sin
t
t
=
2
2
cos
1
sin
t
t
= -
1
1
1
cos
(1
cos )
1
cos
1
cos
(1
cos )(1
cos )
t
t
t
t
t
t
+
-
-
-
=
-
+
-
+
. Now, 
 or 
2
1
sin
t
t
= \pm
-
co
.
s
2
3\pi
\pi
<
< t
, 
, so 
cos
0
t <
2
sin t
-
cos
1
t = -
. This gives the answer in ( b ).
Since",032aaa
2003level2_solutionsFinal.pdf,13,D,"The equation of the tangent line to the circle 
2
2
25
x
y
+
=
 at the point
is 
(4,3)
a. 3
 b. 
 c. 
4
24
x
y
+
=
3
4
0
x
y
-
=
4
3
7
x
y
-
=
 d. 4
3
25
x
y
+
=
 e. None of the above",": The radius of a circle is perpendicular to the tangent line at the point of
intersection. This circle is centered at (0,0), so the line through (0,0) and (4,3) has slope 34 and
equation 
34
y =
x . The tangent line, then, has slope 43
-
and goes through (4,3). Its equation is
4
3
(
3
y
x
-
-
=
-4) , which simplifies to 4
3
25
x
y
+
=
.",033aaa
2003level2_solutionsFinal.pdf,14,C,"How many positive integers less than 50 have an odd number of positive integer divisors?
a. 3 
 
b. 5 
 
c. 7 
 
d. 9 
 
e. None of the above",": Divisors occur in pairs generally. For example, the divisors of 24 are 1 & 24, 2 &
12, 3 & 8, 4 & 6. In general, if N is a positive integer and 
 is a divisor, then 
d
N d is also a
divisor. The only way to get an odd number of divisors, then, is if 
N
d
d
=
 or 
2
N
d
=
 for some
divisor 
. Therefore, the positive integers less than 50 with an odd number of divisors are those 
that are perfect squares. These are 1
. 
d
2
2
2
2
2
2
2
, 2 , 3 , 4 , 5 , 6 , 7",034aaa
2003level2_solutionsFinal.pdf,15,C,"A circle is inscribed in a square. A 2
4
\times
rectangle shares an upper left corner with the square with 
its lower right corner on the circle as in the figure. What is the radius of the circle?
a. 4 
 
b. 8 
 
c. 10 
 
d. 12 
e. None of the above
2",": Using the figure, the Pythagorean theorem gives 
, and so 
2
2
2
2
(",035aaa
2003level2_solutionsFinal.pdf,16,C,"Two circles have the same radius r . Their centers are a distance of 
2
r
 apart. The area of the 
intersection of the circles is
4
r
\pi
 
 b. 
2
2
2 r
\pi


-




2
2
3
r
\pi
 
e. None of the above
c. 
2
1
2
r
\pi -






 
d.
2
a.",": Since AC
BD
\perp
 , BC
r
=
, and 
2
2
BE
r
=
, BCE
\Delta
 is
C
a 45-45-90 and \angle
. Therefore, the area of the sector in circle
90
CBA =
D
D
p
AC is 
2r
1
4\pi
. The area of triangle
B
B bounded by the 90 degree arc
E
is 
ABC
\Delta
2
1
2 r , so the area of the intersection of the circles is
A
2
2
2
2
1
2
r
\pi

=




1
1
4
2
r
r

\cdot
-
-

\pi


.",036aaa
2003level2_solutionsFinal.pdf,17,C,"In the figure, ABCD is a quadrilateral with right angles at A and C. Points E and F are on AC , 
and DE and BF are perpendicular to AC . If AE = 3, DE = 5 and CE = 7, then BF =
a. 3.6 
 
b. 4 
 
c. 4.2 
 
d. 4.5 
e. None of the above",": 
EAD
\angle
 and 
 are both complementary to 
ABF
\angle
BAF
\angle
, so they are congruent to each other. This makes
B
EAD
\Delta
FBA
\Delta
\sim
and so AE
DE
BF
AF
=
 or 3
5
5
3
BF
AF
EF
=
=
+
. Likewise,
FBC
\angle
 and 
ECD
\angle
 are both complementary to 
BCF
\angle
, so they are 
congruent to each other. This makes FBC
ECD
\Delta
\Delta
\sim
and so 
BF
FC
EC
D
=
E or 
7
5
7
5
BF
FC
=
=
EF
-
. So, by cross multiplying we have
E
A
C
F
9
3
5
EF
+
= BF and 5
49
7
BF =
-EF . Therefore,
9
3
49
7
EF
EF
-
+
=
or 
4
EF =
. So, 
21
5
BF =
= 4.2 .
D


\cdot





",037aaa
2003level2_solutionsFinal.pdf,18,A,"If lo
 and 
g 2
3
a
=
2
3
log
2
x = -
, then log
8
a
x
a
is
a. 6.25 
b. 8 
 
c. 8.25 
d. 9.25 
e. None of the above",": Using properties of the log function, 
1
log 8
log 8
(log
log
)
2
a
a
a
x
a
x
a
a =
+
-
. Now
-
-
=
=
=
lo
 since
3
log
9
2
g
1
log
2
3
a
x
x
a
and 
. Also, 
log
1
a a =
3
log 8
log 2
3log 2
3 3
9
a
a
a
=
=
= \cdot=
2
2
a
=
1
3
=
. Therefore, 
1
1
g
log
)
9
1
2
2
a
a
x
a
-


-
=
+




2
lo
log
lo
a
g
g 2
9
log 8
log 8
(lo
6.25
2
a
a
x
a =
+
-
=
.
a
a",038aaa
2003level2_solutionsFinal.pdf,19,A,"If lo
, then 
equals 
11
4
g 2
6
a
=
a
a. 2 
 
b. 3 
 
c. 
2 
d. --2 
e. None of the above",": lo
if and only if 
. Therefore, 
11
4
g 2
6
a
=
6
12
1
4
2
2a
=
=
1
2
a =
.",039aaa
2003level2_solutionsFinal.pdf,20,B,"In how many ways can 6 people be lined up to get on a bus if 2 specific persons refuse to follow 
each other? 
 
a. 240 
b. 480 
 c. 600 
d. 720 
e. None of the above",": There are 10 positions in line these two people could take. If positions are 
numbered 1 through 6, they could be 1,3; 1,4; 1,5; 1,6; 2,4; 2,5; 2,6; 3,5; 3,6; 4,6 since they 
cannot be together. For each of these 10 positions, there are 4! orderings of the other 4 people and 
2! orderings of the 2 people. Therefore, there are a total of 10 4! 2!
480
\cdot
\cdot
=
orderings.",040aaa
2003level2_solutionsFinal.pdf,21,C,"Nine chairs in a row are to be occupied by six students and Professors Alpha, Beta, and Gamma. 
These three professors arrive before the six students and decide to choose their chairs so that each 
professor will be between two students. In how many ways can Professor Alpha, Beta, and 
Gamma choose their chairs?
a. 12 
 
b. 36 
 
c. 60 
 
d. 84 
 
e. None of the above",": A professor cannot be on the end, so they can only be arranged in the middle 
seven chairs. If we number these 7 chairs 1 through 7, the professors can be in one of the 10 
positions listed: (1,3,5), (1,3,6), (1,3,7), (1,4,6), (1,4,7), (1,5,7), (2,4,6), (2,4,7), (2,5,7), (3,5,7). 
For each of these 10, the professors can be ordered in any of 3! = 6 ways. The total, then is 
(10)(6) = 60 ways.",041aaa
2003level2_solutionsFinal.pdf,22,B,"Find the maximum vertical distance d between the parabola 
2
2
4
y
x
x
3
= -
+
+
 and the line 
 throughout the bounded region in the figure. 
2
y
x
=
-
a. 47
8
b. 49
8
c. 50
8
d. 48
8
e. None of the above.",": The vertical distance is given by 
, which is a parabola opening down. 
Its maximum value is the y-coordinate of the vertex which has x-coordinate
2
2
4
3
(",042aaa
2003level2_solutionsFinal.pdf,23,A,"Two men stand 200 feet apart with a vertical flagpole in between them. If the angles of elevation 
of the top of the flagpole are 30E and 45E, how tall is the pole?
a. 200
1
3
+
b. 200 3
1
3
+
c. 200 3
3
1
-
d. 200
3
1
-
e. None of the above",": Let HI
x
=
, then 
200
FI
x
=
-
. Since 
 is a 45-45-90 triangle, the height of the flagpole 
is GI
 as well. Since 
GHI
\Delta
= x
FGI
\Delta
is a 30-60-90 triangle,
G
3
FI
GI =
 or 200
x
-
3
x =
. Solving for x ,
x
45^\circ
30^\circ
F
200
3
x
x
-
=
 or 
200
1
3
x =
+
. 
x
H
I
200-x",043aaa
2003level2_solutionsFinal.pdf,24,A,"At noon, a car and a van are 120 miles apart on a straight road and driving toward each other at a 
speed of 40 mi/hr. A fly starts from the front bumper of the van at noon and flies to the bumper of 
the car, then immediately back to the bumper of the van, back to the car, and so on, until the car 
and the van meet. If the fly flies at a speed of 100 mi/hr, what is the total distance it travels?
a. 150 miles 
b. 120 miles 
c. 100 miles 
d. 200 miles 
e. None of the above",": Let t be the time until the van and the car meet, which is also the total time that 
the fly is flying between the vans, then 40
40
120
t
t
+
=
or t
1.5
=
hours. Since the fly is flying at 
100 mi/hr, the total distance is (1.5)(100)
150
=
miles.",044aaa
2003level2_solutionsFinal.pdf,25,D,"An amoeba propagates by simple division; each split into two takes 3 minutes to complete. When 
such an amoeba is put into a glass container with a nutrient fluid, the container will be full of 
amoebas in one hour. How long would it take for the container to be filled if we start with not one 
amoeba, but two?
a. 30 min 
b. 45 min 
c. 51 min 
d. 57 min 
e. None of the above",": If we let 
be the number of 3-minute intervals, then beginning with one amoeba, 
there are 
amoebas in the container. There will be 
 amoebas when it is full since it will fill 
in one hour. If we begin with 2 amoebas, then there will
n
2n
20
2
1
2 2
2
n
n+
\cdot
=
1
20
2
2
+
amoebas in the container 
after 
 three-minute intervals. So it will be full when 
n
n
=
 or 
19
n =
three-minute intervals. 
This is 57 minutes.",045aaa
2004_Level_1_Final_Solutions.pdf,1,c,"If A is 15% of C and B is 25% of C, then what percent of B is A?
a) 75 
b) 120 
c) 60 
d) 175 
e) None of the above","60 
B = 0.25C implies C = (1/0.25) B. Now A = 0.15C = 0.15(B/0.25) =0.60B. So, A = 60% of B",046aaa
2004_Level_1_Final_Solutions.pdf,2,b,"It took Tim 30 minutes to walk from his home to his friend's house to pick up his 
bicycle. On the bike Tim is 5 times faster than on foot. How long will it take Tim to 
ride back home if he chooses a route back that is twice as long as the one he took 
walking from home?
a) 18 min 
b) 12 min 
c) 6 min 
d) 15 min 
e) None of the above","12 min 
Let t be the time of the return trip. In the table, v 
denotes Tim's speed on foot. Equating the 
distance of the return trip to twice the distance 
of the trip out we get 5vt = 2\times (30v). So t = 12 
min.
Trip
Speed 
Distance = 
time\times speed 
Out 
30 
v 
30v 
Return
t 
5v 
5vt
Time 
(min)",047aaa
2004_Level_1_Final_Solutions.pdf,3,d,"The value of 
10
.0
101
99\times
 is closest to
a) 100 
b) 1,000 
c) 10,000 
d) 100,000 
e) 1,000,000","100,000
000
,
100
10
.0
100
100
10
.0
101
99
=
\times
\approx
\times",048aaa
2004_Level_1_Final_Solutions.pdf,4,a,"Which of the following is largest
a) 
40
4
 
b) 
26
8
 
c) 
76
2
16
)
32
(
16
42
4
+
d) 
 
4
18
2
16
\times
e) 
64","40
4
 
Writing all numbers as powers of 2 we have: a) 440= 280 , b) 826 = (23)26 = 278 , c) 276 , d) 
(16)18 x 24 = (24)18 x 24 = 276, and
16
)
32
(
16
42
4
16
)
2
(
2
84
2
64
84
2
84
2
2
85
2
2
)
84
2
(
2
2
5
4
=
=
=
+
=
+
=
+
e) 
79
2
2
6
6
6
6
Therefore the largest is 440

SVSU -- 2004 Math Olympics -- Level I Solutions 
Level I -- Page 2",049aaa
2004_Level_1_Final_Solutions.pdf,5,b,"In the picture, the triangle UABC is equilateral with side length 2 and the vertex B at 
the origin of the Cartesian plane. The coordinates of the vertex A are
a) (2,
3 ) 
b) (1,
3 ) 
c) (2,
3 /2) 
d) (1,2) 
e) None of the above","(1,
3 ) 
Since the triangle ABC is equilateral, the segment from A to the midpoint E of the segment 
BC is perpendicular to the side BC. So the coordinates of A are (1, h), where h is the length
of height AE. In the right triangle AEB, 
3
1
2
2
2
=
-
=
h
. Therefore A = (1,
3 )",050aaa
2004_Level_1_Final_Solutions.pdf,6,e,"Let A and B be two circles such that the circumference of A is 10% of that of B. If the 
area of A is 5, what is the area of B?
a) 50 
b) 50\pi 
c) 50\pi2 
d) 500\pi2 
e) None of the above","None of the above 
If r is the radius of the circle B, then the circumference of B is 2\pir. So, the circumference of 
the circle A is 0.1(2\pir) = 2\pi(0.1r). In particular, A has radius 0.1r. Now 5 = Area of A = 
\pi(0.1r)2 implies r2 = 5/0.01 \pi. Therefore the area of the circle B = \pi r2 = \pi(5/(0.01\pi)) = 500 
units. [Alternative solution: The circles are (of course) geometrically similar. The linear 
scaling factor from A to B is 10. The areas are scaled by the square of the linear scaling 
factor; hence the area is scaled by factor 100. Since the area of A is 5, it follows that the area 
of B should be 500.]",051aaa
2004_Level_1_Final_Solutions.pdf,7,d,"An isosceles triangle is inscribed inside a circle of radius 12 so that one of its sides 
passes through the center. What is the area of the triangle?
a) 18 
b) 36 
c) 72 
d) 144 
e) 288","144 
The triangle is a right triangle. The side through the center is the 
hypotenuse and is a diameter of the circle, hence has length 24. Let x be t
length of the (equal) legs of the triangle. Area = {\textonehalf}x2. Using Pyth
Theorem: x2 + x2 = 242. Solving for
he 
agorean
x2 gives x2 = 288. So the area is 144.
) Three circles of the same radius r are stacked as in the figure. The height of the stack
8
in terms of the radius r is
a) 2r 
b) 3r 
c)
r
3
d) 
r)
3
 
2
( +
e) 
r
3
2
 
 
 
olution: d)
S
 (
)r
3
2 +
 
The height of the stack is 2r + h where h is the height of the equilateral 
triangle of side length 2r created by connecting the centers of the three 
circles (as shown). h is found using the Pythagorean Theorem: r2 + h2 
= (2r)2; giving 
3
r
h =
.

SVSU -- 2004 Math Olympics -- Level I Solutions 
Level I -- Page 3",052aaa
2004_Level_1_Final_Solutions.pdf,9,c,"Let the operation be defined as
*
a
b
b
1
+
=
*
a
. The value of 
4
)
2
1(
*
*
 is
a) 
4
1
3
 
b) 
4
1
2
 
c) 
3
1
4
d) 
4
3
1
 
e) None of the above","41/3
(1*2) = 
.3
1
1
2
=
+
 (1*2)*4 = 3*4 =
3
1
4
3
1 =
+
4
.",053aaa
2004_Level_1_Final_Solutions.pdf,10,e,"If 
, then one possible value for b
is 
120
7
2
=
+ b
b
b
4
2 -
a) 125 
b) 165 
c) 15 
d) 8 
e) 32","32 
b2 + 7b -- 120 = 0 
(b -- 8)(b + 15) = 0 
So b must be either 8 or -15. (-15)2 - 4\cdot(-15) = 285, which is not an option. 82 - 4\cdot8 = 32.
-
-
+
-
\div
-
+
-
x
x
x
x
x
x
x
2
2
12
8
6
3
2
4",054aaa
2004_Level_1_Final_Solutions.pdf,11,d,"Carry out the division and simplify
2
2
)3
)(
1
(
)
2
)(
2
(
+
-
-
+
x
x
x
x
 
c) 
1
4
-
-
x
x
2
-
+
-
x
x
x
 
b) 
2
2
3
2
4
a)
2
d) 
1
2
-
+
x
x
 
e) None of the above","1
2
-
+
x
x
-
+
=
-
-
-
+
\cdot
-
+
-
+
=
+
-
-
-
\cdot
-
+
-
=
-
-
+
-
\div
-
+
-
x
x
x
x
x
x
x
x
x
x
x
x
x
x
x
x
x
x
x
x
x
x
x
x
2
2
2
2
1
2
)
4
)(
2
(
)
4
)(
3
(
)1
)(
3
(
)
2
)(
2
(
8
6
12
3
2
4
12
8
6
3
2
4
2
2
2
2",055aaa
2004_Level_1_Final_Solutions.pdf,12,c,"A store advertised 20% off fashion watches. One watch had a sale price of $ 36.76. 
What was the regular price?
a) $44.11 
b) $29.95 
c) $45.95 
d) $67.17 
e) None of the above","$45.95 
Let x be the original price. x - .2x = 36.76. Solving for x gives x = 45.95.

SVSU -- 2004 Math Olympics -- Level I Solutions 
Level I -- Page 4",056aaa
2004_Level_1_Final_Solutions.pdf,13,c,"An operator assisted telephone call to another state costs $10.15 for 15 minutes. The 
same call dialed directly costs $0.60 for the first minute and $0.40 for each additional 
minute. How much money is saved on a 15 minute call by dialing direct?
a) $1.15 
b) $2.55 
c) $3.95 
d) $4.55 
e) None of the above","$3.95. 
Cost for assisted call for 15 minutes is $10.15. 
The cost for the direct call for 15 minutes is 0.6 + 0.4 \times14 = 6.2 (dollars) 
The saving is 10.15 -- 6.2 = 3.95 (dollars)",057aaa
2004_Level_1_Final_Solutions.pdf,14,b,"How long will it take a carpenter to cut a 4 in by 4 in by 8 ft piece of treated lumber 
into four equal pieces if each cut takes 2{\textonehalf} minutes?
a) 5 min 
b) 7.5 min 
c) 10 min 
d) 12.5 min 
e) None of the above","7.5 min. 
It needs three cuts to get four pieces. Each cut takes 2.5 minutes. So, three cuts take 
2.5 \times3 = 7.5 minutes.",058aaa
2004_Level_1_Final_Solutions.pdf,15,d,"A health club has an initiation fee plus a monthly membership fee. Amy paid a total 
of $390 for six months of membership plus the initiation fee. Juan paid a total of $435 
for nine months of membership plus the initiation fee. What is the initiation fee?
a) $15 
b) $30 
c) $250 
d) $300 
e) None of the above","$300 
Assuming that the initiation fee is I and the month fee is x. 
For Amy: 390 = 6x + I (1) 
For Juan: 435 = 9x + I (2) 
Solving two equations for x and I: 3x = 435-390 = 45. So, x = 15 and I = 390 - 6\times15 = 300. 
The initiation fee is $300.",059aaa
2004_Level_1_Final_Solutions.pdf,16,b,"The legs of a picnic table with the table top form an isosceles triangle as indicated in 
the picture (the parts of the legs being the equal sides). If the measure of the angle 
ABC is 80^\circ, what is the measure of the angle y?
a) 50^\circ 
b) 130^\circ 
c) 150^\circ
d) 100^\circ 
e) None of the above","130^\circ
The \angle EBF = \angle ABC = 80^\circ. Since \DeltaEBF is an isosceles with EB = FB, 
\angle BEF = 50^\circ. Now \angley + \angle BEF = 180^\circ gives \angley = 130^\circ.

SVSU -- 2004 Math Olympics -- Level I Solutions 
Level I -- Page 5
a
 is equivalent to",060aaa
2004_Level_1_Final_Solutions.pdf,17,d,"The expression
3
2
ab
a) 
b
ab
3
2
b) 
3 ab 
c) 
3
2
ab
a
d) 
b
b
a
3
2
e) None of the above","b
b
a
3
2
a
3
2
3
/
1
3
/
2
3
/
2
b
b
a
b
b
a
b
a
b
a
a
3
/
2
3
/
1
3
2
=
=
=
=
3
/
2
ab",061aaa
2004_Level_1_Final_Solutions.pdf,18,d,"What is the smallest prime number that is a factor of the sum of 581 and 329?
a) 3 
b) 5 
c) 15 
d) 2 
e) None of the above","2 
581 and 329 are odd numbers. The sum of two odd numbers is even. 
Thus, the smallest prime number that is a factor of the sum is 2.",062aaa
2004_Level_1_Final_Solutions.pdf,19,b,"A pack of rats abandoned a sinking ship and colonized a deserted island. In the first 
year their population tripled. In the second year it fell 6 short of doubling. In the third 
year it increased by 24. In each of the next two years it was cut in half, so that after 5 
years, the population stood at 15. How many rats were in the original colony?
a) 4 
b) 7 
c) 8 
d) 27 
e) None of the above","7 
Let 
 be the original population of rats. After 1 year the population is 3
, since it tripled. 
After 2 years it was 6 short of doubling, so the population is 2(3
P
P
)
6
P -
. Twenty-four more is 
, so this is the population after 3 years. Taking half for the next
2(3
6
24
6
18
P -
+
=
+
)
P
1 (6
2",063aaa
2004_Level_1_Final_Solutions.pdf,20,d,"A legally caught fish needs to be both in season and of size no less than the legal size 
limit. If two-fifths of the fish in the lake are out of season, and three-fourths of the 
fish that are in season are under the legal size limit, what fraction of the fish in the 
lake are legal to catch?
a) 9/20 
b) 3/10 
c) 1/5 
d) 3/20 
e) None of the above","3/20
If we let T be the total number of fish in the lake, then, since 2
5 T = the number of fish out of
season, 3
5T = the number of fish in season. Now, one-fourth of these are at or above the
legal size limit, since three-fourths are under the legal size limit. Therefore, 1 3
3
4 5
20
T
T
\cdot
=
 =
the number of fish that are legal to catch.",064aaa
2004_Level_1_Final_Solutions.pdf,21,e,"Simplify 
2
2
-
--
-
y
x
y
x
a) 
y
x +
1
 
b) 
y
x
xy
+
 
c) x + y
d) x3 -- y3 
e) None of the above","None of the above.
-
2
2
1
1
x
y
We can write this as
. Multiplying through by the least common
-
x
y
denominator,
2
2
x y , in the numerator and denominator, we have
-
-
-
+
+


-
-




-
-
-
-
=
=
=
=
x
2
2
2
2
2
2
2
2
(
)
(
)
(
)
1
1
(
)(
)
1
1
x
y
y
x
y
x y
x
y
x y
x
y
x y
y
x
y
x
y
x
x
y
x
y
x
y
.
2
2
2
2
x y
2
2
2
2",065aaa
2004_Level_1_Final_Solutions.pdf,22,c,"Circles of radius 4 and 9 are tangent to each other and to a horizontal line. Find the 
distance d(P,Q) between the two points of tangency with the line
a) 6 
b) 
56 
c) 12
d) 
2
9
 
e) 13","12 
See the figure. If C and D are the centers of the two circles 
then DC = 13 = 9 + 4. The radii are perpendicular at the 
tangent points, so if we draw DE parallel to PQ, then DE is 
perpendicular to PC. Therefore, 
CED
\Delta
 is a right triangle 
with CE = 5 = 9 -- 4. So, by the Pythagorean Theorem, the
C
5
13
D
E
4
4
third side is 
2
2
13
5
12
-
=
, which is the same as 
. 
( ,
)
d P Q
Q
P

SVSU -- 2004 Math Olympics -- Level I Solutions 
Level I -- Page 7",066aaa
2004_Level_1_Final_Solutions.pdf,23,a,"The sum of the distinct solutions of the equation 
1
4
2
)
2
(
2
-
=
+
-
-
x
x
x
x
 is
a) 1 
b) -1 
c) -3 
d) 3 
e) None of the above","1
Rewriting 
1
4
2
)
2
(
2
-
=
+
-
-
x
x
x
x
, we have 
2
2
2
(
)
2(
) 1
x
x
x
x
0
-
-
-
+ =
. If we let
2
u
x
x
=
-
, then this is the quadratic 
2
2
1
u
u
0
-
+ =
 or (
1 2)
u
0
-
=
. This has solution
, so 
1
u =
2
x
1
x
=
-
. Multiplying by 
,x we have 
2
x
x
2
=
-
2x
x
or
2
0
-
-
=
. Factoring,
then, (
2
. This has solutions 2 and 
)(",067aaa
2004_Level_1_Final_Solutions.pdf,24,e,"The size of a TV screen is described by the length of its diagonal. The ratio of the 
height to width is the same for all televisions. How much larger is the area of a 30"" 
screen than the area of 20"" screen?
a) The areas are the same 
b) The ratio of the areas is 3:2 
c) The ratio of the areas is 2:1 
d) The ratio of the areas is 4:1 
e) The ratio of the areas is 9:4","The ratio of the areas is 9:4 
Let 
be the height, width, area of the 30 inch and 20 inch televisions,
30
30
30
20
20
20
,
,
,
,
,
h
w
A
h
w
A
h
h
w
w
=
r
=
 (for some r) for both, so 
30
30
h
rw
=
 and h
.
20
20
rw
=
30
20
respectively. Now
30
20
A
h
w
A
h
w
\cdot
\cdot
2
2
30
30
w
rw
w
rw
=
=
=
30
30
30
2
0
20
20
But,
, and by the Pythagorean Theorem
2
20
20
2
, so 
2
2
30
(",068aaa
2004_Level_1_Final_Solutions.pdf,25,c,"Which of the following numbers are prime?
a) 417 
b) 847 
c) 419 
d) 143 
e) 847 and 419 are both prime","419 
Checking each number: The digits of 417 sum to 4 + 1 + 7 = 12, which is divisible by 3. So, 
417 is divisible by 3. Now 847
7 121
=
\cdot
and 143
13 11
=
\cdot
, so the only prime is 419.",069aaa
2004_Level_2_Final_solutions.pdf,1,C,"If 
)
5
(
log
)
27
(
log
)
32
(
log
4
3
2
x
=
-
, then x is
a) 16 
b) 20 
c) 80 
d) 125 
e) None of the above","5
3
2
3
2
3
log (32)
log (27)
log 2
log 3
5
3
2
-
=
-
=
-
=
x
 since log
x
a a =
. Therefore, we have
x


=




log
y
a
y
x
x
a
=
\Leftrightarrow
=
. But 
, so 
2
4
5
x =
 or 
80
x =
.
4
2
log
5",070aaa
2004_Level_2_Final_solutions.pdf,2,B,"The rhombus ABCD is made by gluing two equilateral triangles ABD and BCD along their 
common edge, and is placed so that 
is along the horizontal x-axis. The point E bisects 
the segment DC. Then the slope of the line AE is
AB
a) 
3 
b) 
2
3 
c) 1","Since \Delta BCD is equilateral, BE
CD
\perp
. Since ABCD is a rhombus, let
d) 1/2 
e) None of the above
x = AB = BC. In the right \Delta BCE, 
3
sin 60
2
BE
x
x
=
=
D
. So, the slope of the line
3
rise
3
2
run
2
x
BE
AE
AB
x
=
=
=
=
.",071aaa
2004_Level_2_Final_solutions.pdf,3,D,"In a local election, 3000 votes were cast to elect one of the three candidates A, B, and C. Of 
the first 2000 votes, A received 45%, B received 35%, and the rest went to C. Of the 
remaining 1000 votes, 60% went to C, 25% went to B, and the rest went to A. Which of the 
following is true?
a) A places first with 60% of the votes 
b) C wins the election 
 
 
c) A and C tie for first place 
d) C received 50 votes more than B 
 
 
e) None of the above","Of the first 2000 votes, C received (100 -- 45 -- 35)% = 20%.
Of the remaining 1000 votes, A received (100 -- 60 -- 25)% = 15%. 
 The votes received by A = (0.45)(2000) + (0.15)(1000) = 1050 
 The votes received by B = (0.35)(2000) + (0.25)(1000) = 950 
 The votes received by C = (0.20)(2000) + (0.60)(1000) = 1000 
 Therefore C received 50 votes more than B.

Saginaw Valley State University 
2004 Math Olympics -- Level II Solutions
-
+
+
-
-
x
x
x
x
x
2
12
)
4
)(
6
(",072aaa
2004_Level_2_Final_solutions.pdf,4,D,"Simplify
2
a) 
 
3
+
x
b) 
4
3
+
+
x
x
 
c) 
4
2
+
+
x
x
 
d) 
2
+
x
 
e) None of the above","(x2 -- x -- 6) (x + 4) = (x --3 )(x + 2)(x + 4) = x +2
x2 + x --12 (x + 4)(x --3 )",073aaa
2004_Level_2_Final_solutions.pdf,5,A,"Let
. Let R be the quadrangle (quadrilateral) in the Cartesian plane 
whose vertices coincide with the x-intercepts of f and the vertices of the parabolas
2
4
)
(
2
+
+
=
x
x
x
f
)
(x
f
y =
 
and
. The area of R is 
)
(x
f
y
-
=
a) 
2
4
 
b) 12 
c) 8 
d) 
2
2
 
e) 2","The vertex of the parabola 
2
( )
f x
ax
bx
c
=
+
+
 is the point 
2
2
(
,
(
)
b
b
a f
-
-
)
a
, so the vertex 
of 
 is D= (-2,-2). The vertex of 
2
4
)
(
2
+
+
=
x
x
x
f
( )
f x
-
, the reflection of f across the x- 
axis, is B = (-2,2). 
 The quadratic formula gives the x -- intercepts of f to be A = ( 2
 and 
2,0)
--
( 2
2,0)
C = -+
, so 
2 2
AC =
. The area of R is the area of
ABCD = area of ABC
\Delta
 + area of 
1
2(area of 
)
2(
(2 2)(2))
4 2
2
CDA
ABC
\Delta
=
\Delta
=
=
.",074aaa
2004_Level_2_Final_solutions.pdf,6,A,"In a class of 60 junior and senior students, 21 are girls, 34 are juniors, and 20 are senior 
boys. How many juniors are girls?
a) 15 
b) 19 
c) 6 
d) 20 
e) 8","Construct a table with the bold, italicized numbers from the given information. 
We can then complete the table to find 15 junior girls.
Girls 
Boys 
Total 
Juniors 
15 
19 
34 
Seniors 
6 
20 
26 
Total 
21 
39 
60

SVSU -- 2004 Math Olympics 
Level II -- Page 3",075aaa
2004_Level_2_Final_solutions.pdf,7,B,"A large water tank has two drain outlets A and B. It takes 3 hours to drain the tank 
through A only, and 4 hours to drain the tank through B only. Suppose that we 
started draining the full tank using both outlets, but after a while outlet B was
closed letting the rest of the water drain through A. Given that it took a total of 
4
1
2
hours to drain the tank, how long did it take before closing outlet B?
a) 
4
1
1
 hrs 
b) 1 hr 
c) 12
7
 hr 
d) 12
5
 hr 
e) None of the above","Drain A is open 21/4 hours. Let t be the amount of time drain B is open. 
The rate for A is 1/3 of a tank per hour; and the rate for B is 1/4. So 1/3\cdot9/4 + 1/4t = 1. 
1/4t = 1/4, So t = 1.",076aaa
2004_Level_2_Final_solutions.pdf,8,A,"The figure shows a regular octagon of side 1. The area of the shaded region is
a) 
4
3
2 +
 
b) 
2
3
 
c) 
4
2
3
d) 
2
1+
 
e) None of the above","The area of the shaded region is 2 \times the area of the rectangle plus 3 \times the 
area of the right triangle. Since the triangles are isosceles right
2
1 . The a
triangles (vertex angle is 135 ) with hypotenuse 1, x = 
D
rea
of the rectangle is 1\timesx, the area of the triangle is {\textonehalf} x2. So
f 
 the area o
the shaded region is 2x + 3/2 x2.. So the total area is
4
3
2
2
1
2
3
2
1
2
+
=
\cdot
+
\cdot
.",077aaa
2004_Level_2_Final_solutions.pdf,9,E,"The length of the side of a regular hexagon with area 1 in2 is
a) 
4
3 
b) 4
3 
c) 
2
2
3
 
d) 4
 
4
3
e) None of the above","Let x be the length of the sides. A regular hexagon consists of 6 
equilateral triangles of side length x as shown. The area of each triangle is
{\textonehalf} xh, where h is the height of the triangle. ({\textonehalf} x)2 + h2 = x2. So h = 
x
2
3
.
The area of each triangle, then, is 
2
4
3 x . The area

2
4
3 x

, which is equal to 1. Solving for x gives
4
27
4
=
x
.

of the hexagon is 6




SVSU -- 2004 Math Olympics 
Level II -- Page 4",078aaa
2004_Level_2_Final_solutions.pdf,10,C,"If all the roots (zeros) of the polynomial 
are 
integers larger than 1, then 
equals
420
)
(
2
3
4
5
-
+
+
+
+
=
dx
cx
bx
ax
x
x
f
)
4
(
f
a) 0 
b) -6 
c) 12 
d) -12 
e) None of the above","f must have 5 (not necessarily distinct) roots d1, d2, . . . d5. f factors as 
(x -- d1)(x -- d2)(x -- d3)(x -- d4)(x -- d5). The product d1\cdot d2\cdot d3\cdot d4\cdot d5 must be equal to 
420, which factors as 22\cdot3\cdot5\cdot7. All of the roots are integers larger than 1, so they must 
be 2, 2, 3, 5, and 7. So f(x) = (x -- 2)2(x -- 3) (x -- 5) (x -- 7). Putting in x = 4 gives 12.",079aaa
2004_Level_2_Final_solutions.pdf,11,D,"In the figure, the two circles both have radius 1 and centers O and P respectively. 
The line 
 is tangent to the first circle and passes through the center of the 
second, and the line OQ is perpendicular to the line OP joining the centers. The 
length of the segment OQ is
PQ
a) 
3 
b) 
2
3 
c) 
3
2
d) 
3
3
2
 
e) None of the above","Let R be the point of tangency for the line PQ and the first 
circle. The line OR has length 1 and is perpendicular to the line 
PQ. OP has length 2 so the angle \angle OPR has a sine of {\textonehalf}, so it i
30^\circ. This means the length of OQ is 2tan30^\circ.
s
x
f
1
)
1
(
=
-
 for all 
 and 
0,1
x \ne
0
2
\theta
\pi
<
<
 then 
2
(sec
)
f
\theta =",080aaa
2004_Level_2_Final_solutions.pdf,12,A,"If
x
x
a) 
2
sin \theta 
b) 
2
cos \theta 
c) 
2
tan \theta
d) 
2
csc \theta 
e) None of the above","If 
2
sec
1
x
x
\theta
=
-
, then 
2
1
cos
1
x
1
x
x
\theta
-
=
= -
. Therefore,
2
2
1
1 cos
sin
x
\theta
\theta
= -
=

SVSU -- 2004 Math Olympics 
Level II -- Page 5",081aaa
2004_Level_2_Final_solutions.pdf,13,C,"Suppose that x satisfies the equation
x
x
tan
1
=
sin
. Then 
x
cos equals
a) 0 
b) 2
3 
c) 
2
1
5 - 
d) 4
5 
e) None of the above","Since 
x
x
x
x
sin
cos
tan
1
sin
=
=
, 
 1 -- cos
,
cos
sin 2
x
x =
2 x = cos x, or
cos2x + cos x -- 1 = 0, or cos x = 
2
5
1+
-
 by the Pythagorean Theorem. (The other
solution is not possible since 1
5
1
2
--
< -, i.e. not in the range of cos x.)",082aaa
2004_Level_2_Final_solutions.pdf,14,C,"The domain for the inverse of the function f(x) = 
5
-
x
 is:
a) (5, \infty ) 
b) The same as the domain of f. 
c) [0, \infty) 
 
 
 
d) both a and b are true e) x = 5","The domain of the inverse of f is equal to the range of 
5
)
(
-
=
x
x
f
, 
which is [0, \infty).",083aaa
2004_Level_2_Final_solutions.pdf,15,B,"A cashier found that he was often asked to give change for a dollar to people who 
made no purchase but wanted a dime or two nickels for a parking meter. He started 
thinking one day about the number of ways he could make change using the coins 
half-dollar, quarter, dime, nickel, and penny. If he gave no more than four of any 
coin, in how many different ways could he give change for a dollar to people who 
needed a dime or two nickels for parking?
a) 6 
b) 8 
c) 10 
d) 12 
e) None of the above","The possibilities are
Dime 
1 1 2
2
3
3
4
4
Nickel 
3 3 1
1
4
4
2
2
Quarter 
3 1 1
3
2
0
2
0
Half dollar 0 1 1
0
0
1
0
1
 
 The total number of possibilities is 8.

SVSU -- 2004 Math Olympics 
Level II -- Page 6",084aaa
2004_Level_2_Final_solutions.pdf,16,A,"Three cylindrical drums of 2-foot diameters are to be securely fastened in the form 
of a triangle by a steel band. What length of band will be required?
a) 6+2\pi ft 
b) 12\pi ft 
c) 12 + 2\pi ft
 
 
 
d) 6 + 3\pi ft 
e) None of the above","The part of the steel band touching each drum is 1/3 of 
the circumference of each circle, that gives a total length of 3\times(1 3\cdot 2\pir) = 2\pi since r =",085aaa
2004_Level_2_Final_solutions.pdf,17,D,"A high school runner wants to run a 5-minute mile in his next race. That's an 
average of 12 miles per hour. He figures he'll start out slowly and finish strong. He 
runs the first half-mile at 10 miles per hour. How fast must he run the last half-mile 
so that his time for the race is 5 minutes?
a) 11 mi/hr 
b) 13 mi/hr c) 14 mi/hr 
d) 15 mi/hr 
e) None of the above","The first half-mile at 10 mph = 1
mile per minute. It took the runner 3 
minutes to finish the first half-mile. He needs to finish the second half-mile in 2 
minutes to have a 5 minute mile, which is 0.25 mile per minute = 0.25 \times60 = 15 mph.
6",086aaa
2004_Level_2_Final_solutions.pdf,18,B,"A pair of digits is produced as follows. The first digit is randomly selected and 
registered. A second digit is randomly selected and registered if it differed from the 
first one. Otherwise a fair coin is flipped. If the coin is heads the digit is registered, 
and if the coin is tails, a digit is randomly selected and registered. What is the 
probability that the two registered digits are equal?
a) 0.1 
b) 0.055 
c) 0.05 
d) 0.045 
e) None of the above",": After the first digit is selected, consider the following tree of 
probabilities according to the event at the top (in sequence from left to right). 
 
 
 
Random/Second digit 
Coin Flip Random/second digit (tails) 
 0.5 Head 
 
 0.1 Same as first 0.1 Same as first 
 0.5 Tail 
First digit 0.9 Different
0.9 
Different 
0.10 
 
The two ways to get two equal digits is if the second digit was randomly selected the 
same and a head came up on the coin flip (0.1 0.5
0.05
\times
=
) OR if the second digit was 
randomly selected the same, a tail was flipped, then the same digit was randomly 
selected 
again 
(0.1
). 
Therefore, 
the 
probability 
is 
.
0.5 0.1
0.005
\times
\times
=
0.05
0.005
0.055
+
=

SVSU -- 2004 Math Olympics 
Level II -- Page 7",087aaa
2004_Level_2_Final_solutions.pdf,19,C,"Let 
 be the image when the line 
b
mx
y
+
=
0
11
3
=
+
-y
x
 is reflected across the x-
axis. The value of m + b is
a) -6 
b) -5 
c) -4 
d) -3 
e) None of the above","Since the point ( , )
x y maps to ( ,
)
x
y
-
 under a reflection across the x -
axis, the image of the line 
0
11
3
=
+
-
x
y
 is 
3(
x
y) 11
3
11
0
x
y
-
-
+
=
+
+
=
. Solving
for 
, we have 
y
1
3
3
y
x
= -
-11 , so 
1
11
4
3
3
m
b
+
= -
-
= -.",088aaa
2004_Level_2_Final_solutions.pdf,21,D,"One hundred students at Century High School took an exam last year, and their 
mean score was 100. The number of non-seniors taking the exam was 50% more 
than the number of seniors, and the mean score of the seniors was 50% higher than 
that of the non-seniors. What was the mean score of the seniors?
a) 100 
b) 112.5 
c) 120 
d) 125 
e) None of the above","Let S = the number of seniors and N = the number of non-seniors. Since 
N is 50% more than S, we have N = S + 0.5 S=1.5 S. Now S + N = 100, so S + 1.5 S = 
2.5 S = 100, which gives S = 40 and, therefore, N = 60. 
Let 
,
,
A
S
\sum
\sum
\sumN be the sum of the scores of All the students, the Seniors, and the Non-
seniors, respectively, and 
,
S
N
x
x the average score of Seniors and Non-seniors, 
respectively. From the formula for the average, 
40
S
Sx
\sum=
, 
60
N
N
x
\sum
=
, and 
(given values). The mean score for the seniors was 50% higher
100 100
\sum=
\cdot
10,000
A
=
1.5
S
N
x
x
=
 or 
2
3
N
S
x
x
=
. Substituting, 
2
60
40
3
N
S
S
x
x
\sum
=
\cdot
=
.
than the non-seniors, so
Now, 10,000
40
40
80
S
S
S
N
S
x
x
x
=
+
=
= \sum+ \sum
, so 
125
Sx =
.",089aaa
2004_Level_2_Final_solutions.pdf,22,B,"A survey indicated that in a particular city, 60% of the patients visiting a doctor 
have a physical disorder, 35% have an emotional disorder, and 25% have both a 
physical disorder and an emotional disorder. What is the probability of a person 
having neither a physical nor an emotional disorder visiting a doctor?
a) 0.35 
b) 0.30 
c) 0.25 
d) 0.70 
e) None of the above

SVSU -- 2004 Math Olympics 
Level II -- Page 8","Constructing the Venn Diagram, since 25% have both and 60% have a 
physical disorder, 35% have a physical disorder but not 
an emotional disorder. Similarly, 35% - 25% = 10% 
have an emotional disorder but no physical disorder. 
This accounts for 70% that have a physical disorder or 
an emotional disorder (or both), and, so 30% have 
neither a physical nor an emotional disorder.
Emotional Disorder
Physical Disorder
0.35
0.10
0.25",090aaa
2004_Level_2_Final_solutions.pdf,23,A,"For what values of k will the remainder of division of 
 by 
 be twice 
the remainder of division of
by
4
2
+
+ kx
x
1
-
x
4
2
+
+ kx
x
1
+
x
?
a) 5/3 
b) 4 
c) {\textonequarter} 
d) 2/3 
e) None of the above",": The remainder of a polynomial 
 after division by 
( )
P x
x
r
-is 
by 
the Remainder Theorem, so if
( )
P r
2
( )
P x
x
kx
4
=
+
+
, then division by 
1
x - results in a 
remainder of 
. Division by 
(1)
1
4
P
k
= +
+
5
k
=
+
1
x + has a remainder of
. We want to know k when 
( 1)
1
P
k
-
= -
+ 4
5
k
=
-
5
(5
)
2
k
k
+
=
-
, which is 
5
3
k
.
=
Note: The remainders can also be obtained by actually doing the division (without The 
Remainder Theorem).",091aaa
2004_Level_2_Final_solutions.pdf,24,D,"The solution of the equation log
2
)
(log
=
x
 is
a) 103 
b) 10 
c) 1010 
d) 10100 
e) None of the above","Since 
log a
b
=
implies 
, 
 
implies 
. Therefore, 
.
10b
a =
log(log )
2
x =
2
log
10
100
x =
=
100
10
=
x",092aaa
2004_Level_2_Final_solutions.pdf,25,C,"Given the isosceles triangle AEF (where AE=AF) with a path of 5 congruent 
segments A -- B -- C -- D -- E -- F, the degree measure of angle A is
a) 10^\circ 
b) 15^\circ 
c) 20^\circ 
 
 
 
d) 30^\circ 
e) None of the above","Note that 
, so 
. This is the exterior angle theorem: The measure of an exterior 
angle to a triangle is equal to the sum of the two non-adjacent interior angles. Since 
base angles of the isosceles triangle ABC are congruent
180
DBC
ABC
A
ACB
ABC
\angle
+ \angle
=
= \angle+ \angle
+ \angle
DBC
A
ACB
\angle
= \angle+ \angle
A
ACB
\angle
= \angle
2
DBC
BDC
a
\angle
= \angle
=
DC
. If we let 
, then 
 and exterior angle 
a
A
ACB
= \angle
= \angle
E
\angle
 to 
is 
. Exterior angle
ADC
\Delta
2
3
a
a
a
DEC
+
=
= \angle
FDE
\angle
 to ADE
\Delta
, then, is 3
4
a
a
a
F
+
=
= \angle
. 
Since AEF
\Delta
 is isosceles, 
4
FEA
a
=
20
a =
\angle
 as well. The three angles in triangle AEF sum to 
.This gives
. 
4
4
180
a
a
a
+
+
=",093aaa
2005Level1_solutions.pdf,1,,"Which of the following numbers are prime?
(a) 2783
(b) 637
(c) 247
(d) 359
(e) None of the above","The first numberm, 2783, is a multiple of 11, 637 is a multiple of 7, and
247 = 19 *13. 359 is obviously not divisible by 2, 3 and 5. Since 359 = 357 + 2, it is
not a multiple of 7. Similarly, 359 = 352 + 7, and as 352 is a multiple of 11 (because
3 + 2 = 5), 352 cannot be divisible by 11. Also, 359 = 390 -31, and 390 is a multiple
of 13 while 31 isn't, so 359 is not a multiple of 13. Finally, writing 359 = 340 + 19
shows that 359 is not divisible by 17. These are all the primes we have to check, since
192 is already larger than 359. Therefore 359 is a prime, and the answer is D.",094aaa
2005Level1_solutions.pdf,2,,"Simplify the expression
x2 -y2
x-1 -y-1
(a) (x -y)2(x + y)
(b) -x2y -xy2
(c) 247
(d) x + y
(e) None of the above","Start by using the difference of squares and the definition of negative
exponents to get
(x-y)(x+y)
y
=
(x-y)(x+y)
xy
=
xy(x-y)(x+y)
y-x
= xy(x + y)x-y
y-x = xy(x +
y-x
1
x -1
y)(-1) = -x2y -xy2, so B is the correct answer.",095aaa
2005Level1_solutions.pdf,3,,"When going outside on a cold winter day, Jill can choose from three winter coats, five
wool scarves, two pairs of boots and four hats. But she will never wear her green scarf
unless she wears the blue coat. How many different outfits might her friends see her
in?
(a) 120
(b) 104
(c) 97
(d) 119
(e) None of the above","With no restrictions on color combinations, there would be 3\cdot5\cdot2\cdot4 = 120
outfit. However, the outfits with green scarf and any other than blue coat are out of
question, so we need to subtract 2 \cdot 1 \cdot 2 \cdot 4 = 16 outfits. So the answer is B, or 104
outfits.",096aaa
2005Level1_solutions.pdf,4,,"Coffee costs about $6 per pound in the United States. If a Canadian dollar exchanges
for 75 U.S. cents, and a kilogram is about 2.2 pounds, what is the equivalent cost in
Canadian dollars per kilogram?

SVSU -- 2005 Math Olympics
Level I -- Page 2
(a) $17.60
(b) $9.90
(c) $3.64
(d) $2.05
(e) None of the above","Let x be the price per pound of coffee in Canadian dollars. Then x\cdot.75 =
6, or x = 8. So 2.2 pounds will cost 2.2 \cdot 8 = 17.60 Canadian dollars. A is correct.",097aaa
2005Level1_solutions.pdf,5,,"A table in a doll house is a scale model of a full sized table. The surface area of the
top of the full sized table is 800 square inches. The surface area of the top of the doll
house table is 2 square inches. If the doll house table is 1.5 inches high, how high is
the full sized table?
(a) 30 in
(b) 600 in
(c) 400 in
(d) 120 in
(e) None of the above","If the ratio of the areas is 800 : 2 = 400 : 1, the ratio of the lengths will
be
\sqrt
400 :
\sqrt
1 = 20 : 1, meaning the full size table is 20 times larger than the doll
house table. So the height of the full size table is 20 \cdot 1.5 = 30 inches. The answer is
A.
{\textparagraph}5-x
= 9 \cdot 9x",098aaa
2005Level1_solutions.pdf,6,,"Solve the equation.
{\textmu}1
3
(a) x = 5
3
(b) x = -7
(c) no solution
(d) x = -5
(e) None of the above","Using properties of exponents, the left side can be written as 3-(5-x),
while the right side as 32+2x. Since y = 3x is a one-to-one function, this means that
-(5 -x) = 2 + 2x, or x = -7. B is correct.",099aaa
2005Level1_solutions.pdf,7,,"Assume that the digits 1, 0, and 8 are written so that
they look the same when they are upside down as they
do when they're right-side up. Assume that the digits 6
and 9 are written so that an upside down 6 is identical
to a 9. How many 5 digit numbers look the same upside
down as they do right-side up.
A 4-digit example:
890l
890l
890l
(a) 75
(b) 868
(c) 152
(d) 48
(e) None of the above","The digit in the middle must be one of 0, 1, and 8. So we have three
possibilities for the middle digit. When you turn a number upside down, the first digit
will become the last and vice versa, so if the first digit is 1, the last will also have to
be one, if the first is 8, the last also has to be 8, if the first is 9, the last has to be 6,
and if the first is 6, the last has to be 9. The first digit cannot be 0, so that will give

SVSU -- 2005 Math Olympics
Level I -- Page 3
us 4 options for the combination of first and last digit. The same is true about second
digit and fourth digit, except that we can also use 0 here, so we have 5 options for the
combination of these two digits. So all together we have 3 \cdot 4 \cdot 5 = 60 numbers. So the
answer is E, none of the above.",100aaa
2005Level1_solutions.pdf,8,E,"Suppose you are in a class of 20 students. If every student shakes hands with every
other student, how many handshakes will there be?
(a) 190
(b) 400
(c) 380
(d) 2019
(e) None of the above","ach of the 20 students will shake hands with 19 people. But that way,
each handshake will be counted twice, so the number of handshakes is 20\cdot19
2
= 190.
Another way: The first student shakes hands with 19 people. The second will shake
hands with 18 people (not counting the first one again), the third with 17 people etc.
So there will be
19 + 18 + 17 + \cdot \cdot \cdot + 2 + 1 + 0 = 20 \cdot 19
2
handshakes. Therefore A.",101aaa
2005Level1_solutions.pdf,9,,"A school has three clubs: cheerleaders, pep club and student council.
Half of the
student council members and all of the cheerleaders belong to the pep club.
Two
students are members of all three clubs. If there are 24 student council members, 6
cheerleaders, and 40 pep club members, how many students belong only to the pep
club?
(a) 10
(b) 24
(c) 20
(d) 22
(e) None of the above","There is 12 students who are both on the council and in the pep club,
and 6 students who are both cheerleaders and in the pep club. out of those, 2 students
are both in the former 12 and the later 6, so there is actually 12 + 6 -2 = 16 students
who are both in the pep club and at least one other club. So there is 40 -16 = 24
students only in the pep club. The answer is B.",102aaa
2005Level1_solutions.pdf,10,,"A 400 meter track is to built with 100-meter straight-
aways on both sides and semicircular ends. (See the
diagram.) How many meters wide should the track be
between the straight-aways so that the total perimeter
is 400 meters?
100m
x
100m
(a) 100/\pi
(b) 100
(c) 200/\pi
(d) 50/\pi
(e) None of the above","This means that the track consists of a complete circle with diameter x
and two straight paths, each of length 100m. So the length is \pi \cdot x + 200 = 400, and
so x = 200/\pi meters. C is correct.

SVSU -- 2005 Math Olympics
Level I -- Page 4",103aaa
2005Level1_solutions.pdf,11,,"Find the perimeter of a rectangle whose area is 22 square meters and whose diagonal
is 10 meters
(a) 24
(b) 12
(c) 44
(d) 33
(e) None of the above","If the dimensions of the rectangle are xm and ym, the perimeter will be
2(x + y) meters, the area will be xy square meters, and the diagonal
p
x2 + y2 meters
by the Pythagorean theorem. Therefore xy = 22 and x2 + y2 = 200.
Now (x + y)2 = x2 + 2xy + y2 = x2 + y2 + 2xy = 100 + 2 \cdot 22 = 144, and so x + y =
\sqrt
144 = 12. Therefore the perimeter is 2 \cdot 12 = 24 meters, which is A.",104aaa
2005Level1_solutions.pdf,12,,"Donald Duck can eat 2 pizzas in 3 minutes, while Goofy can eat 3 pizzas in 2 minutes.
At these rates, how many pizzas can they eat together in an hour?
(a) 54
(b) 96
(c) 130
(d) 216
(e) 250","Start by computing how many pizzas will each of them eat in 1 minute.
That would be 2/3 for Donald Duck and 3/2 for Goofy. So each minute, both of them
together will eat 2/3 + 3/2 = 13/6 pizzas, which gives us 130 pizzas in 60 minutes.
The answer is C.",105aaa
2005Level1_solutions.pdf,13,,"If m > 0 and the points (m, 3) and (1, m) lie on a line with slope m, then m =
(a) 1
(b)
\sqrt
2
(c)
\sqrt
3
(d)
\sqrt
5
(e) None of the above","The slope of the line through the points (m.3) and (1, m) is m-3
1-m. This
must be equal to m, so m-3
1-m = m which siplifies to 3 = m2. Since we know that m > 0,
the solution is C,
\sqrt",106aaa
2005Level1_solutions.pdf,14,,"An urn is filled with coins and beads, all of which are either silver or gold. Twenty
percent of the objects in the urn are beads. Forty percent of the coins in the urn are
silver. What percent of the objects in the urn are gold coins?
(a) 40%
(b) 48%
(c) 52%
(d) 60%
(e) None of the above","100% -20% = 80% are coins, and out of the 80%, 100% -40% = 60%
are gold. Therefore 60% of 80% are gold coins. That is .6 \cdot .8 = .48 = 48%. B is
correct.
r
810 + 410",107aaa
2005Level1_solutions.pdf,15,,"84 + 411 =
(a)
\sqrt
2
(b) 16
(c) 32
(d) 122/3
(e) None of the above

SVSU -- 2005 Math Olympics
Level I -- Page 5","Write all the powers as powers of 2 using properties of exponents, and
simplify:
r
s
230 + 220
220 (1 + 210)
212 (1 + 210) =
\sqrt
28 = 16
212 + 222 =
so B is correct.",108aaa
2005Level1_solutions.pdf,16,,"The ratio of the radii of two concentric circles (circles having the same center) is 1:3. If
AC is a diameter of the larger circle, BC is a chord of the larger circle that is tangent
to the smaller circle, and AB = 12, then the radius of the larger circle is
(a) 13
(b) 18
(c) 21
(d) 24
(e) None of the above","The angle ABC is a right angle. Because the chord
BC is tangent to the small circle, the angle EDC is also a right
angle. Therefore the two triangles, ABC and EDC, are similar.
The sides ED and EC of the smaller triangle are the radii of
the smaller circle and the larger circle, respectively. Therefore
their ratio is 1:3. From similarity, the ratio of the corresponding
sides in the larger triangle, AB and AC, is also 1:3, and since
AB = 12, we know that AC = 36. The radius of the larger circle
is then half of the AC, which is 18. The answer is B.
C
D
E
12
B
A",109aaa
2005Level1_solutions.pdf,17,,"The 12 in \times 12 in configuration shown to the right made up of
four tiles each represents a small square inscribed in a larger one.
The shaded region has area 24 in2. The side length of each of
the inner squares is
5
(b) 2
\sqrt
3
(c) 3
(d)
\sqrt
(a) 2
\sqrt
28
(e) None of the above","We only need to look at one quarter of the configuration. The area of
one of the four larger squares is 6 \times 6 = 36 in2. The shaded part is 24/4 = 6 in2. It
consists of three identical triangles, each of area 6/3 = 2 in2. The area of the smaller
square is the area of the larger square minus the area of the four identical triangle
(three of them shaded, the fourth not shaded). So the area of the smaller square is
36 -4 \cdot 2 = 28 in2. So the side of the smaller square is
\sqrt
28 in, that is D.",110aaa
2005Level1_solutions.pdf,18,A,"At a High School each freshman is taking exactly two of the following three courses:
English, Math, Social Studies. The freshmen enrollments are: 20 in English, 17 in
Math, 11 in Social Studies. How many freshmen are there?
(a) 24
(b) 25
(c) 26
(d) 27
(e) None of the above

SVSU -- 2005 Math Olympics
Level I -- Page 6","dding 20 + 17 + 11 = 48 will count each of the freshmen twice (since
each is enrolled in exactly two classes). So the answer is 48/2 = 24, A.",111aaa
2005Level1_solutions.pdf,19,A,"Let a polynomial P be a degree four polynomial such that 0 = P(0) = P(1) = P(2) =
P(-1) and P(-2) = 12. Then P(3) equals
(a) 1/3
(b) -1/2
(c) 1
(d) 2
(e) None of the above","degree four polynomial with the given zeros will look like P(x) =
a\cdotx(x-1)(x-2)(x+1) for some constant a. Now P(-2) = a(-2)(-3)(-4)(-1) = 24a,
and since this must be equal to 12, we know that a = 1/2. So P(3) = 1
23(3 -1)(3 -
2)(3 + 1) = 1
23 \cdot 2 \cdot 1 \cdot 4 = 12. The answer is E, none of the above.
An alternative solution: Look at the polynomial Q(x) = P(x + 1/2) instead. The
fourth degree polynomial Q will have zeros -1.5, -.5, .5 and 1.5. Therefore it must
be an even function. We also know that Q(-2.5) = 12, and we need to find Q(2.5).
But because Q is even, Q(2.5) = Q(-2.5) = 12.",112aaa
2005Level1_solutions.pdf,20,,"Jody read a book in 3 days. During the first day she read 1/5 of the book, plus 16
pages. During the second day she read 3/10 of what remained,plus 20 pages. During
the third day she read 3/4 of what remained, plus 30 pages. How many pages were
there in the book?
(a) 225
(b) 240
(c) 265
(d) 270
(e) None of the above","First, let x be the number of pages left at the beginning of the last day.
Then 3
4x + 30 = x, and so x = 120. Now let y be the number of pages left at the
beginning of the second day. Then y -
3
10y -20 = 120, or
7
10y = 140, or y = 200.
Finally, let z be the number of the pages in the book, then z -1
5z -16 = 200, or
4
5z = 216, or z = 270, so D is correct.",113aaa
2005Level1_solutions.pdf,21,,"Determine a, b for which (-4, -3) is a solution of the system
ax + by = -26
bx -ay = 7
(a) a = -2, b = 11
(b) a = 2, b = -6
(c) a = 9, b = 5
(d) a = 5, b = 2
(e) None of the above","The numbers a and b must be solutions of the system
-4a -3b = -26
-4b + 3a = 7

SVSU -- 2005 Math Olympics
Level I -- Page 7
Solving the system shows D is the answer.",114aaa
2005Level1_solutions.pdf,22,,"The Jones family is remodeling their house. The width of a rectangular room is in-
creased by 30% and the length of that room is increased by 25%. By what percentage
is the area of the room increased?
(a) 55%
(b) 62.5%
(c) 7.5%
(d) 75%
(e) None of the above","If the original width is x and the original length is y, then original area
is xy and the new area is 1.3x \cdot 1.25y = 1.625xy. So the area increased by 62.5%. The
answer is B.",115aaa
2005Level1_solutions.pdf,23,,"Which of these numbers is the smallest?
\sqrt
2715
(b)
q
3\sqrt
3-60
(c)
1
12
(d) 422-4
311
(e)
9-1
93
3\sqrt
(a)
27 \cdot 35","Write all numbers as powers of 2 or 3:
(a) (32)3/2
(c) 2-23-1
(33)15/3 = 33
315 = 3-12
(d) 24-43-11 = 3-11
(b)
{\textthreesuperior}{\textexclamdown}
3-60{\textcent}1/3{\textasciiacute}1/2
= 3-10
(e) 3-2
33+5 = 3-2-8 = 3-10
Out of these, 3-12 is the smallest, so the answer is A.",116aaa
2005Level1_solutions.pdf,24,,"The three circles have radii 1in, 2in and 3in. Which fraction of
the square is shaded?
(a) 18 -3\pi
2
(b)
3
8
(c)
1
2 -\pi
24
(d)
5\pi
6
(e) None of the above","The area of the whole square is 36 in2. The shaded area has two parts:
the anulus between circles of radius 1 and 2, with area 4\pi -\pi = 3\pi, and the two
""corners"", with area 36-9\pi
2
. So the total shaded area is
2
+ 3\pi = 18 -9\pi
2 + 6\pi
2 = 18 -3\pi
36 -9\pi
2
The fraction is then
18 -3\pi
2
36
= 1
2 -\pi
24
so the answer is C.

SVSU -- 2005 Math Olympics
Level I -- Page 8",117aaa
2005Level1_solutions.pdf,25,,"A parallelogram ABCD is drawn so that the
triangle ABC is an isosceles triangle inscribed
inside circle of radius 12 and so that the one
of its sides passes through the center. What is
the area of the parallelogram?
C
D
A
B
(a) 288
(b) 36
(c) 72
(d) 144
(e) None of the above","The triangle ABC is isosceles, so the point C actually lies on the per-
pendicular bisector of the segment AB. Therefore the height of the triangle (and the
parallelogram) is the radius, and so the area is base \cdot height = 24 \cdot 12 = 288. The
answer is A.",118aaa
2005Level2_solutions.pdf,1,,"If the point (3, 5) is on the graph of y = -3f(2x + 1) + 2, which of the following must be
true?
(a) f(7) = 13
(b) f(2) = 13
(c) f(2) = -1
(d) f(7) = -1
(e) None of the above",". D
Pluging in for x and y, we get 5 = -3f(2 \cdot 3 + 1) + 2, or 5 = -3f(7) + 2, or 3 = -3f(7) or
-1 = f(7).",119aaa
2005Level2_solutions.pdf,2,,"Let p be a prime number and k an integer such that x2 + kx + p = 0 has two distinct positive
integer solutions. The value of k + p is
(a) 1
(b) -1
(c) 0
(d) 2
(e) -2",". B
Let a and b be the two distinct positive integer solutions. Then x2 + kx + p = (x -a)(x -b)
and k = -a -b while p = ab. Because p is a prime, the only possible values for a and b are 1
and p. We can assume that a = 1 and b = p. So k + p = -a -b + p = -1 -p + p = -1.",120aaa
2005Level2_solutions.pdf,3,,"Which of the following are equivalent to log(csc2 x)?
(a)
1
log2(sin x)
(b)
1
log2(cos x)
(c) -2 log(sin x)
(d) log(2 csc x)
(e) None of the above",". C
Using rules of logarithms and the definition of csc x:

= log 1 -log
 
sin2 x

= 0 -2 log (sin x)
log
 
csc2 x

= log

1
sin2 x",121aaa
2005Level2_solutions.pdf,4,,"To find the distance between two points P and Q on opposite
sides of a lake, a surveyor locates a point R, 20 feet from P, such
the line PR is perpendicular to the line PQ. The angle PRQ is
60{\textopenbullet}. Find the distance between P and Q.
Q
3 ft
(b) 40 ft
(c) 20
\sqrt
(a) 20
\sqrt
3
3
ft
60{\textopenbullet}
P
R
(d) 30 ft
(e) None of the above
20ft",". A
\bigtriangleupPQR is a (30,60)-right triangle. Hence, PQ = PR tan 60{\textopenbullet}= 20
\sqrt",122aaa
2005Level2_solutions.pdf,5,,"The difference between the area of the circle inscribed (the inner cir-
cle) in a regular hexagon of side length
\sqrt
3 and the area of the circle
in which the hexagon is inscribed (the outer circle) is
(a) \pi/2
(b) 3\pi/2
(c) 3\pi/4
(d) 2\pi/3
(e) None of the above",". C
The angle BAD is 360{\textopenbullet}/6 = 60{\textopenbullet}, and the triangle is isosceles. That
means that the two other angles in the triangle are also 60{\textopenbullet}, the
triangle is actually equilateral, and so all the sides of the triangle
have the same lenths.
From this it follows that the radius of the
larger circle is
\sqrt
B",123aaa
2005Level2_solutions.pdf,6,,"The product N of three positive integers is six times their sum, and one of the integers is the
sum of the other two. Find the sum of all possible values of N
(a) 300
(b) 350
(c) 336
(d) 318
(e) None of the above",". C
According to the proplem, we have positive integers a, b such that a \cdot b \cdot (a + b) = N =
6(a + b + (a + b)) = 12(a + b). So, a \cdot b = 12. This gives the following possibilities:
a
b
a + b
N
12
1
13
156
6
2
8
96
4
3
7
84
Thus, the sum of all possible values of N is 156 + 96 + 84 = 336.",124aaa
2005Level2_solutions.pdf,7,,"Suppose that the digits 1, 0, and 8 are written so that they look the same when they are
upside down as they do when they are right-side up. Also, the digits 6 and 9 are written
so that by turning (rotating) a 6 upside down, we get a 9. Two 5-digit numbers are ""flips""
of each other if one is obtained by rotating the other upside down. For example, 61891 and
16819 are ""flips"" of each other. If all five-digit numbers (including those starting with 0 like
00027) are being printed on slips of paper such that two numbers are printed on the same
slip if and only if they are flips of one another, how many slips of paper are needed?
(a) 100,000
(b) 98475
(c) 96875
(d) 105 -55
2
(e) None of the above",". B
The correct count is: #(5-digit numbers) -
1
2 #(numbers whose ""flip"" is a different but
meaningful number) There are 105 = 100000 five-digit numbers.
Numbers that flip to a
meaningful (but not necessarily different) number have 0, 1, 6, 8, or 9 for its five digits, hence
there are 55 such numbers. Of these, some are the ""flips""' of themselves. These will have has
0, 1, 6, 8, or 9 for for the fist two places (which consequently determine the last two digits),
and 0, 1 or 8 for the middle (third) digit. Hence there are 5 \times 5 \times 3 numbers. So, there are

SVSU -- 2005 Math Olympics
Level II -- Page 3
55 -3 \cdot 52 = 3050 numbers whose ""flip"" is a different but meaningful number. So the number
of slips of paper will be 105 -1
2(3050) = 100, 000 -1525 = 98475.",125aaa
2005Level2_solutions.pdf,8,,"Which of the following is not equivalent to sin(15{\textopenbullet})?
6 -
\sqrt
2 -
\sqrt
\sqrt
p
2
4
(b)
3
2
(c)
1
\sqrt
6 +
\sqrt
(a)
2
(d) 2 -
\sqrt
3
4
(e) tan-1
 
2 -
\sqrt
!
3
2 +
\sqrt
3",". D
Upon close examination, you can see that the option in (d) is the square of the one in (b),
and since they are not equal to 1, they cannot be both equivalent to the same thing. So one
of them must be the answer. Using the half angle formula, we get
2
2 -
\sqrt
2 -
\sqrt
2 -
\sqrt
s
s
p
3
2
2
=
r
1 -cos (30{\textopenbullet})
3
4
=
3
2
.
sin (15{\textopenbullet}) =
2
=
Added Remark: Choice (b) equals sin 15{\textopenbullet}by the half-angle formula. For (e), sin 15{\textopenbullet}= sin(75 -60); now use
the difference formula of sine. (a) and (c) are clearly equivalent, just rationalize the numerator of (a) and
2 -
\sqrt
8 -4
\sqrt
(6 + 2) -2
\sqrt
q
simplify. Finally, (a) and (b) are seen equivalent as follows
p
2
p
3 = 1
3 = 1
12 =
2
(
\sqrt
6 -
\sqrt
2(
\sqrt
6 -
\sqrt
q
2)2 = 1
1
2
2).
y + y
x. If a is a positive number such that a☼(a+1) = 5",126aaa
2005Level2_solutions.pdf,9,,"Let x☼y = x
2, which of the below gives
the value of a?
(a) 1
(b) 2
(c)
\sqrt
5
(d) there is no such number
(e) None of the above",". A
a
= a2+(a+1)2
a(a+1)
= 2a2+2a+1
By the definition of ☼, we get a☼(a + 1) =
a
a+1 + a+1
a2+a
. So,
5
2 = 2a2 + 2a + 1
a2 + a
By cross-multiplying we get 5a2 + 5a = 4a2 + 4a + 2 or a2 + a -2 = 0. This equation has
solutions 1 and -2. The only positive solution is 1.",127aaa
2005Level2_solutions.pdf,10,,"A belt driven wheel system shown in the figure consists of two outside
simple wheels of radii 5in and 3in, respectively, and a middle compound
wheel made by gluing concentric 2in and 1in wheels, so that the two wheels
will rotate as one unit. Two belts are attached tightly between the wheels
as shown. If the 5in wheel is moving at 4 rotations per minute (rpm), how
fast is the 3in wheel rotating?
(a) 20/3 rpm
(b) 20 rpm
(c) 24 rpm
(d) 30 rpm
(e) None of the above

SVSU -- 2005 Math Olympics
Level II -- Page 4",". E
The ratio of the rotational speeds of two wheels connected by a belt is equal to ratio of their
perimeters (= ratio of their radii). The two discs of the (middle) compound wheels rotate at
the same speed. Hence speed of the compound wheel is 4 \times 5
2 = 10 rpm, and the speed of the
3in wheel is 10 \times 1
3 = 10
3 .",128aaa
2005Level2_solutions.pdf,11,,"A rectangle in inscribed in a circle of radius 1. The angle from the center to
the corner A is \theta. The area of the rectangle equals
\theta
(a) cos2 \theta -sin2 \theta
(b) sin 2\theta
(c) 2 sin 2\theta
(d) 2 sin \theta cos \theta
(e) None of the above",". C
The sides of the rectangle are 2 sin \theta and 2 cos \theta. So the area is 4 sin \theta cos \theta = 2 sin 2\theta.",129aaa
2005Level2_solutions.pdf,12,,"A butterfly lands on one of the six squares of the t-shaped figure shown and
then randomly moves to an adjacent square. What is the probability that
the butterfly ends up on the R square.
G
Y
W
R
B
O
(a) 1/2
(b) 1/3
(c) 2/3
(d) 1/6
(e) None of the above",". C
Pr(Ending on R in the second step )
= Pr(landing on B then move to R ) + Pr(landing on W first then move to R)
= 1
6 \cdot 1 + 1
6 \cdot 1
2 = 1
4",130aaa
2005Level2_solutions.pdf,13,,"The corresponding trisectors of two angles (A and B) of a scalene
triangle meet at points D and E.
The third angle of the triangle
(angle C) is 30 degrees. Find the measure of angle D.
(a) 130
(b) 80
(c) 120
(d) 90
(e) None of the above",". B
Since the sum of angles in any triangle is 180{\textopenbullet}, we know that mCAB + mABC = 150{\textopenbullet}, or,
written using a and b, 3a+3b = 150{\textopenbullet}. Therefore mDAB +mABD = 2a+2b = 2
3150{\textopenbullet}= 100{\textopenbullet},
and so the measure pf the angle D must be 80{\textopenbullet}.",131aaa
2005Level2_solutions.pdf,14,,"In \DeltaABC, m̸ ABC = 120{\textopenbullet}, AB = 3 and BC = 4. If perpendiculars constructed to AB at
A and to BC at C meet at D, then CD =
(a) 5
(b)
8
\sqrt
3
(c) 11
2
(d) 10
\sqrt
3
(e) None of the above
D
60{\textopenbullet}",". D
In construction in the problem, we extended AD and BC so they meet at
F. Then m̸ DFC = 30{\textopenbullet}. In the right \bigtriangleupFAB, FB = AB/ sin(30{\textopenbullet}) = 6.
Hence FC = FB + BC = 6 + 4 = 10. Now, in the right \bigtriangleupFCD, CD =
FC tan(30{\textopenbullet}) = 10/
\sqrt
A
3
30{\textopenbullet}
120{\textopenbullet}",132aaa
2005Level2_solutions.pdf,15,,"A square of perimeter 20 is inscribed in a square of perimeter 28 (inscribed means the vertices
of the smaller square are on the sides of the larger square). What is the greatest distance
between a vertex of the inner square and a vertex of the outer square?
58
(c) 7
\sqrt
(a) 5
\sqrt
3
(b)
\sqrt
5
2
(d)
\sqrt
65
(e) None of the above",". D
The side length of the outer square is 7 and that of the inner one is 5. The
corners of the inner square divide each side of the outer square into two segments
of lengths x and y as in the figure. Without loss of generality assume x \gey.
So we have the following system of equations:
7
y
B
x
y
5
x
5
x + y = 7
7
x2 + y2 = 25
x
y
A
y
x
So, y = 28 -x, and x2 + (7 -x)2 = 25. Solving, we get (x, y) = (4, 3).
The vertex of the small square that is the farthest from the vertex A is B.
Using the
Pythagorean Theorem: AB =
\sqrt
42 + 72 =
\sqrt",133aaa
2005Level2_solutions.pdf,16,,"The larger gear has 25 teeth, and the smaller has 15 teeth. If the larger
gear rotates through an angle of 90{\textopenbullet}, through what angle measure does
the small gear rotate?
(a) 54{\textopenbullet}
(b) 150{\textopenbullet}
(c) 90{\textopenbullet}
(d) 180{\textopenbullet}
(e) None of the above",". B
On the larger gear, there is 25 ""teeth"" in 360{\textopenbullet}. So in 90{\textopenbullet}, there will be 25/4 = 6 1
4 teeth. On
the smaller gear, each ""tooth"" corresponds to the angle of 360{\textopenbullet}/15 = 24{\textopenbullet}. So 61
4 teeth will
correspond to the rotation of 6 1
4 \cdot 24{\textopenbullet}= 150{\textopenbullet}.",134aaa
2005Level2_solutions.pdf,17,,"The Beatles (Paul, John, George and Ringo) took a math exam. Paul got correct half of
the questions plus 7 questions, John got correct one third of the questions plus 17 questions,
George got correct one fourth of the questions plus 22 questions, and Ringo got correct one
fifth of the questions plus 25 questions. There were between one and 100 questions on the
exam and each Beatle got an integer number of questions correct. Which Beatle got the most
questions correct?
(a) Only Paul
(b) Only John
(c) Only George
(d) Only Ringo
(e) At least two Beatles got the most questions correct.",". E
Since each beatle answered an integer number of problems correctly, the total numeber of
questions must be divisible by 2, 3, 4 and 5. The only number between 1 and 100 that is
divisible by all these numbers is 60. So there was 60 questions. Writing down how many
questions each Beatle got right, we have
Paul: 60/2 + 7 = 37 questions.
John: 60/3 + 17 = 37 questions.
George: 60/4 + 22 = 37 questions.
Ringo: 60/5 + 25 = 37 questions.

SVSU -- 2005 Math Olympics
Level II -- Page 6",135aaa
2005Level2_solutions.pdf,18,,"If L is the line whose equation is ax + by = c. Let M be the reflection of L through the
y-axis, and let N be the reflection of L through the x-axis. Which of the following must be
true about M and N for all choices of a, b, and c.
(a) The x-intercepts of M and N are equal
(b) The y-intercepts of M and N are equal
(c) The slopes of M and N are equal
(d) The slopes of M and N are reciprocal
(e) None of the above",". C
Reflecting a graph over the x-axis results in the line M whose equation is ax -by = c, while
a reflection through the y-axis results in the line N whose equation is -ax + by = c. Both
clearly have slope equal to a
b (from, say, the slope-intercept form of the equation).",136aaa
2005Level2_solutions.pdf,19,,"Let f(x) be a cubic polynomial in one variable x such that f(0) ̸= 0 and with no repeated
roots. Suppose that f(x) and f(-x) share a common root. Which of the following polynomials
qualifies to be the least common multiple of f(x) and f(-x)? (The numbers a, b and c below
are distinct)
(a) (x2 -a)2(x -b)(x -c)
(b) (x2 -a)2(x2 -b)
(c) (x2 -a)(x -b)(x -c)
(d) (x2 -a)(x2 -b)
(e) None of the above",". D
Let a be the common root of f(x) and f(-x). Then a ̸= 0 and f(-a) = 0, so -a is also
a root of f(x). There must be one more root of f(x), we can call it b (a cubic polynomial
cannot have exactly two simple roots). So the factors of f(x) are x -a, x + a and x -b. The
factors of f(-x) will then be x + a, x -a and x + b. So the least common multiple could be
(x -a)(x + a)(x -b)(x + b), choice D.",137aaa
2005Level2_solutions.pdf,20,,"In the figure to the right, ABGH, BCFG and CDEF are
congruent squares with side length x. The sum of the angles
\alpha + \beta equals
G
H
F
E
x
x
x
x
(a) \pi/3
(b) 3\alpha
(c) \gamma
(d) \pi/2
A
B
C
D
\alpha
\beta
\gamma
(e) None of the above",". C
From the right triangles ADE, BDE, and CDE, respectively, we get tan \alpha = 1/3 and tan \beta =
1/2. The addition formula for tangent is
1
3 + 1
5
6
5
6
= 1
tan (\alpha + \beta) = tan \alpha + tan \beta
2
1 -1
1 -tan \alpha tan \beta = tan (\alpha + \beta) =
6
=
Since the angle \alpha + \beta is in the first quadrant, it has to be \pi/4(= \gamma).

SVSU -- 2005 Math Olympics
Level II -- Page 7",138aaa
2005Level2_solutions.pdf,21,,"The three little pigs are digging a moat to keep nasty wolves away. The first two pigs, working
together, could dig the moat in two hours. The first and third pigs, working together, could
dig the moat in one hour and twelve minutes. The second and third pigs, working together,
could complete the job in an hour and a half. How long will it take all three pigs working
together to dig the moat?
(a) 36 min
(b) 45 min.
(c) 50 min.
(d) 54 min.
(e) One hour.",". E
Let x be the time (in minutes) it takes the first pig to dig the moat alone, y the time (in
minutes) it takes the second pig to dig the moat alone, and z the time (in minutes) it takes
the third pig. Considering the fraction of the job each pair of pigs can complete in one minute,
we get the equations
1
x + 1
y =
1
120,
1
x + 1
z = 1
72,
1
y + 1
z = 1",139aaa
2005Level2_solutions.pdf,22,,"Riders on a Ferris wheel travel in a circle in a vertical plane. A particular wheel has radius
20 ft and rotates at a constant rate of one revolution per minute. How many seconds does it
take a rider travel from the bottom of the wheel to a point 10 vertical feet above the bottom?
(a) 5
(b) 6
(c) 7.5
(d) 10
(e) None of the above",". D
The dashed triangle is a right triangle with vertical leg 10 ft and
hypotenuse 20 ft.
The cosine ̸ BAC is 10/20 = 1/2; hence, the
m̸ BAC = \pi/3. In other words, the angle is 1/6 of the full revolution.
Since one full revolution takes 60 seconds, and the rate of rotation is
constant, it takes 10 seconds to get from the bottom (point B) to the
point C.
A
10 ft
C
20 ft
10 ft
B",140aaa
2005Level2_solutions.pdf,23,,"For the regular pyramid to the right, the ratio h : a is
\sqrt
3 : 1. Find
the ratio t : a
B
t
(a) 2 : 1
(b) 2
\sqrt
2 : 1
(c) 4 : 1
(d) 2
\sqrt
l
5 : 1
h
C
a
D
O
(e) None of the above
A",". D
Note that the side of the base equals 2a. Hence EB = a. By hypothesis, h =
\sqrt
3a, hence
in the right triangle POE, PE =
\sqrt
h2 + a2 =
\sqrt
3a2 + a2 = 2a. Since in \bigtriangleupAPB, PA =
PB, and since E is the mid-point of AB, the \bigtriangleupPEB is a right triagle.
Hence PB =
p
(PE)2 + (EB)2 =
\sqrt
4a2 + a2 =
\sqrt
5a",141aaa
2005Level2_solutions.pdf,24,,"Roadrunner and Coyote are running on a highway simultaneously starting at the same point.
Each maintains a constant speed within each 4-mile interval of the road. The speed of Coyote
doubles from one interval to the next, while the speed of Roadrunner is reduced by half after

SVSU -- 2005 Math Olympics
Level II -- Page 8
each interval. Roadrunner starts at the speed of 32 mph and Coyote at 1 mph. By the time
Coyote catches up with Roadrunner, how many (complete) miles would each have run?
(a) 20
(b) 22
(c) 24
(d) 26
(e) None of the above",". C
During the k-th 4-mile segment, Cayote's speed is 2k-1 and Roadrunner's speed is 32/2k-1 =
26-k. So it take Cayote 4 \div 2k-1 = 23-k hours to finish the k-th segment, while it takes
Roadrunner 4\div26-k = 2k-4 hours. The table below shows the times to complete the successive
4-mile segments
Segment k
k = 1
k = 2
k = 3
k = 4
k = 5
k = 6
Cayote's time
4
2
1
1
2
1
8
RR's time
1
8
1
4
1
4
1
2
1
2
4
From the table it is clear that the y both complete 6 full segments is the same amount of
time t = 4 + 2 + 1 + 1
2 + 1
4 + 1",142aaa
2005Level2_solutions.pdf,25,,"The vertex of the parabola that passes through the points (-1, 0), (0, 1) and (1, 3) is
(a)

-3

(b)
3
2, 8

(c) (-1, -1)
2, -1
8

(e) None of the above
(d)
1
2, 3
2",". A
Write y = ax2 + bx + c. Setting (x, y) = (0, 1) implies c = 1. To find a and b, we plug in the
remaining two points and get:
0 = a -b + 1
3 = a + b + 1
2x2 + 3
Solving the system, we get a = 1/2 and b = 3/2. So the parabola is y = 1
2x + 1
The x-coordinate of the vertex is x = -b
2a = -3",143aaa
2006_Level1_solutions.pdf,1,a,"A square is inscribed in a circle, which is inscribed in another square. What is the ratio of the area
of the smaller square to the area of the larger square?
(a)
1
2
(b)
1
p
2
(c)
1
4
(d) Impossible to determine from the information given
(e) None of the above
A
B",": Position the squares as shown in the picture. Then the area of the
large square is 4 times the area of the square ABCD, while the area of the small
square is 4 times the area of the triangle ACD. Since the area of the triangle is
exactly 1/2 of the area of the square ABCD, the ratio of the area of the smaller
square to the area of the larger square is 1/2.
C
D",144aaa
2006_Level1_solutions.pdf,2,c,"Which of the following choices has a different value from the other choices?
(a) 32\cdot235
(b) (32)8
(c) 240 +2
2
(d) 239 +239
(e) 245 +245
25 +25",: The choice c is the only choice which is odd. (All the other choices are equal to 240).,145aaa
2006_Level1_solutions.pdf,3,c,"At what time between 7:00pm and 8:00pm will the hour hand and the minute hand point in oppo-
site directions? (Assume that the hands move smoothly without jumps.)
(a) 7 minutes after 7:00pm.
(b) 6 5/12 minutes after 7:00pm.
(c) 5 5/11 minutes after 7:00pm.
(d) There is no time between 7:00pm and 8:00pm at which the hour hand and the minute hand
point in opposite directions.
(e) None of the above",": Since the hour hand will be between 7 and 8, the minute hand
must be between 1 and 2. The angle \alpha between the minute hand and 12 has
to be the same as the angle between the hour hand and 6. Each minute, the
minute hand angle increases by 6{\textopenbullet}, while the hour hand inreases by 30/60 =
1/2 degree. At exactly 7:00, \alpha = 0 while \beta = 30{\textopenbullet}. Then, t minutes after 7:00, \alpha =
6t and \beta = 30+.5t degrees. When both angles are equal, we get 6t = 30+.5t,
or 11t = 60, or t = 5 5/11.
12
1
11
2
10
\alpha
9
3
\beta
4
5
6
7
8

SVSU -- 2006 Math Olympics Solutions
Level I -- Page 2",146aaa
2006_Level1_solutions.pdf,4,b,"The expression x2 +2xy -2yz -z2
x +2y + z
simplifies to
(a) 2x -2y -z2
(b) x -z
(c) 2x -2y -z
(d) x -2y -z
(e) None of the above",":
x +2y + z
= x2 -z2 +2y(x -z)
x2 +2xy -2yz -z2
x + z +2y
= (x + z)(x -z)+2y(x -z)
x + z +2y
= (x + z +2y)(x -z)
x + z +2y
= x -z",147aaa
2006_Level1_solutions.pdf,6,b,"A kindergarten teacher needs to seat 5 children in a row. The twins, Terry and Sherry, need to sit
next to each other or they will cry. How many ways can the teacher seat the 5 children so that Terry
and Sherry are next to each other?
(a) 125
(b) 48
(c) 24
(d) 12
(e) None of the above",": We can start by considering the twins as one person, since they have to be next to
each other. That means we have 4 people to seat, which gives us 4! = 24 different ways. But then
for each of those 24 ways, we can have Terry on the left and Sherry on the right, or Sherry on the
left and Terry on the right, so altogether we have 48 ways.

SVSU -- 2006 Math Olympics Solutions
Level I -- Page 3",148aaa
2006_Level1_solutions.pdf,7,e,"The two smaller circles S1 and S2 of radii r1 and r2 are
initially positioned, respectively, at points P and Q at the
opposite ends of a diameter of the big circle of radius r.
The smaller circles are then moved along the perimeter of
the big circle by rotating them clock-wise (without skid-
ding) at the same rotational rate. After completing 5.5 full
rotations, S1 reaches Q, while at that moment S2 is only
two-thirds of the distance along the arc from Q to P. If
the circles continue to rotate until the first moment they are back (simultaneously) to their initial
positions, how many rotations would S2 have made?
S1
S2
r
P
Q
r1
r2
(a) 27
(b) 16.5
(c) 70.5
(d) 141
(e) None of the above",": After another 5.5 rotations, S1 will be back at its initial position, while S2 will be one
third of the way from P to Q. Next 5.5 rotations will place S2 back to its initial position, while S1
will be at at Q (in other words, both circles will be at the same point). We need to repeat this whole
process again for the circles to return to their original positions. That means that the number of
rotations will be 6\cdot5.5 = 33 rotations.",149aaa
2006_Level1_solutions.pdf,8,a,"a ] b is defined to be a + 1
b for b ̸= 0. Find (1 ]2) ]
{\textexclamdown}
2 ] 1
4
{\textcent}
.
(a)
5
3
(b)
15
4
(c) 2
(d)
10
9
(e) None of the above",":
{\textparagraph}
=
{\textmu}
1+ 1
{\textparagraph}
]
{\textmu}
2+ 1
{\textparagraph}
(1 ]2) ]
{\textmu}
2 ] 1
4
2
1/4
=
{\textmu}
1+ 1
{\textparagraph}
+
1
2+
1
1/4
2
2 +
1
2+4
= 1+ 1
= 10
6 = 5
3",150aaa
2006_Level1_solutions.pdf,9,c,"What is the sum of the solutions to the equation
x
x -1 = 4x2 +
1
x -1?
(a) 1
(b) 1.5
(c) 0
(d)
1
2
(e) None of the above",": Multiply the equation by x -1 to get x = 4x2(x -1)+1 or x = 4x3 -4x2 +1 or (4x2 -
1)(x +1) = 0 which has solutions 1, \pm1/2. However, 1 cannot be a solution of the original equation
(division by 0), so the sum of the solutions is 1
2 -1
2 = 0.

SVSU -- 2006 Math Olympics Solutions
Level I -- Page 4",151aaa
2006_Level1_solutions.pdf,10,c,"A lottery game uses a bowl filled with red and white ping-pong balls. Some of the balls have a black
dot and some do not. 50% of the balls are colored red, and 20% of the red balls have a black dot.
40% of all the balls have a black dot. What percent of the balls will be white with a black dot?
(a) 20%
(b) 60%
(c) 30%
(d) 80%
(e) None of the above",": Assume there are exactly 100 balls. Then 50 of them are red, and 40 of all the balls
have a black dot. Out of the 50 red balls, 20%, which is .2 *50 = 10, have black dot. So out of the
40 balls with black dot, 10 are red, which leaves 30 white. So out of the 100 balls, 30 are white with
black dot, which is 30%.",152aaa
2006_Level1_solutions.pdf,11,a,"The equation of the tangent line to the circle x2 + y2 = 25 at (3,4) is
(a) 3x +4y = 25
(b) 3x -4y = -7
(c) 4x +3y = 24
(d) 4x -3y = 0
(e) None of the above",": The circle has center at (0,0), so the tangent line to the circle at the point (3,4) must
be perpendicular to the line through (0,0) and (3,4). The slope of the line through (0,0) and (3,4) is
4-0
3-0 = 4
3
so the slope of the tangent line must be -3",153aaa
2006_Level1_solutions.pdf,12,d,"A worker is pleased to receive a 20% pay rise, but disappointed to have this followed by a 20% pay
cut. What is the overall result of this?
(a) The pay remains the same.
(b) 10% cut
(c) 4% rise
(d) 4% cut
(e) None of the above",": If the original salary was x, the salary after the rise is 1.20x, and the salary after the
cut is .8\cdot1.20x = .96x, which is equivalent to 4% cut.",154aaa
2006_Level1_solutions.pdf,13,b,"If a cat and a half can catch a rat and a half in an hour and a half, how many rats can 3 cats catch in
3 hours?
(a) 9
(b) 6
(c) 3
(d) 2
(e) None of the above",": First we double the number of cats, which will double the number of rats caught.
Then we double the number of hours, which will double the number of rats caught again. We get
1.5\cdot2\cdot2 = 6.

SVSU -- 2006 Math Olympics Solutions
Level I -- Page 5",155aaa
2006_Level1_solutions.pdf,14,b,"Donald rents ponies for $15 for one pony. For each additional pony, a $1 per pony discount is given
(e.g. 2 ponies rent for $14 each, 3 ponies rent for $13 each etc). What is the most expensive rental
Donald can have?
(a) $225
(b) $64
(c) $49
(d) $144
(e) None of the above",": Donald's revenue for n ponies is n(16-n) = 16n -n2. That is a quadratic function
with maximum at n = 8, and the revenue for b ponies is 8\cdot8 = 64.",156aaa
2006_Level1_solutions.pdf,15,c,"For 0 < x < 2, the minimum value of x + 1
x is
(a) 3
4
(b) 1
(c) 2
(d) The expression has no minimum value
(e) None of the above",": Rewrite the expression like so:
x = x2 +1
x
= x2 -2x +1+2x
x
= (x -1)2
x + 1
x
+2
Since x > 0, (x-1)2
x
is always positive or 0, so it's minimal value is 0 for x = 1. Therefore the minimal
value of x +1/x is 0+2.",157aaa
2006_Level1_solutions.pdf,16,d,"How many gallons of pure alcohol must be added to 10 gallons of a 40% alcohol mixture to get a
50% alcohol mixture?
(a) 10
(b) 5
(c) 3
(d) 2
(e) None of the above",":
Mixture
Concentration
Amount
Amount of alcohol
Pure alcohol
100%
x gal
x
40% mixture
40%
10 gal
0.4\cdot10 gal
50% mixture
50%
10+ x gal
0.5(10+ x) gal
From the last column of this table we get the equation x+4 = 0.5(10+x), or x+4 = 5+0.5x, or x = 2.",158aaa
2006_Level1_solutions.pdf,17,e,"A boat can go upstream against a 2.5 mph current in 11 hours, and back downstream to the same
place in 7 hours. Find the speed of the boat in still water.
(a) 5 mph
(b) 7 mph
(c) 9 mph
(d) 13 mph
(e) None of the above",": Let x be the speed of the boat in still water. Since distance = rate \times time, and the
distances are equal, 11(x -2.5) = 7(x +2.5), or 11x -27.5 = 7x +17.5, or 4x = 45, or x = 11.25.

SVSU -- 2006 Math Olympics Solutions
Level I -- Page 6",159aaa
2006_Level1_solutions.pdf,18,b,"A tourist travels to Canada and exchanges 1000 American dollars, getting 1250 Canadian dollars.
After 4 hours in a casino, he has 100 Canadian dollars left. Assuming the exchange rate did not
change during his stay, how much will he get exchanging it for American dollars?
(a) 75
(b) 80
(c) 85
(d) 90
(e) None of the above",":
1000 US dollars
1250 Canadian dollars = 1
which means that
100 Canadian dollars = 100 Canadian dollars \times
1000 US dollars
1250 Canadian dollars
which is 80 US dollars.",160aaa
2006_Level1_solutions.pdf,19,c,"On Halloween, Tom collects twice as many pieces of candy as Jane, while Mary gets three times as
many pieces as Rich. Tom eats half of his candy and gives the other half to Mary. Mary consumes
two-thirds what she now has and asks Jane if she wants the rest. Jane opts to take from Mary only
as much as Jane originally had. Mary then passes the remaining candy to Rich. Rich ends up with
100 pieces of candy, which is, according to him, 25% more than he originally collected. Which of
the following holds?
(a) The kids collected 550 pieces of candy altogether
(b) Mary and Jane together collected more than 130% of what Tom and Rich collected together
(c) Tom and Jane together originally collected 270 pieces
(d) Mary ended up consuming more candy than she collected
(e) None of the above",": Letting T , J, M, and R stand for the number of pieces of candy collected by Tom,
Jane, Mary, and Rich respectively, we have T = 2J and M = 3R. But we also know 100 = 1.25R
according to the last sentence, so R = 80, which also implies M = 240. The amount that Mary gives
to Rich is 1
3(M + 1
2T ) -J. So 1
3(M + 1
2T ) -J + R = 100. Putting in R = 80, M = 240, and T = 2J and
simplifying gives 160-2
3 J = 100. So J = 90, T = 180, and J +T = 270.

SVSU -- 2006 Math Olympics Solutions
Level I -- Page 7",161aaa
2006_Level1_solutions.pdf,20,e,"What is the equation of the perpendicular bisector of the line segment (-1,3) to (3,5)? (A line
bisects a segment if it divides it into two segments of equal length.)
(a) x -2y = -7
(b) 2x -y = -2
(c) x +2y = 13
(d) 2x + y = 1
(e) None of the above",": The slope of the line through (-1,3) and (3,5) is
5-3
3-(-1) = 2
4 = 1",162aaa
2006_Level1_solutions.pdf,21,a,"What is the remainder when 9\cdot105 +8\cdot104 +7\cdot103 +6\cdot102 +5\cdot101 +4\cdot100 is divided by 3?
(a) 0
(b) 1
(c) 2
(d) 3
(e) None of the above",": The number is actually 987654 which is divisible by 3, since the sum of the digits is
divisible by this number.",163aaa
2006_Level1_solutions.pdf,22,b,"Let a be a fixed integer. Alowing repetition, let r1, r2 and r3 be the solutions of the equation x3 +
ax2 + ax +1 = 0. If r1 and r2 are distinct integers, what is the value of r3?
(a)
3p
3
(b) 1
(c) -1
2
(d) 1+ i
(e) None of the above",": The only rational solution of the equation can be \pm1, therefore {r1,r2} = {\pm1} and
a = -1. Then the remaining solution, r3, is 1.",164aaa
2006_Level1_solutions.pdf,23,b,"In a strange far-away land, the ""star operation"" misbehaves: a \starb ̸= b \stara. Other than that, the
operation is associative and 1\stara = a\star1 = a for any a. Suppose we know that a\stara\stara = 1, b\starb = 1,
and b \stara = a \stara \starb. Which of the following must be true about b \stara \stara?
(a) b \stara \stara = 1
(b) b \stara \stara = a \starb
(c) b \stara \stara = a \stara \starb
(d) b \stara \stara = a
(e) None of the above",": b \stara \stara = (b \stara) \stara = (a \stara \starb) \stara = (a \stara) \star(b \stara) = (a \stara) \star(a \stara \starb) =
(a \stara \stara)\star(a \starb) = 1\star(a \starb) = (a \starb)

SVSU -- 2006 Math Olympics Solutions
Level I -- Page 8",165aaa
2006_Level1_solutions.pdf,24,e,"The solution set to the equation 2x3 -9x2 +25 = 0 is
2,1+
p
6,7-2
p
2,1-
p
6,7-2
p
2,1-
p
6,7+2
p
6
{\textordfeminine}
(b)
{\textcopyright} 5
6
{\textordfeminine}
(c)
{\textcopyright} 5
(a)
{\textcopyright}
-5
6
{\textordfeminine}
2,1-
p
6,7+
p
(d)
{\textcopyright}
-5
6
{\textordfeminine}
(e) None of the above",": Using the Rational Zero theorem and synthetic division, we can easily discover that
the equation has a rational solution 5/2, with the factored form (2x -5)(x2 -2x -5) = 0. By com-
pleting the square, the quadratic factor becomes (x -1)2 -6, so the solution set is
{\textonehalf}
-5
2,1-
p
6,1+
p
6
{\textthreequarters}
.
You could also notice that as the quadratic factor has rational coefficients, the two irrational so-
lutions from the quadratic factor have to be conjugate. None of the proposed solution sets has
conjugate irrational solutions.
6+
p
6-
p
11-
p",166aaa
2009_level1_solutions.pdf,1,b,"A man and his wife take a trip that usually takes three hours if they drive at an average speed of 60 mi/h.
After an hour and a half of driving at a steady rate of 60 mi/h they stop for a 45 minute lunch break.
How fast do they need to drive on the rest of the trip to arrive three hours after they started?
(a) 90 mi/h
(b) 120 mi/h
(c) 80 mi/h
(d) 105 mi/h
(e) None of the above",": The distance of the trip is 3 h \times 60 mi/h = 180 mi. Before the stop they have already
driven 1.5 h \times 60 mi/h = 90 mi (the half of the trip). After the lunch break they have 45 minutes left to
cover the remaining 90 mi. The have to drive at the speed
3
4 h
= 90 \cdot 4
90 mi
3 mi/h = 120 mi/h.",167aaa
2009_level1_solutions.pdf,2,a,"Ali and Fred are driving to Bing's house. Ali confuses left with right 500/0 of the time (This means half the
time, when he means to say ""left"" he says ""right"" instead, and half the time when he means to say ""left""
he really says ""left"". ). Fred gets left and right confused 250/0 of the time. (This means when someone
tells him to turn left, 750/0 of the time he will turn left, and 250/0 he will turn right instead, and when
someone tells him to turn right, 750/0 of the time he will turn right, and 250/0 he will turn left instead.) If
Fred is driving and Ali is giving directions, and there are two left turns on the way to Bing's house (and
no other turns) what is the probability they will get there?
(a)
1
4
(b)
9
64
(c)
1
2
(d)
3
4
(e) None of the above",": At each left turn, the probability of actually turning left is equal to the probability of Ali
actually saying left times the probability of Fred turning the way he is told, plus the probability of Ali
accidentally directing Fred to turn right times the probability that Fred turns left while told to turn right.
In numbers:
P(turning left) = 1
2 \cdot 3
4 + 1
2 \cdot 1
4 = 1
2
Since they are two left turns, and they are independent of each other, the probability of arriving to Bing's
house is
1
2
1
2 = 1",168aaa
2009_level1_solutions.pdf,3,c,"If WXYZ is a parallelogram, the t equals:
X(5, 3)
(a) 8
(b) 9
(c) 10
(d) 11
(e) 12
x",": In a parallelogram, the lengths of parallel sides are
equal. Therefore the length of the horizontal side ZY is the same
as the length of the horizontal side WX, which is 6.
Since the
side ZY is horizontal (the y-coordinates of the vertices are both
-8), the x-coordinate of Y is the x-coordinate of Z increased by",169aaa
2009_level1_solutions.pdf,4,c,"The symbol Rk stands for a positive integer whose base-ten representation is a sequence of k ones, that
is R1 = 1, R2 = 11, R3 = 111, etc. The quotient R24
R4 is an integer whose base-ten representation contains
only digits 0 and 1. The number of digits 0 in this representation is:
(a) 6
(b) 13
(c) 15
(d) 16
(e) 20",": Using a decimal expansion, Rk = 1 + 10 + 102 + 103 + . . . + 10k-1. This is a finite geometric
series with common ratio 10 and first term 1. Therefore
1 -10 = 10k -1
Rk = 1 -10k
9
and

1046
-1
1024-1
9
= 1024 -1
R24
9
104-1
104 -1 =
R4
=
104 -1
The last is the sum of the first six terms of the geometric series with first term 1 and common ratio 104,
which means
R24
R4
= 1 + 104 + 108 + 1012 + 1016 + 1020 = 100, 010, 001, 000, 100, 010, 001
which has 15 zeros.

2009 SVSU Math Olympics
Level I Solutions -- page 3 of 11
r",170aaa
2009_level1_solutions.pdf,2,a,"(d) r = \sqrta/2
(e) None of the above",": The largest circle that is outside the semicircle and inside the
square has to be tangent to both sides of the square and to the semicircle.
In the picture on the left, the triangle with sides a
r
r
2 + r, a
2 -r and a -r is a
right triangle, with hypotenuse a
2 + r. Therefore
2 + r
2
=
a
2 -r
2
+ (a -r)2
a
a -r
a
2 + r
4 + ar + r 2 = a2
a2
4 -ar + r 2 + a2 -2ar + r 2
ar = -3ar + a2 + r 2
a
2 -r
r 2 -4ar + a2 = 0
This is a quadratic equation in r, and can be solved, for example, by completing the square.
r 2 -4ar + 4a2 = 3a2
(r -2a)2 = 3a2
r -2a = \pm
p
3a
That gives us r = a
 
2 \pm
\sqrt
3

, but since the circle is inside the square, r < a, and the solution is
a
 
2 -
\sqrt
3

.

2009 SVSU Math Olympics
Level I Solutions -- page 4 of 11",171aaa
2009_level1_solutions.pdf,6,c,"In the trapezoid ABCD (the picture is not drawn to scale), the sides AB and
CD are parallel, and |AB| = 4 and |CD| = 3. The point E is the intersection
point of the two diagonals, and the segment EF is parallel to AB and CD.
The length of EF is
C
D
E
F
(a) 3
(b) 6
A
B
(c) 12/7
(d) 3/2
(e) Not enough information given",": The problem can be solved using two pairs of similar triangles:
\bigtriangleupCDB and \bigtriangleupFEB, and \bigtriangleupABC and \bigtriangleupEFC. These pairs of similar triangles
will give us proportions:
C
D
E
F
|EF|
|AB| = |CF|
|BC|
and
A
B
|EF|
|CD| = |BF|
|BC|
Adding these two proportions together will give us
|EF|
|AB| + |EF|
|CD| = |BF|
|BC| + |FC|
|BC| = |BF| + |FC|
|BC|
= |BC|
|BC| = 1
Plugging in the known values for |AB| and |CD| gives us
4
+ |EF|
|EF|
3
= 1
or
3|EF|
12
+ 4|EF|
12
= 7|EF|
12
= 1
or
|EF| = 12
7

2009 SVSU Math Olympics
Level I Solutions -- page 5 of 11",172aaa
2009_level1_solutions.pdf,7,c,"A company offers three types of benefits, A, B, and C. As part of this plan, the individual employees may
choose either exactly two benefit types, or no benefits at all. The proportion of the company's employees
that choose benefit types A, B and C are 1/4, 1/3 and 5/12, respectively. Determine the probability that
a randomly chosen employee will choose no benefits at all.
(a) 0
(b) 47/144
(c) 1/2
(d) 97/144
(e) 7/9",": Let x be the proportion of employees that chose benefits A and B, y the proportion of
employees who chose the benefits A and C, and z the proportion of employees who chose the benefits
B and C. Since they may only choose either exactly two benefits or no benefit at all, 1 -(x + y + z) must
be the proportion of employees who chose no benefit at all.
Since the employees who chose benefit A are exactly those who chose either benefits A and B or benefits
A and C, x + y = 1/4. Similarly, x + z = 1/3 and y + z = 5/12. Adding these three equations together
gives us
2x + 2y + 2z = 1
4 + 1
3 + 5
12 = 1
so
x + y + z = 1",173aaa
2009_level1_solutions.pdf,8,b,"The (possibly out-of-scale) picture shows a window whose shape consists of a semicircle
on top of a square. If the perimeter of the window is 20 ft, what is the exact length of
the bottom side of the window?
(a)
40
\pi+3 ft
(b)
40
\pi+6 ft
(c)
20
2\pi+3 ft
(d)
20
\pi+3 ft
(e) None of the above",": If the length of the bottom side of the window is x, then the perimeter will
be 3x + \pix
2 . This will give us the equation
(3 + \pi
2 )x = 20.
Solving for x will give us
2
=
40
6 + \pi .
x =
20
3 + \pi",174aaa
2009_level1_solutions.pdf,9,e,"A rectangular parallelepiped is cut into 8 smaller rectangu-
lar parallelepipeds by three cuts parallel to the sides.
The
8 smaller solids are then separated, as shown in the picture.
What is the percent increase in the total surface area?
(a) 250/0
(b) 330/0
(c) 500/0
(d) 750/0
(e) 1000/0",": A rectangular parallelepiped has 6 rectangular
sides.
The top and bottom sides are congruent, as are the
front and back sides, as well as the left and right sides. When making a cut parallel to two of the sides,
we create two new rectangular surfaces, congruent to the given sides. Therefore the number of each
congruent rectangles will double, and so will the total surface area.
Another way: After cutting, but before separating the small solids, the parallelepiped consists of 8
smaller parallelepipeds. Each of those has exactly three sides, that is half of its total surface, exposed,
while the other half of its surface remains hidden. Separating the solids exposes these hidden surfaces,
therefore doubling the total surface area.
y",175aaa
2009_level1_solutions.pdf,10,a,"Find (g {\textopenbullet}f)(1).
4
(a) 1
y = f(x)
3
(b) 2
(c) 3
(d) 4
(e) Not enough information given
y = g(x)",": (g {\textopenbullet}f )(1) = g(f(1)) = g(2) = 1
2
1
x
1
2
3
4

2009 SVSU Math Olympics
Level I Solutions -- page 7 of 11
y",176aaa
2009_level1_solutions.pdf,11,c,"The picture shows the graph of a third degree polynomial f(x).
Which of the following gives f(x)?
4
(a) f(x) = (x -1)(x -3)2
3
(b) f(x) = (x -1)2(x -3)
(c) f(x) = (1 -x)2(3 -x)
2
(d) f(x) = (1 -x)(3 -x)2
(e) f(x) = (x2 + 1)(x -3)
1",": The polynomial has a simple zero at 3 and a zero
of an even multiplicity at 1.
Since the degree is 3, the sum of
multiplicities of all of its zeros must be 3, which means that the
zero at 1 is of multiplicity 2 and that there are no other zeros. The
polynomial must then be of the form
x
1
2
3
4
f(x) = a(x -1)2(x -3).
The y-intercept is at (0, 3), which means that f(0) = 3, or
f(0) = a(0 -1)2(0 -3) = a(-3) = 3
which means that a = -1. The polynomial is then
f(x) = -(x -1)2(x -3) = (1 -x)2(3 -x).",177aaa
2009_level1_solutions.pdf,12,b,"On three sides of a cube, diagonals are drawn as shown in the picture. If we unfold
the cube, which of the following could we obtain?
(a)
(b)
(c)
(d)
(e) None of the above",": Options (a) and (c) cannot be obtained by unfolding the cube, since the diagonals in the
leftmost square and the lowest square do not connect. In (d), the diagonals in those two square connect,
but the diagonal in the rightmost square does not connect to either of them. The only option that can
be obtained by unfolding the cube is (b).

2009 SVSU Math Olympics
Level I Solutions -- page 8 of 11",178aaa
2009_level1_solutions.pdf,13,c,"The ten points on the right form a square grid. How many isosceles trian-
gles can be drawn with vertices at the points?
(a) 8
(b) 16
(c) 24
(d) 32
(e) 40",": There will be 3 triangles of this type:
and one triangle like this:
Another 4 triangles can be obtained from the above by turning them upside down.
There will be 4 triangles like this one:
and 4 like this:
and 8 more like the 8 previous ones turned upside down.",179aaa
2009_level1_solutions.pdf,14,c,"The numbers from 1 to 100 are written onto slips of paper and placed into a hat. How many numbers
do we have to pull out of the hat to make sure that their product is divisible by 10?
(a) 52
(b) 80
(c) 81
(d) 82
(e) 91",": In order for the product to be divisible by 10, at least one of the numbers must be even,
and one must be a multiple of 5. There are 50 even and 50 odd numbers in the hat, so to make sure we
have at least one even number, we need to pull out at least 51 numbers. There are 20 multiples of 5 and
80 numbers relatively prime to 5, so to make sure there is at least one multiple of 5, we need to pull out
at least 81 numbers. By then, we will have at least one1 even numbers, so the product will be divisible
by 10.
In fact, at least 30
1

2009 SVSU Math Olympics
Level I Solutions -- page 9 of 11",180aaa
2009_level1_solutions.pdf,15,c,"Simplify
s
4 +
\sqrt
4 -
\sqrt
s
15
4 -
\sqrt
15
4 +
\sqrt
15 +
15
(a) 0
(b) 2
(c) 8
(d) 19
(e) None of the above",":
s
4 +
\sqrt
4 -
\sqrt
4 +
\sqrt
4 -
\sqrt
s
p
p
15
4 -
\sqrt
15
4 +
\sqrt
15
p
15
p
15 +
15 =
15
+
4 -
\sqrt
4 +
\sqrt
15
4 +
\sqrt
4 -
\sqrt
15
2 +
p
15
2
p
p
Combine the fractions:
=
4 -
\sqrt
4 +
\sqrt
15
p
15
Simplify the numerator:
= 4 +
\sqrt
15 + 4 -
\sqrt
15
p
4 -
\sqrt
4 +
\sqrt
15
p
15
Use difference of squares:
= 4 +
\sqrt
15 + 4 -
\sqrt
15
\sqrt
16 -15
= 8
1 = 8",181aaa
2009_level1_solutions.pdf,16,b,"In the drawing on the right, the small white circle is the largest circle that
fits inside the semicircle. What is the ratio of the area of the small circle to
the shaded area?
(a) 2 : 3
(b) 1 : 1
(c) 1 : 2
(d) 3 : 4
(e) 2 : \pi",": The radius of the small circle is exactly half the radius of the semicircle. If we call the
radius of the small circle r, then the area of the small circle is \pir 2 and the area of the semicircle is
1
2\pi(2r)2 = 2\pir 2. The shaded area is then 2\pir 2 -\pir 2 = \pir 2, which is the same as the area of the small
circle. The ratio is 1 : 1.",182aaa
2009_level1_solutions.pdf,17,b,"What is 5 % of 25 % of 4000?
(a) 32
(b) 50
(c) 125
(d) 200
(e) 500",": The answer is .05 \cdot (.25 \cdot 4000) = .05 \cdot 1000 = 50.

2009 SVSU Math Olympics
Level I Solutions -- page 10 of 11",183aaa
2009_level1_solutions.pdf,18,c,"If a *b is the greatest common factor of two positive integers a and b, how many of the following
equations are not always true?
a *1 = a
a *b = b *a
a *(b *c) = (a *b) *c
a *(b + c) = a *b + a *c
(a) 0
(b) 1
(c) 2
(d) 3
(e) 4",": There are two equations that are not always true:
-a *1 = a: The greatest common factor of a and 1 is 1, so this is true only if a = 1.
-a *(b + c) = a *b + a *c: for example 5 *(2 + 3) = 5 *5 = 5 but 5 *2 + 5 *3 = 1 + 1 = 2.
The other two equations are always true:
By definition, the greatest common factor does not depend on the order. Also, both a *(b *c) and
(a *b) *c refer to the greatest common factor of the three integers, a, b and c.",184aaa
2009_level1_solutions.pdf,19,a,"Suppose we arrange the numbers 1, 2, 3, 4 and 5 in the five squares so that the horizontal
and the vertical line both add up to 8. Which number has to go in the middle square?
(a) 1
(b) 2
(c) 3
(d) 4
(e) 5",": If add the sum of all three numbers on the horizontal line to the
sum of all three numbers on the vertical line, we will get 8 + 8 = 16. In this sum,
each of the numbers appears exactly once except for the one in the middle square,
which appears twice. If we call this number a, then
3
1
5
2
1 + 2 + 3 + 4 + 5 + a = 16
4
or 15 + a = 16, so a must be 1.",185aaa
2009_level1_solutions.pdf,21,b,"A frog starts out by hopping one inch. Each successive hop is 2 inches longer than the previous hop.
How far has he gone all together at the end of his 13th hop?
(a) 25 in
(b) 169 in
(c) 91 in
(d) 157 in
(e) None of the above",": This is the sum of an arithmetic sequence. The formula for the i-th term term in the
sequence is ai = 1 + (i -1)2 = 2i -1. The formula for the nth partial sum can be derived (if not known)
by
Pn
i=1 ai = 2
Pn
i=1 i -
Pn-1
i=1 1 = 2 (n-1)n
2
-n = n2 + n -n = n2. So after the 13th jump the frog has gone
169 inches.

2009 SVSU Math Olympics
Level I Solutions -- page 11 of 11
A
B
C
D",186aaa
2009_level1_solutions.pdf,22,a,"Four points are on a line segment, as shown. If |AB| : |BC| = 1 : 2 and
|BC| : |CD| = 8 : 5, then |AB| : |BD| equals
(a) 4 : 13
(b) 1 : 13
(c) 1 : 7
(d) 3 : 13
(e) 4 : 17",": Since |BD| = |BC| + |CD|, we have
|BD|
|CD| = |BC|
|CD| + |CD|
|CD| = 8
5 + 5
5 = 13
5 .
Then
|AB|
|BD| = |AB|
|BC| \cdot |BC|
|CD| \cdot |CD|
|BD| = 1
2 \cdot 8
5 \cdot 5
13 = 4",187aaa
2009_level1_solutions.pdf,23,d,"A square is cut into three congruent rectangles along two lines parallel to a side,
as shown. If the perimeter of each of the three rectangles is 24, then the area of
the original square is
(a) 24
(b) 36
(c) 64
(d) 81
(e) 96",": Let 3a be the side of the square. Then each of the rectangles will
have dimensions 3a and a, resulting in the perimeter of 6a + 2a = 8a. As the
perimeter is 24, a must be 3, the side of the square must have length 9, and its area is 81.",188aaa
2009_level1_solutions.pdf,24,c,"Which of the following triangles cannot exist?
(a) An acute isosceles triangle
(b) An isosceles right triangle
(c) An obtuse right triangle
(d) A scalene right triangle
(e) A scalene obtuse triangle",": An obtuse right triangle would have to have a right angle and an obtuse angle, causing the
sum of all angles in the triangle to exceed 180{\textopenbullet}, which is not possible.",189aaa
2009_level1_solutions.pdf,25,c,"Friday the 13th occurred two months in a row this year. What is the next year that this will happen?
(a) 2021
(b) 2016
(c) 2015
(d) 2014
(e) None of the above",": Friday the 13th can happen two months in a row only when it happens the first time in
February, and it is not a leap year. So the next time it can happen again is when February begins on the
same day that it did this year (Sunday), and it is not a leap year. As there are 365 days in a regular year,
1 more day than 52 weeks, and 366 days in a leap year, for each regular year, the month starts one day
later than it did the year before, and for each leap year it will start two days later. For example next year
February begins on Monday, but if this were a leap year, it would begin on Tuesday. Leap years occur
every 4 years, in years that are multiples of 4. Since there is only one leap year in the next 7 years (2012)
the next time February begins on a Sunday is in 6 years in 2015.",190aaa
2009_level2_solutions.pdf,1,b,"f(x) is a degree three monic polynomial (leading coefficient is 1) such that f(0) = 3, f(1) = 5 and
f(2) = 11. What is f(5)?
(a) 27
(b) 113
(c) 126
(d) 173
(e) None of the above",": f(x) = x3 + ax2 + bx + c. We know c = 3 from f(0) = 3. From f(1) = 5 and f(2) = 11 we
have 1 + a + b + 3 = 5 and 8 + a4 + b2 + 3 = 11, giving the system of equations: a + b = 1 and 4a + 2b = 0.
Solving this system gives a = -1, b = 2. So f(x) = x3 -x2 + 2x + 3. So f(5) = 125 -25 + 10 + 3 = 113.",191aaa
2009_level2_solutions.pdf,2,d,"Which of the following are equal to ln
\sqrt
2+1
\sqrt
2-1?
(a) 2 ln

1 +
\sqrt
2

(b) -ln

1 -
\sqrt
2
2
(c) ln

2
\sqrt
2 + 3

(d) All of the above
(e) None of the above
2-1 = (
\sqrt
2+1)(
\sqrt
2+1) = (
\sqrt
2 + 1
2
, using properties of logarithms, ln
\sqrt",": Since
\sqrt
2-1
=
\sqrt
2+1)
2
2+1)
(
\sqrt
2+1
\sqrt
2+1
\sqrt
2-1)(
\sqrt
2-1 =
2+1)(
\sqrt
2-1 = (
\sqrt
2 + 3.
Finally,
\sqrt
ln
\sqrt
2 + 1 =
\sqrt
2 + 1
2
= 2 ln

1 +
\sqrt
2

.
Also,
\sqrt
2 + 1
2
= 2 + 2
\sqrt
2-1)
(
\sqrt
2+1
\sqrt
2-1)(
\sqrt
2-1) =
2-1
(
\sqrt
2-1)
2 =
1
(1-
\sqrt",192aaa
2009_level2_solutions.pdf,3,c,"The symbol Rk stands for a positive integer whose base-ten representation is a sequence of k ones, that
is R1 = 1, R2 = 11, R3 = 111, etc. The quotient R24
R4 is an integer whose base-ten representation contains
only digits 0 and 1. The number of digits 0 in this representation is:
(a) 6
(b) 11
(c) 15
(d) 16
(e) 20",": Using a decimal expansion, Rk = 1 + 10 + 102 + 103 + . . . + 10k-1. This is a finite geometric
series with common ratio 10 and first term 1. Therefore
1 -10 = 10k -1
Rk = 1 -10k
9
and

1046
-1
1024-1
9
= 1024 -1
R24
9
104-1
R4
=
104 -1 =
104 -1
The last is the sum of the first six terms of the geometric series with first term 1 and common ratio 104,
which means
R24
R4
= 1 + 104 + 108 + 1012 + 1016 + 1020 = 100, 010, 001, 000, 100, 010, 001
which has 15 zeros.

2009 SVSU Math Olympics
Level II Solutions -- page 2 of 12",193aaa
2009_level2_solutions.pdf,4,a,"Three circles are tangent to each other and to a straight line, as shown
in the picture. Express the radius r of the smallest circle in terms of
radii r1 and r2 of the other two circles.
r1
r2
(a) r =
r1r2
r1+2\sqrtr1r2+r2
(b) r =
r1r2
r1-2\sqrtr1r2+r2
(c) r =
r1r2
r1+r2
(d) r = r1 -r2
(e) None of the above",": Start with two circles with a common tangent,
as in the picture on the left.
The right triangle \bigtriangleupC1C2D has
hypotenuse r1 + r2 and legs r1 -r2 and d, where d is also the
distance between the points where the tangent line touches the
circles.
From the Pythagorean Theorem, d =
q
C1
(r1 + r2)2 -(r1 -r2)2 =
p
r1 + r2
r1 -r2
4r1r2 = 2\sqrtr1r2.
Applying this result to the three pairs of given circles, we get
C2
D
d
2\sqrtr1r2 = 2\sqrtr1r + 2\sqrtrr2
Solving this equation for r we first obtain
r =
\sqrtr1r2
\sqrtr1 + \sqrtr2
and
r =
r1r2
(\sqrtr1 + \sqrtr2)2 =
r1r2
r1 + 2\sqrtr1r2 + r2
.
\sqrt",194aaa
2009_level2_solutions.pdf,5,c,"A box contains 4 red balls and 6 white balls. A sample of size 3 is drawn without replacement from the
box. What is the probability of obtaining 1 red ball and 2 white balls, if you know that at least 2 of the
balls in the sample are white?
(a) 1/2
(b) 2/3
(c) 3/4
(d) 9/11
(e) 54/55",": This is a conditional probability:
P(one red and two white|at least two white) = P(one red and two white)
P(at least two white)
Then
P(one red and two white) = P(red, white, white) + P(white, red, white) + P(white, white, red)
8 = 3 6 \cdot 5 \cdot 4
10 \cdot 6
9 \cdot 5
8 + 6
10 \cdot 4
9 \cdot 5
8 + 6
10 \cdot 5
9 \cdot 4
10 \cdot 9 \cdot 8 = 1
= 4
2
The probability of at least two white is
P(one red and two white) + P(three whites) = 1
2 + 6
10
5
9
4
8 = 1
2 + 1
6 = 2
3
Finally
P(one red and two white|at least two white) = 1/2
2/3 = 3",195aaa
2009_level2_solutions.pdf,6,d,"In the diagram, A, B, . . . , G refer to successive states through which a traveler must pass in order to get
from A to G, moving from left to right. A path consists of a sequence of line segments leading from
one state to the next. A path must always move to the next state until reaching state G. Determine the
number of possible paths from A to G.
A
B
C
D
E
F
G
(a) 20
(b) 23
(c) 24
(d) 25
(e) 30",": We will start at the state A, and going from left to right, for each node in the diagram we
will mark in how many different ways can one get to that node from A. For each of the nodes in state B,
there is exactly one way to get there. There are two arrows leading to the topmost node in the state C,
each coming from a node that has exactly one way of getting to it. So there are 1 + 1 = 2 different ways
of getting to this node. There are 1 + 1 + 1 = 3 ways to get to the middle node in state C, and only 1 way
to get to the lowest node in the state C. There are 3 arrows ending at the topmost node in the state D.
The first one arriving from a node which has 2 ways of getting to it, the second from a node that has 3
ways of getting to it, and the last from a node that has only 1 way to get to it. So altogether there are
2+3+1 = 6 ways of getting to the topmost node in the state D. Similarly, there is only 1 way to get to the
middle node in the state D, and 6 ways to get to the lowest node of the state D. The emerging pattern is:
the label for each node will be the sum of the labels at the beginning of all the arrows that end in the
given node. So the two nodes in state E will be labeled 6 + 1 + 6 = 13 and 6 + 6 = 12. Each of the nodes
in state F have only one arrow ending in them, so the labels will also be 13 and 12, respectively. Finally,
the last node will have 13 + 12 = 25 different ways to get to it from the initial node in the state A.
A
B
C
D
E
F
G
1
2
6
13
13
1
1
3
1
25
12
12
1
1
6

2009 SVSU Math Olympics
Level II Solutions -- page 4 of 12
4
7
. . .",196aaa
2009_level2_solutions.pdf,7,c,"In the diagram, the number in the first box is 4 and the number in the second
box is 7. Beginning with the second box, the number in each subsequent box
is the sum of the numbers in the two boxes immediately adjacent to its box on
each side. What is the number in the 2009th box?
(a) -3
(b) 4
(c) -7
(d) 7
(e) Not enough information given",": In order to have 7 in the second box, the third box must have 7-4 = 3. The fourth box will
have 3 -7 = -4, the fifth box -4 -3 = -7, the sixth box -7 -(-4) = -3, the seventh box -3 -(-7) = 4,
the eight box 4 -(-3) = 7. Since the value of each box is determined by the values in the previous two
boxes, we see that the sequence repeats. So the sequence will look like
4, 7, 3, -4, -7, -3, 4, 7, 3, -4, -7, -3, 4, 7, 3, . . .
There are 6 repeating numbers. Since 2009 mod 6 = 5, the number in the 2009th box will be -7.",197aaa
2009_level2_solutions.pdf,8,b,"The Awesome Mathematical Machine is capable of two operations. It can increase a number by one, or
multiply it by two. The number 0 was entered into the machine. After a while, the machine came up
with the result of 2009. What is the smallest number of steps the machine had to perform in order to
obtain this result?
(a) 13
(b) 18
(c) 21
(d) 103
(e) None of the above",": With the exception of 0 and 1, multiplying by 2 leads to a bigger gain than adding 1. So
we want to do as many multiplications by 2 as possible, and only add 1 if we have to.
We will start with the resulting number and figure out which operations are needed to obtain it.
Since 2009 is odd, it cannot be a result of multiplication by 2, so it must have been obtained from
2008 by adding 1. The number 2008 is even, so could be obtained from 1004 by multiplying by 2. The
number 1004 could be obtained from 502 by multiplying by 2, and 502 could be obtained from 251 by
multiplying by 2. The number 251 is odd so it must have been obtained by adding 1 to 250 etc.
The sequence of operations when written backwards from last to first is then
2009
+1
{\textleftarrow}--2008
\times2
{\textleftarrow}--1004
\times2
{\textleftarrow}--502
\times2
{\textleftarrow}--251
+1
{\textleftarrow}--250
\times2
{\textleftarrow}--125
+1
{\textleftarrow}--124
\times2
{\textleftarrow}--62
\times2
{\textleftarrow}--31
+1
{\textleftarrow}--30
\times2
{\textleftarrow}--15
+1
{\textleftarrow}--14
\times2
{\textleftarrow}--7
+1
{\textleftarrow}--6
\times2
{\textleftarrow}--3
+1
{\textleftarrow}--2
\times2
{\textleftarrow}--1
+1
{\textleftarrow}--0
There were 18 operations involved.",198aaa
2009_level2_solutions.pdf,9,b,"January 1980 had exactly 4 Mondays and 4 Fridays. Which day of the week was January 1st?
(a) Monday
(b) Tuesday
(c) Thursday
(d) Saturday
(e) Impossible to determine",": January has 31 days. There are 4 complete weeks, and 3 additional days. If January starts
on Saturday, Sunday or Monday, there is one more Monday at the end of the month. If January starts on
Wednesday, Thursday of Friday, there is one additional Friday at the end of the month. The only day of
the week which will result in 4 Mondays and 4 Fridays is Tuesday.

2009 SVSU Math Olympics
Level II Solutions -- page 5 of 12",199aaa
2009_level2_solutions.pdf,10,c,"The points on the right form a square grid. How many isosceles triangles
can be drawn with vertices at the points?
(a) 8
(b) 16
(c) 24
(d) 32
(e) 40",": There will be 3 triangles of this type:
and one triangle like this:
Another 4 triangles can be obtained from the above by turning them upside down.
There will be 4 triangles like this one:
and 4 like this:
and 8 more like the 8 previous ones turned upside down.",200aaa
2009_level2_solutions.pdf,11,b,"The area of the square ABCD is 64. The midpoints of its sides are joined to
form the square EFGH. The midpoints of its sides are J, K, L and M. The
area of the shaded region is
C
D
G
K
L
H
F
(a) 23
(b) 24
(c) 20
(d) 28
(e) 16
M
J
A
B
E",": The length of each side of square ABCD is 8. We will cut the square into
16 little 2\times2 squares, as shown on the left. The shaded region consists of 4 complete
squares and 4 half squares, so the shaded area is 4 \cdot 4 + 4 \cdot 2 = 24.

2009 SVSU Math Olympics
Level II Solutions -- page 6 of 12",201aaa
2009_level2_solutions.pdf,12,b,"Which of the following describes the locus of all points z in the complex plane such that

z -1
=
\sqrt
2?
z
(a) Vertical line through x =
\sqrt
2 -1
(b) Circle with center (-1, 0) and radius
\sqrt
2
(c) Circle with center (-1/2, 0) and radius
\sqrt
2
2
(d) Hyperbola with foci (\pm1, 0) and eccentricity
\sqrt
2
(e) None of the above",": We can rewrite the given equation as
|z -1| =
\sqrt
2|z|
or, using z = x + iy,
q
(x -1)2 + y2 =
\sqrt
2
q
x2 + y2.
Squaring both sides and simplifying, we get
x2 -2x + 1 + y2 = 2x2 + 2y2
1 = x2 + 2x + y2
2 = x2 + 2x + 1 + y2
2 = (x + 1)2 + y2
The last equation is an equation of the circle with center at (-1, 0) and radius
\sqrt",202aaa
2009_level2_solutions.pdf,13,c,"Let w = 4 + 3i and let z =
w
|w|. For any positive integer n, let
n
X
k=1
zk = z + z2 + z3 + . . . + zn
sn =
Then all sn lie on a circle with radius:
(a)
\sqrt
5
2
(b)
3
2
(c)
\sqrt
10
2
(d)
10
3\pi
(e) They do not lie on a circle
42 + 32 =
\sqrt",": The modulus (absolute value) of w is
p
16 + 9 = 5. The
modulus of z is 1.
We will denote the argument of both z and w by \theta.
Then
sin \theta = 3/5 and cos \theta = 4/5. Then the modulus of zn is also 1, while the argument
of zn is n\theta. In other words, zn+1 can be obtained from zn by rotating it by the
angle \theta counterclockwise. The picture on the left shows the first few sn. Each arrow
represents zn for some n.
The perpendicular bisectors of the segments snsn+1 will all meet at one point1, which
is the center of the circle containing all the sn. The drawing on the right shows three
consecutive sns.
s4
s3
\theta
s2
\theta
\theta
s1
Can you explain why?
1

2009 SVSU Math Olympics
Level II Solutions -- page 7 of 12
In the drawing, c is the center of the circle containing the points sn, the
lines cc1 and cc2 are the perpendicular bisectors of the segments sn-1sn
and snsn+1, respectively. The radii we are trying to find are marked with
r. Note that since |z| = 1, the distance between sn-1 and sn is 1, and
the distance between c1 and sn is 1/2. That will give us the following
right triangle:
r
c
sn+1
r
\theta
2
c2
\theta
r
sn
sn
c1
r
1
2
sn-1
\theta/2
c
c1
From here we can easily calculate r:
s
s
s
1 -cos \theta
1 -4/5
1/2
1
10 =
1
\sqrt
r
= sin
\theta

=
2
=
2
=
2
10
and r =
\sqrt
10/2.",203aaa
2009_level2_solutions.pdf,14,b,"How many zeros are there at the end of the product of the first 20 primes?
(a) 0
(b) 1
(c) 2
(d) 5
(e) None of the above",": If there were 2 or more zeros, the product would be divisible by 100. But 100 = 2\cdot2\cdot5\cdot5,
and since in the product of the first 20 primes each prime number appears only once, there has to be
less than two zeros. On the other hand, 2 and 5 are both among the first 20 primes, and 2 \cdot 5 = 10, so
the product of the first 20 primes will be divisible by 10 and will have at least 1 zero at the end.",204aaa
2009_level2_solutions.pdf,15,c,"How many unique solutions of the equation tan 2t -2 cos t = 0 are in the interval [0, 2\pi)?
(a) none
(b) 2
(c) 4
(d) 5
(e) infinitely many",": First rewrite the equation:
sin 2t
cos 2t -2 cos t = 0
2 sin t cos t
1 -2 sin2 t -2 cos t = 0
2 cos t

sint
1 -2 sin2 t -1

= 0
Using the zero product property we get that either cos t = 0 or sin t = 1 -2 sin2 t. The first equation has
two solutions in [0, 2\pi): t = \pi
2 and t = 3\pi
2 . The second equation is a quadratic equation in sin t that can
be factored as (2 sin t -1)(sin t + 1) = 0, which means that sin t = 1/2 or sin t = -1. The only solution of
sin t = -1 in the given interval is 3\pi
2 , which is already listed. The equation sin t = 1/2 has two additional
solutions, which are not listed yet. So the number of unique solutions is 4.

2009 SVSU Math Olympics
Level II Solutions -- page 8 of 12",205aaa
2009_level2_solutions.pdf,16,d,"Find the sum of the first 100 common terms in the sequences
17, 21, 25, 29, . . .
16, 21, 26, 31, . . .
(a) 21500
(b) 26350
(c) 47850
(d) 101100
(e) None of the above",": The first sequence is 17 + 4k for k = 0, 1, 2, . . ..
The second sequence is 16 + 5j for j = 0, 1, 2, . . ..
The first common term is 21. The first 100 common terms are
21 + 20n, for n = 0, 1, 2, . . . , 99
The sum is 100 \cdot 21 + 20(0 + 1 + 2 + \cdot \cdot \cdot + 99) = 2100 + 20 99\cdot100
2
= 2100 + 99000 = 101100.",206aaa
2009_level2_solutions.pdf,18,c,"(a) 0
(b) 3
(c) 5
(d) 3
\sqrt
2
(e) None of the above",": First, 9 + 4
\sqrt
2 = 8 + 4
\sqrt
2 + 1 = (2
\sqrt
2 + 1)2.
Therefore 2 +
p
9 + 4
\sqrt
2 = 2 + (2
\sqrt
2 + 1) = 2 + 2
\sqrt
2 + 1 = (
\sqrt
2 + 1)2.
9 + 4
\sqrt
2 = 13 + 30(
\sqrt
2 + 1) = 43 + 30
\sqrt
2 = 25 + 30
\sqrt
2 + 18 = (5 + 3
\sqrt
Consequently, 13 + 30
q
2 +
p
2)2.
The original expression will then simplify:
s
r
9 + 4
\sqrt
18 = 5 + 3
\sqrt
2 -3
\sqrt
2 +
q
2 -
p
13 + 30
2 = 5.",207aaa
2009_level2_solutions.pdf,18,c,"How many prime numbers less than ten thousand have digits that add up to 2?
(a) 1
(b) 2
(c) 3
(d) 4
(e) 5",": In order for the digits of a number to add up to 2, the digits must be either one 2 and the
rest zeros, or two 1s and the rest zeros. Since no prime number can have a 0 in the ones place, and 1
is not considered a prime number, the only candidates are 2, 11, 101 and 1001. Out of those, 2, 11 and
101 are indeed primes, however, 1001 = 910 + 91 = 11 \cdot 91, so it is not a prime.",208aaa
2009_level2_solutions.pdf,19,c,"In the drawing on the right, AB = 2R, C is the midpoint of AB, k1, k2
and k3 are semicircles with diameters AB, AC and CB, respectively. The
circle k4 is tangent to k1, k2 and k3. Find the shaded area in terms of R.
k1
k4
k2
k3
(a)
\piR2
4
A
C
B
16
(c)
5\piR2
36
(d)
7\piR2
(b)
3\piR2
32
(e) None of the above

2009 SVSU Math Olympics
Level II Solutions -- page 9 of 12
2(\piR2) -2

1
2\pi
 R
2
2
-",": The shaded area is 1
N
\pir 2 = \piR2
k1
4
-\pir 2. We need to express r in terms of R. Using
the right triangle \bigtriangleupMCO and the Pythagorean Theorem, we
get
r
k4
O
r
r
k2
k3
2
=

r + R
2
(R -r)2 +
R
R
R
2
2
2
2
R2 -2Rr + r 2 + R2
4 = r 2 + rR + R2
4
A
C
B
M
R2 = 3Rr
r = R
3
Therefore the shaded area is
2
= \piR2
1
\piR2

= 5\piR2
4 -1
4
-\pi
R
36
.
3
9",209aaa
2009_level2_solutions.pdf,20,b,"A sphere with a radius R is inscribed in a cube. Another (smaller) sphere is placed
inside a corner of the cube so that it is tangent to three sides of the cube and to
the big sphere (see the simplified picture on the right). Find the radius of the small
sphere in terms of R.
3

R
(c) r = (
\sqrt
(a) r = (
\sqrt
2
(b) r =
 
2 -
\sqrt
3-1)R
2-1)R
2
(d) r =

2 -
\sqrt
2

R
(e) None of the above",": Let's call the radius of the small sphere
r.
Let A and B be the points of tangency of the larger
and smaller spheres, respectively, and the cube. Pick D
so that the triangle \bigtriangleupADB is a right isosceles triangle,
in which the angle ADB is the right angle, and |AD| =
|DB| = R -r. Therefore |AB| =
\sqrt
C
r
B
R
r
D
2(R -r). Another right
triangle is formed by the points O, E and C, where E is
the point on the segment OA with distance r from A, and
C is the center of the small sphere. In this right triangle,
|OC| = R + r, |OE| = R -r and |CE| = |AB| =
\sqrt
E
R
O
A
2(R -r).
According to the Pythagorean Theorem, |OE|2 + |EC|2 =
|OC|2, or
(R -r)2 +
\sqrt
2(R -r)
2
= (R + r)2
3(R -r)2 = (R + r)2
p
3(R -r) = R + r
(
p
3 -1)R = (
p
3 + 1)r
which gives us
\sqrt
3 + 1 R = (
\sqrt
3 -1
R = 4 -2
\sqrt
3 -1)2
3 -1
\sqrt
3
2
R = (2 -
p
r =
3)R.

2009 SVSU Math Olympics
Level II Solutions -- page 10 of 12",210aaa
2009_level2_solutions.pdf,21,d,"Find tan 9{\textopenbullet}-tan 27{\textopenbullet}-tan 63{\textopenbullet}+ tan 81{\textopenbullet}.
(a) 1
(b) 2
(c) 3
(d) 4
(e) None of the above",":
tan 9{\textopenbullet}-tan 27{\textopenbullet}-tan 63{\textopenbullet}+ tan 81{\textopenbullet}
Rearrange and rewrite
cos 81{\textopenbullet}-
 sin 27{\textopenbullet}
cos 9{\textopenbullet}+ sin 81{\textopenbullet}
sin 9{\textopenbullet}
cos 27{\textopenbullet}+ sin 63{\textopenbullet}

cos 63{\textopenbullet}
common denominators
sin 9{\textopenbullet}cos 81{\textopenbullet}+ sin 81{\textopenbullet}cos 9{\textopenbullet}
cos 9{\textopenbullet}cos 81{\textopenbullet}
-sin 27{\textopenbullet}cos 63{\textopenbullet}+ sin 63{\textopenbullet}cos 27{\textopenbullet}
cos 27{\textopenbullet}cos 63{\textopenbullet}
sin a cos b + cos a sin b = sin(a + b)
sin 90{\textopenbullet}
cos 9{\textopenbullet}cos 81{\textopenbullet}-
sin 90{\textopenbullet}
cos 27{\textopenbullet}cos 63{\textopenbullet}
cos a cos b = 1
2 [cos(a + b) + cos(a -b)]
1
2 [cos(9{\textopenbullet}+ 81{\textopenbullet}) + cos(81{\textopenbullet}-9{\textopenbullet})]
-
sin 90{\textopenbullet}
sin 90{\textopenbullet}
1
2 [cos(27{\textopenbullet}+ 63{\textopenbullet}) + cos(63{\textopenbullet}-27{\textopenbullet})]
sin 90{\textopenbullet}= 1, cos 90{\textopenbullet}= 1
1
1
2 cos 72{\textopenbullet}-
1
1
2 cos 36{\textopenbullet}
common denominator
2 (cos 36{\textopenbullet}-cos 72{\textopenbullet})
cos 72{\textopenbullet}cos 36{\textopenbullet}
2
sin a-b
cos a -cos b = -2 sin a+b
2
-4 sin 54{\textopenbullet}sin(-18{\textopenbullet})
cos 72{\textopenbullet}cos 36{\textopenbullet}
sin 54{\textopenbullet}= cos 36{\textopenbullet}and sin(-18{\textopenbullet}) = -cos 72{\textopenbullet}
4

2009 SVSU Math Olympics
Level II Solutions -- page 11 of 12",211aaa
2009_level2_solutions.pdf,22,b,"A cube is inscribed in a half sphere so that four of its vertices are on the
base and the other four are on the sphere. Find the ratio of the volume of
the cube to the volume of the half ball.
3
\pi
(d)
\sqrt
2
(b)
\sqrt
(a)
\sqrt
3
(c)
\sqrt
3
\pi
\sqrt
2
\pi
\sqrt
2
\pi
(e) None of the above",": Let r be the radius of the half sphere, and let x be the side
of the cube. Then by the Pythagorean Theorem, x2 +
 \sqrt
2
2 x
2
= r 2, which
means that x =
q
2
3r.
The volume of the half sphere is
2\pir 3
3
while the volume of the cube is
= 2
\sqrt
3


s
2
3r
2
3
\sqrt
x3 =
3r 3


The ratio is then
2
\sqrt
\sqrt
2
3
\sqrt
3r 3
2
\pi
\sqrt
3
=",212aaa
2009_level2_solutions.pdf,23,a,"If s = cos2 \alpha + cos2 \beta, find cos(\alpha + \beta) cos(\alpha -\beta) in terms of s.
s
(c) s2
(d)
\sqrt
(a) s -1
(b)
s-1
2
(e) None of the above",":
cos(\alpha + \beta) cos(\alpha -\beta) = (cos \alpha cos \beta -sin \alpha sin \beta) (cos \alpha cos \beta + sin \alpha sin \beta)
= cos2 \alpha cos2 \beta -sin2 \alpha sin2 \beta
= cos2 \alpha cos2 \beta -(1 -cos2 \alpha)(1 -cos2 \beta)
= cos2 \alpha cos2 \beta -1 + cos2 \alpha + cos2 \beta -cos2 \alpha cos2 \beta = -1 + s = s -1.

2009 SVSU Math Olympics
Level II Solutions -- page 12 of 12",213aaa
2009_level2_solutions.pdf,24,b,"In the expression
a
b + c
d + e
f
each letter is replaced by one of the digits 1, 2, 3, 4, 5 and 6. What is the largest possible value of an
expression that can be obtained in this way.
(a) 8 2
3
(b) 9 5
6
(c) 9 1
3
(d) 9 2
3
(e) 10 1
3",": To obtain the largest value, we use the larger numbers, 4, 5 and 6, as numerators, and the
smaller numbers, 1, 2 and 3 ad denominators. For the first fraction, we can get the largest value if we
divide 6 by 1. For the second fraction the largest value will be obtained by dividing 5 by 2, which will
then leave us with 4/3. So the largest value is
6
1 + 5
2 + 4
3 = 95",214aaa
2009_level2_solutions.pdf,25,d,"A square is cut into three rectangles along two lines parallel to a side, as shown. If
the perimeters of of the three rectangles are 22, 26 and 24, respectively, then the
area of the original square is
(a) 24
(b) 36
(c) 64
(d) 81
(e) 96",": Let's call the widths of the three rectangles x, y and z. Then the side
of the square is x +y +z, and the perimeters of the rectangles are 2x +2(x +y +z),
2y + 2(x + y + z) and 2z + 2(x + y + z). These have to be equal to 22, 26 and 24. This gives us a system
of equations
2x + y + z = 11
x + 2y + z = 13
x + y + 2z = 12
Adding these three equations together gives us 4x + 4y + 4z = 36 or x + y + z = 9. Therefore the side of
the square is 9, and the area is 81.",215aaa
2010_level1_solutions.pdf,1,d,"For positive real numbers x, y, and z, which of the following is equivalent to x-1
(a)
30q 
xyz
23
(b) x2 15q
y10z9
(c)
30q
x-1y2z3
30\sqrt
x15y20z18
x
(e) None of the above
(d)",": Rewriting all exponents with the common denominator 30 will give us
30q
y20z18
x-15
20
30 z
18
30 =
30 y
30\sqrt
x15
.
Rationalizing the denominator by multiplying both the numerator and denominator by
30\sqrt
x15
will give us
30q
x15y20z18
x
.",216aaa
2010_level1_solutions.pdf,2,d,"If f is a nonzero function (this means there is at least one x with f(x) ̸= 0) of real numbers
such that f(x + y) = f(x)f(y), what are the possible values for f(0)?
(a) any real number is possible
(b) any positive real number is possible
(c) f(0) must be 0
(d) f(0) must be 1
(e) f(0) could be 0 or 1",": Setting y = 0 in the identity f(x + y) = f(x)f(y) will give us f (x) = f(x)f(0).
Since f is a nonzero function, there must be at least one x such that f(x) ̸= 0. We can then
divide by f(x) and obtain 1 = f(0).

2010 SVSU Math Olympics
Level I Solutions -- page 2 of 10",217aaa
2010_level1_solutions.pdf,3,a,"Find a so that the quadratic equation (a -1)x2 + 3x -a + 2 = 0 has a solution x = -1.
(a) No such a
(b) a = 0
(c) a = 1
(d) a = 2
(e) None of the above",": Let x1 and x2 be two solutions of the quadratic equation, and let x2 = -1. Then
x1 + x2 =
-3
a-1 and so x1 = a-4
a-1.
On the other hand, x1x2 = 2-a
a-1 and so x1 = a-2
a-1. Since the equation
a -4
a -1 = a -2
a -1
has no solution, there cannot be any such a.
Another solution: Assume there is such a. Plug in -1 for x to obtain (a-1)(-1)2+3(-1)-a+2 =
0, or a -1 -3 -a + 2 = 0, or -2 = 0, which is a contradiction.",218aaa
2010_level1_solutions.pdf,4,c,"2 students did not pass any exam at the first attempt.
Calculate how many students passed only the Algebra exam at the first attempt.
(a) 3
(b) 5
(c) 10
(d) 24
(e) Not enough information",":
From the given data, we know that 28 students passed Geometry at
the first attempt, and 29 students passed Calculus at the first attempt.
There were 19 students that passed both Geometry and Calculus at
the first attempt. So the number of students who passed Geometry or
Calculus at the first attempt was 28 + 29 -19 = 38. Since 2 students
did not pass any exam at the first attempt, we have 48 students that
passed at least one exam at the first attempt. Out of these 48 students,
38 passed Geometry of Calculus at the first attempt. That leaves us
with 48 -38 = 10 students who passes only Algebra at the first attempt.
29
C
28
G
19
2
?
A

2010 SVSU Math Olympics
Level I Solutions -- page 3 of 10",219aaa
2010_level1_solutions.pdf,6,e,"A snail at the bottom of a well goes up 10 feet each day and slides back 5 feet at night. How
many days does it take the snail reach the top of the well if it is 40 feet deep?
(a) 4
(b) 5
(c) 3
(d) 8
(e) 7",": The snail will climb 10 feet up and slides 5 feet down every day except the last
day. On the last day, the snail will reach the top and leave the well, which means that on this
last day, the snail will only climb, not slide. On the last day the snail will therefore gain 10
feet, while on each of the previous days the snail will gain only 5 feet. The snail has to climb
10 feet during the last day, and the remaining 30 feet during the rest of the days. It will take
the snail 30/5 = 6 days to climb the 30 feet, so altogether it will take 7 days to reach the top
of the well.
\cdot \cdot \cdot",220aaa
2010_level1_solutions.pdf,7,a,"I am inviting some people to a party, and I want to seat them all at
one long table. I want to put together a series of rectangular tables,
and form one long table, as shown. What is a formula that relates
the number of chairs (C) to the number of tables (T)?
(a) C = 2T + 4
(b) C = 2T
(c) C = 4T + 2
(d) C = T + 4
(e) C = T",": Each of the rectangular tables will have a chair at each of its shorter sides, that
is two chairs per table. There will be 2T such chairs. In addition to that, the first and the last
table will also each have 2 chairs along one of its longer sides, which gives 4 extra chairs. So
the total number or chairs will be 2T + 4.",221aaa
2010_level1_solutions.pdf,8,c,"The set A has c members, and the set B has f members, where c \gef. What is the largest
number of members A \cupB i.e., the set of elements that are in A or B, could have?
(a) c -f
(b) c \cdot f
(c) c + f
(d) f
(e) c",": The largest number of elements in the set A \cupB will be obtained in the case in
which the intersection of the two set is empty, that is, there are no elements that would be in
both sets at the same time. In that case the set A \cupB will contain all c elements of A and all
f elements of B with no overlap. So the total number of elements will be c + f.

2010 SVSU Math Olympics
Level I Solutions -- page 4 of 10",222aaa
2010_level1_solutions.pdf,9,d,"Find all possible ways to fill in the missing digits so that the number 546,5__ is divisible by 2
and 5 but not by 3.
(a) 10, 20, 30, 40, 50, 60, 70, 80, 90
(b) 00, 20, 30, 50, 60, 80
(c) 00, 10, 30, 50, 70, 90
(d) 00, 20, 30, 50, 60, 80, 90
(e) 20, 30, 50, 60, 80, 90",": In order for the number number to be divisible by 5, the ones digit has to be
0 or 5. In order for the number to be divisible by 2, the ones digit must be even. Since 5
is odd, the ones digit will have to be 0. A number is divisible by 3 if and only if the sum
of its digits is divisible by 3. If we call the tens digit t, the number will be divisible by 3 if
5 + 4 + 6 + 5 + t = 20 + t is divisible by 3. That will happen if t = 1, t = 4 and t = 7. For all the
other choices of t, that is t = 0, 2, 3, 5, 6, 8 and 9, the number is not divisible by 3.",223aaa
2010_level1_solutions.pdf,10,e,"What base-eight numeral follows 37eight?
(a) 37eight
(b) 47eight
(c) 38eight
(d) 100eight
(e) 40eight",": It cannot be 38eight, since base-eight only uses digits 0 through 7. In base-eight,
7eight + 1eight = 10eight, so when adding 1eight to 37eight, we need to carry and we obtain 40eight.",224aaa
2010_level1_solutions.pdf,11,d,"Convert base-ten numeral 15 to base eight.
(a) 16eight
(b) 10eight
(c) 12eight
(d) 17eight
(e) 13eight",":
15/8 = 1R7
In other words, 15 contains 1 eight and 7 ones. Therefore the base-eight form of the base-ten
numeral 15 is 17eight.

2010 SVSU Math Olympics
Level I Solutions -- page 5 of 10",225aaa
2010_level1_solutions.pdf,12,a,"Two buses leave the terminal at 8 A.M. Bus number 36 takes 85 minutes to complete its route;
bus number 86 takes 102 minutes. When is the next time the two buses will arrive together
at the terminal (assuming they are on time and they spend no time waiting between routes)?
(a) in 510 min
(b) in 102 min
(c) in 289 min
(d) in 408 min
(e) in 8,670 min",": The number of minutes before they both arrive together at the terminal must
be the least common multiple of 85 and 102.
85 = 5 \cdot 17
102 = 2 \cdot 3 \cdot 17
The least common multiple of the two numbers is then 2 \cdot 3 \cdot 5 \cdot 17 = 10 \cdot 51 = 510.",226aaa
2010_level1_solutions.pdf,13,d,"Let a = 25 \cdot 53 \cdot 112. Let b be such that the greatest common factor of a and b is 2 \cdot 53 \cdot 11
and the least common multiple of a and b is 25 \cdot 33 \cdot 53 \cdot 112. Find b.
(a) b = 2 \cdot 33 \cdot 52 \cdot 112
(b) b = 25 \cdot 33 \cdot 53 \cdot 112
(c) b = 25 \cdot 35 \cdot 56 \cdot 11
(d) b = 2 \cdot 33 \cdot 53 \cdot 11
(e) b = 2 \cdot 3 \cdot 5 \cdot 11",": Since 2 \cdot 53 \cdot 11 is the greatest common factor of a and b, b must be equal
to 2 \cdot 53 \cdot 11 \cdot c where c is not divisible by 2, 5 and 11. On the other hand, c must be a
factor of the least common multiple. The only factor of the least common multiple that is
not divisible by 2, 5 or 11 is 33. Therefore b must be 3k for some k \le3. Suppose k < 3. Then
25 \cdot 3k \cdot 53 \cdot 112 would be a common multiple of a and b, however, since it is less than the
given least common multiple of a and b, this is a contradiction. Therefore k = 3, c = 33 and
b = 2 \cdot 33 \cdot 53 \cdot 11.
Another solution:
For any two positive integers a and b, a \cdot b = LCM(a, b) \cdot GCF(a, b).
Therefore
a
= 25 \cdot 33 \cdot 53 \cdot 112 \cdot 2 \cdot 53 \cdot 11
b = LCM(a, b) \cdot GCD(a, b)
25 \cdot 53 \cdot 112
= 2 \cdot 33 \cdot 53 \cdot 11.",227aaa
2010_level1_solutions.pdf,14,c,"If a is 50 % more than b, then b is how many percent of a? Please round the answer to the
nearest tenth.
(a) 71.7
(b) 56.7
(c) 66.7
(d) 67.7
(e) 64.7",": If a is 50 % more than b, then a = 1.5b, or
b =
1
1.5a = 10
15a = 2
3a \approx0.667a
so b is approximately 66.7 % of a.

2010 SVSU Math Olympics
Level I Solutions -- page 6 of 10",228aaa
2010_level1_solutions.pdf,15,d,"If the repeating decimal 0.8451 is represented by the fraction a
b, where a and b are positive
integers with no common factors greater than 1, find a + b.
(a) 303
(b) 4617
(c) 5211
(d) 6089
(e) 8451",": Denote the number 0.8451 by x. Then 100x = 84.5151 and 99x = 100x -x =
84.5151 -0.8451 = 83.67. Then
x = 83.67
99
= 8367
9900 =
8367
22 \cdot 32 \cdot 52 \cdot 11
Since 8367 is divisible by 3, but not by 2, 5, 9 and 11, the last fraction can be reduced to the
simplest form
2789
3300.
Therefore a = 2789 and b = 3300, which makes a + b = 6089.",229aaa
2010_level1_solutions.pdf,16,a,"The area of a circle is 36\pi m2. What is the exact circumference?
(a) 12\pi m
(b) 12 m
(c) 6\pi m
(d) 6 m
(e) 36\pi m",": The area of a circle is \pir 2. If the area is 36\pi, r 2 must be 36, which makes r = 6.
The exact circumference is 2\pir = 2\pi6 = 12\pi. Since the area was given in square meters, the
circumference will be in meters.",230aaa
2010_level1_solutions.pdf,17,a,"The areas of the two smaller semicircles are 25
8 \pi and 18\pi.
Find the area of the largest semicircle.
18\pi
25
(a)
169
8 \pi
(b) 25\pi
(c)
25
8 \pi
(d) 50\pi
(e)
289
8 \pi
8 \pi",": Label the shortest side of the triangle a, the
second shortest side b and the longest side, the hypotenuse
of the right triangle, c. The radii of the three semicircles
are a/2, b/2 and c/2. The area of the largest semicircle is
A
2
= \pi
1
2\pi
c
8 c2.
2
According to the Pythagorean Theorem, c2 = a2 + b2, so the area of the largest semicircle is
\pi

a2 + b2
= \pi
8 a2 + \pi
8 b2
8
8 b2 is the area of the medium semicircle.
In other words, the area of the semicircle over the hypotenuse is the sum of the areas of the
semicircles over the other two sides. In this case, it is
8 a2 is the area of the smallest semicircle and \pi
But \pi
25
8 \pi + 18\pi = 25
8 \pi + 144
8 \pi = 169
8 \pi.

2010 SVSU Math Olympics
Level I Solutions -- page 7 of 10",231aaa
2010_level1_solutions.pdf,18,b,"Joe has three drinking cups: a cylinder-shaped, a cone-shaped and a semi-sphere-shaped. All
of them have the same radius and height. The cylinder-shaped cup is full of water. Joe want
to pour the water from the cylinder-shaped cup to the other two cups. Which of the following
is going to happen?
(a) There will not be enough water to fill the two cups.
(b) The water from the cylinder-shaped cup will exactly fill the two other cups.
(c) There will be too much water to fit into the other two cups.
(d) It depends on what the radius and height are.
(e) It depends on what the radius is.",": For the semi-sphere, the height must be the same as the radius, let's call it r.
Since all the cups have the sane radius and height, the radius and height of each of the cup is
also r. The volume of a cylinder with radius r and height r is \pir 3, the volume of a cone with
radius r and height r is 1
3\pir 3 and the volume of a semi-sphere with a radius r is 2
3\pir 3. So
the volume of the semi-sphere and the volume of the cone will exactly add up to the volume
of the cylinder.",232aaa
2010_level1_solutions.pdf,19,d,"Given that l1 and l2 are parallel and t1 and t2 and are
transversals that intersect l2 at P. Additionally, PT
is perpendicular to l1, m QPR = 60{\textopenbullet}, PT = TS and
PQ = 5. What is the length of PS?
l1
Q
T
S
(a)
5
\sqrt
\sqrt
3
2
(b)
6
2
l2
60{\textopenbullet}
R
3
2
(d)
5
\sqrt
(c)
25
\sqrt
6
2
(e) None of the above
P",": Since PT is perpendicular to l1 and l1
and l2 are parallel, PT is perpendicular to l2 as well.
Therefore m TPQ = 30{\textopenbullet}, and the triangle \bigtriangleupPTQ is
a 30{\textopenbullet}-60{\textopenbullet}-90{\textopenbullet}triangle.
Therefore TQ =
5
2 and
t2
t1
TP = 5
\sqrt
3
2 . The triangle \bigtriangleupSTP is a right isosceles triangle with TS = PT = 5
\sqrt
3
2 . Using the
Pythagorean Theorem or right triangle trigonometry, we obtain PS = 5
\sqrt
6
2 .

2010 SVSU Math Olympics
Level I Solutions -- page 8 of 10",233aaa
2010_level1_solutions.pdf,20,a,"David, Bill and George are three thieves.
One of them committed a robbery.
During the
interrogation they made the following statements:
-David: Bill is not the robber. George is the robber.
-Bill: David is innocent. George is the robber.
-George: I am innocent. David is the robber.
It was determined that one of them lied twice, one of them told the truth twice, and one lied
once and told the truth once. Who is the robber?
(a) David
(b) Bill
(c) George
(d) None of them
(e) Impossible to determine",": Since Bill and George negate each others statements, one of them must be
telling the truth twice and one of them must be lying twice. Therefore David must have told
the truth once and lied once.
If Bill told the truth twice, then David also told the truth twice, which is a contradiction.
Therefore Bill lied twice, and George told the truth twice. David is the robber.",234aaa
2010_level1_solutions.pdf,21,b,"Suppose f(x) = ax + b. If f (f(f(x))) = 64x + 63, what is a + b?
(a) 3
(b) 7
(c) 8
(d) 12
(e) None of the above",": Composition of two linear functions with slopes a1 and a2 is a linear function
with slope a1a2. Therefore f(f(f(x))) = a3x + c, which gives us a3 = 64, or a = 4.
Setting x = 0, we get f(f(f(0))) = 63, but f(0) = b, so the last equality can be written as
f (f(b)) = 63. But f (b) = 4b + b = 5b, which gives us f (5b) = 63. Then f(5b) = 4 \cdot 5b + b =
20b + b = 21b = 63, which means b = 3. Then a + b = 4 + 3 = 7.

2010 SVSU Math Olympics
Level I Solutions -- page 9 of 10",235aaa
2010_level1_solutions.pdf,22,b,"For which values of k does the system
x2 -y2 = 0
(x -k)2 + y2 = 2
have exactly two solutions of the form (x, y) where x and y are real numbers?
(a) k = \pm1
(b) k = \pm2
(c) k = 1 and k = -2
(d) k = -1 and k = 2
(e) None of the above",": If (x, y) is a solution, then so is (x, -y). The system is equivalent to y = \pmx,
(x -k)2 + x2 = 2. The quadratic equation (x -k)2 + x2 = 2 has discriminant 4k2 -8(k2 -2) =
4(4 -k2). When the discriminant is 0, we find, for k = 2, the solution set is {(1, 1), (1, -1)},
and when k = -2, it is {(-1, 1), (-1, -1)}. When the discriminant is negative, there are no real
solutions x to the quadratic equation, hence no real solutions (x, y) to the system. When the
discriminant is positive, there are two distinct real solutions x1, x2 to the quadratic equation,
at least one of which must be non-zero; hence, the solutions to the system are (x1, \pmx1),
(x2, \pmx2) in this case, and these solutions are at least 3 in number.
Therefore, there are
exactly 2 values of k for which the system has exactly two distinct solutions, namely, k = \pm2.",236aaa
2010_level1_solutions.pdf,23,c,"A library is open every day except Sunday. Max, Gus and Zyk visit the library together for the
first time. After the first visit, Max always visits the library two days after her previous visit,
except when the library is closed, in which case she goes 3 days after her previous visit. Gus
always visits the library three days after his previous visit, except when the library is closed,
in which case he goes 4 days after his previous visit. Zyk always makes his next visit 4 days
after the previous visit, unless the library is closed, in which case he goes 5 days after his
previous visit. If the second time they all visit the library together falls on Friday, what day
of the week was their first visit?
(a) Monday
(b) Tuesday
(c) Wednesday
(d) Thursday
(e) Friday",": Let's make a table showing the patterns of library visits for each person. We
denote each day of the week, as customary, with letters M, T, W, R, F and S. We will denote
repeating patterns with a bar over the letters, in a similar way repeating decimals are denoted.
Monday
Tuesday
Wednesday
Thursday
Friday
Saturday
Max
MWFMWF
TRSMWF
WFMWF
RSMWF
FMWF
SMWF
Gus
MRMR
TFMR
WSTFMR
RMR
FMR
STFMR
Zyk
MFTSWMFTSW
TSWMFTSW
WMFTSW
RMFTSW
FTSWMFTSW
SWMFTSW

2010 SVSU Math Olympics
Level I Solutions -- page 10 of 10
We see that no matter which day was the first visit, Gus, after a few weeks, settles into the
pattern MRMRMR . . .. The only times he will visit the library on Friday is if the first visit
is on Tuesday, when his second visit is on Friday of the first week, or if the first visit is on
Wednesday, when his fourth visit falls on Friday of the second week, or if the first visit is on
Saturday, in which case his third visit is on Friday of the second week. Out of those three
cases, however, Max and Zyk will be in the library on the same Friday only if the first visit was
on Wednesday.
D",237aaa
2010_level1_solutions.pdf,24,c,"In the triangle shown on the right, AB = BC = CD and AD = BD. Find the
measure of angle D.
(a) 28{\textopenbullet}
(b) 30{\textopenbullet}
(c) 36{\textopenbullet}
(d) 72{\textopenbullet}
(e) None of the above
C",": Let x be the measure of the angle D and y the measure of the
angle A. Since the triangle \bigtriangleupBCD is isosceles, the measure of angle
CBD is
also x. Since the triangle \bigtriangleupABC is isosceles, the measure of the angle
BCA
is also y. Finally, since the triangle \bigtriangleupADB is isosceles, the measure of the angle
ABD is
also y.
The sum of the angles in the triangle \bigtriangleupABC is y +y +(y -x) = 3y -x. The sum of the angles
in the triangle \bigtriangleupADB is 2y + x. This gives us two equations:
A
B
3y -x = 180
2y + x = 180
Solving this system will give us x = 36.",238aaa
2010_level1_solutions.pdf,25,a,"Two particles move clockwise around a circle with circumference 300 feet. The faster particle
moves at a constant speed of R feet per second, and the slower particle moves at a constant
speed of r feet per second. If the particles meet every 50 seconds, then what is the value of
R -r in feet per second?
(a) 6
(b) 8
(c) 10
(d) 12
(e) 14",": The relative speed of the faster particle with respect to the slower particle
is R -r.
The particles will meet every time the faster particle will complete a full circle,
measured with respect to the slower particle. Therefore 50(R -r) must be 300, and R -r
must be 6.",239aaa
2010_level2_solutions.pdf,1,d,"If f is a nonzero function (this means there is at least one x with f(x) ̸= 0) of real numbers
such that f(x + y) = f(x)f(y), what are the possible values for f(0)?
(a) any real number is possible
(b) any positive real number is possible
(c) f(0) must be 0
(d) f(0) must be 1
(e) f(0) could be 0 or 1",": f(0 + 0) = f(0)f(0), so f(0) = f(0)2 and f (0) must be 0 or 1. If f(0) = 0, then
for all x, we would have f(x) = f(x + 0) = f(x)f(0) = f(x) \cdot 0 = 0, which is not allowed. So
f(0) = 1.",240aaa
2010_level2_solutions.pdf,2,a,"The expression 1 + i + i2 + i3 + \cdot \cdot \cdot + i100, where i =
\sqrt
-1, is equal to
(a) 1
(b) 0
(c) 25
(d) 25 -25i
(e) None of the above",": For any complex number x ̸= 1, we have 1 + x + x2 + \cdot \cdot \cdot + xn =
xn+1-1
x-1 , so
1 + i + i2 + \cdot \cdot \cdot + i100 = i101-1
i-1
= i-1
i-1 = 1.
Another solution: In the given sum, each term can be obtained from the previous term by
multiplying by i. For any complex number z, the number z\cdoti has the same modulus as z, and is
rotated by right angle counterclockwise with respect to z. Therefore z+z\cdoti+z\cdoti2+z\cdoti3 = 0. The
sum has 101 terms. It can be written as 1+(i+i2+i3+i4)+(i5+i6+i7+i8)+\cdot \cdot \cdot+(i97+i98+i99+i100) =
1 + 0 + 0 + 0 + \cdot \cdot \cdot.",241aaa
2010_level2_solutions.pdf,3,d,"An arithmetic sequence is one in which each term after the first can be found by adding a
constant to the preceeding term. That is, there is a fixed number d such that an+1 = an + d
for all n \ge1. If the first term of a finite arithmetic sequence is 6 and the last term is 101 and
the sum of all the terms is 1070, what are the first 3 terms?
(a) 6, 26, 46
(b) 6, 53.5, 101
(c) 6, 10.75,15.5
(d) 6, 11, 16
(e) None of the above",": The sum of a finite arithmetic sequence with n terms is given by a1 + a2 + \cdot \cdot \cdot +
an = n(a1+an)
2
. In our case, this is n(6+101)
2
= 107n
2
. This is supposed to be equal to 1070, so
n = 20.
Also, the formula for n-th term of arithmetic series is an = a1 + (n -1)d, so 101 = 6 + 19d,
and so d = 95/19 = 5. So the first 3 terms are 6, 11, 16.

2010 SVSU Math Olympics
Level II Solutions -- page 2 of 11",242aaa
2010_level2_solutions.pdf,4,d,"James took a test with 3 parts. He got 20 % of the 15 multiple choice questions right and 85 %
of the 20 short answer questions right. If he got 75 % of the entire test right, what percent of
the n vocabulary questions did he get right?
(a) 100
(b)
3n+25
4
(c)
20+.75n
35+n
(d)
625
n + 75
(e) None of the above",": James got right .2(15) + .85(20) = 3 + 17 = 20 out of 15 + 20 = 35 from the first
two parts. If x is the amount he gets right from the third part, the equation is:
20+x
35+n = 3",243aaa
2010_level2_solutions.pdf,5,a,"Simplify 3(a2 + 1)2 + 2(a -1)(a2 + 1) -5(a -1)2 -4(0.75a4 + 3a -1).
(a) 2a3 -a2
(b) 2a2 -a3
(c) 2a3
(d) 2a2
(e) None of the above",":
3(a2 + 1)2 + 2(a -1)(a2 + 1) -5(a -1)2 -4(0.75a4 + 3a -1)
= 3(a4 + 2a2 + 1) + 2(a3 -a2 + a -1) -5(a2 -2a + 1) -3a4 -12a + 4
= 3a4 + 6a2 + 3 + 2a3 -2a2 + 2a -2 -5a2 + 10a -5 -3a4 -12a + 4
= 2a3 -a2.",244aaa
2010_level2_solutions.pdf,6,d,"If x + y = a and x2 + y2 = b, express x3 + y3 in terms of a and b.
(a) ab
(b) a2 + b
(c) a + b2
(d) (3ab -a3)/2
(e) None of the above",": Using the sum of two cubes formula, x3 + y3 = (x + y)(x2 -xy + y2) = (x +
y)(x2 + y2 -xy). From (x + y)2 = x2 + 2xy + y2 we obtain
2
= a2 -b
xy = (x + y)2 -(x2 + y2)
2
and
b -a2 -b
!
= 3ab -a3
x3 + y3 = a
2
.
2

2010 SVSU Math Olympics
Level II Solutions -- page 3 of 11",245aaa
2010_level2_solutions.pdf,7,a,"Simplify
1
1-x +
1
1+x
1
1-x -
1
1+x
1
1 +
x
1-
x
x+2
\div
(a)
2x
x2+2x+2
(b)
2x
x2-1
(c) 1
(d) x2 -1
(e) None of the above",":
1
1 +
x
1-
x
x+2
=
1
1 +
x
2
x+2
=
1
2
=
1
2
=
2
x2 + 2x + 2
x2+2x+2
1 + x2+2x
and
2
x2-1
1
1-x +
1
1+x
1
1-x -
1
1+x
=
1
1 +
x
1-
x
x+2
\div
2x
x2-1
= 1
x
so
1
1-x +
1
1+x
1
1-x -
1
1+x
=
2x
x2 + 2x + 2
1
1 +
x
1-
x
x+2
\div

2010 SVSU Math Olympics
Level II Solutions -- page 4 of 11",246aaa
2010_level2_solutions.pdf,8,e,"A large school district has three high schools, Darth Vader High, Darth Sidius High, and Yoda
High. In the district, 55 % of the students are male, and 2, 175 students attend Darth Vader
High School. The males are distributed through the Darth Vader High, Darth Sidius High, and
Yoda High in the ratio 1 : 1 : 3. The females are distributed in the ratio 2 : 1 : 2. How many
students attend Yoda High?
(a) 3, 625
(b) 3, 700
(c) 3, 750
(d) 3, 800
(e) 3, 825",": Let x and y be the numbers of male and female students, respectively, at Darth
Sidius High. Then there are x males and 2y females at Darth Vader High, and 3x males and
2y females at Yoda High. The total number of male students in the district is 5x, the total
number of female students is 5y. Since 55 % of the students are male,
5x
5x + 5y = 55
100
which simplifies to 9x = 11y.
On the other hand, since 2, 175 students attend Darth Vader High, we get x + 2y = 2, 175. To
obtain the values of x and y we need to solve the system
x + 2y = 2175
9x -11y = 0
Multiplying the first equation by 11 and the second by 2 and adding them together, we obtain
29x = 2175 *11
or x = 75 *11 = 825, and 2y = 2175 -825 = 1350.
Then the number of students in Yoda High is 3x + 2y = 3 *825 + 1350 = 3, 825.

2010 SVSU Math Olympics
Level II Solutions -- page 5 of 11",247aaa
2010_level2_solutions.pdf,3,b,"married or single.
Of these policy holders, 3, 000 are young, 4, 600 are male, and 7, 000 are married. Among the
policyholders there are exactly 1, 320 young males, 3, 010 married males, and 1, 400 young
married persons. Finally, 600 of the policyholders are young married males.
How many of the company's policyholders are old married females?
(a) 3, 120
(b) 3, 190
(c) 3, 220
(d) 3, 290
(e) 3, 390",": Since there are 3, 000 young policy holders, there must be 7, 000 old policy
holders. Since there are 4, 600 males, there must be 5, 400 females. Finally, since 7, 000 are
married, the other 3, 000 are single.
Since there are 1, 320 young males, there are 3, 000 -1, 320 = 1, 680 young females, 4, 600 -
1, 320 = 3, 280 old males, and 7, 000 -3, 280 = 3, 720 old females.
Similarly, since 3, 010 are married males, 4, 600 -3, 010 = 1, 590 are single makes, 7, 000 -
3, 010 = 3, 990 are married females, and 5, 400 -3, 990 = 1, 410 single females.
Also, since 1, 400 policyholders are young and married, 3, 000-1, 400 = 1, 600 are young and
single, 7, 000 -1, 400 = 5, 600 are old and married, and 3, 000 -1, 600 = 1, 400 are old and
single.
Finally, looking only at the married policyholders, out of the 3, 010 married males, 600 are
young, and 3, 010 -600 = 2, 410 are old. That means that, out of the 5, 600 married old
people, 2, 410 are males, and so 5, 600 -2, 410 = 3, 190 are old married females.

2010 SVSU Math Olympics
Level II Solutions -- page 6 of 11",248aaa
2010_level2_solutions.pdf,10,a,"For what values of a will the following equation have no solution:
1
x + (a -1) -
2a
x2 -(a -1)2 =
5
x -(a -1)
2 and a = 5
6
(b) a = 1
2 and a = 5
2
(c) a = 5
6 and a = 5
2
(d) a = 1
(a) a = 1
2
(e) a = 5
2",": The equation will have no solution of x = \pm(a -1). To solve the equation for x
in terms of a, multiply both sides by [x -(a -1)][x + (a -1)] (assuming x ̸= \pm(a -1)) to obtain
(x -(a -1)) -2a = 5(x + (a -1))
x -a + 1 -2a = 5x + 5a -5
-4x = 8a -6
x = -4a + 3
2
So the equation will have no solution if -4a+3
2
= \pm(a -1) which will happen if a = 1
2 and if
a = 5",249aaa
2010_level2_solutions.pdf,11,c,"Determine all values of k so that the equation
kx2 -2x + 4 -4k = 0
has two solutions, one of which is negative and the other is positive.
(a) k < 0
(b) k > 1
(c) k < 0 or k > 1
(d) k ̸= 0
(e) k ̸= 0 and k < 2",": If k = 0, the equation is linear and has only one solution. Provided k ̸= 0, the
solutions of the equation are
2k
= 2 \pm
\sqrt
2k
= 2 \pm
p
x = 2 \pm
p
4 -16k + 16k2
(2 -4k)2
4 -4k(4 -4k)
2k
= 2 \pm (2 -4k)
2k
The first solution is
x1 = 2 + 2 -4k
2k
= 2(1 -k)
k
,
the second solution is
x2 = 2 -(2 -4k)
2k
= 4k
2k = 2.
We need x1 < 0, i.e. 2(1-k)
k
< 0, which will happen if k < 0 or k > 1.

2010 SVSU Math Olympics
Level II Solutions -- page 7 of 11",250aaa
2010_level2_solutions.pdf,12,b,"Find the remainder when 3888,888 is divided by 5.
(a) 1.4
(b) 1
(c) 6
(d) 5
(e) 0",": We have 31 = 3 (remainder R = 3), 32 = 9 (remainder R = 4), 33 = 27 (remainder
R = 2), 34 = 81 (remainder R = 1), and after that, the remainders of the powers of 3 when
divided by 5 start to repeat. In general, for a positive integer n, the remainder R when 3n
is divided by 5 depends upon the remainder r when n is divided by 4, as follows: if r = 1,
then R = 3; if r = 2, then R = 4; if r = 3, then R = 2; if r = 0, then R = 1. Now 888, 888 has
remainder 0 when divided by 4, so 3888,888 has remainder 1 when divided by 5.",251aaa
2010_level2_solutions.pdf,13,b,"Joe has three drinking cups: a cylinder-shaped, a cone-shaped and a semi-sphere-shaped. All
of them have the same radius and height. The cylinder-shaped cup is full of water. Joe want
to pour the water from the cylinder-shaped cup to the other two cups. Which of the following
is going to happen?
(a) There will not be enough water to fill the two cups.
(b) The water from the cylinder-shaped cup will exactly fill the two other cups.
(c) There will be too much water to fit into the other two cups.
(d) It depends on what the radius and height are.
(e) It depends on what the radius is.",": Because the semi-spherical cup must have a height h equal to its radius r, all 3
cups must have height r and radius r. The volumes of the cylinder-shaped, cone-shaped, and
semi-sphere-shaped cups are, respectively, \pir 2h = \pir 3, 1
2
4
3\pir 3 = 2
3\pir 2h = 1
3\pir 3, and 1
3\pir 3
cubic units. So the water in the cylindrical-shaped cup will exactly fill the other two cups.",252aaa
2010_level2_solutions.pdf,14,b,"If A is a 3 \times 3 matrix such that




1
2
3
4
0
1
0
1
2
0
2
0
2
4
6
8
4
1
4
1
0
1
0
1

=

,
A
what is the value in the third row, second column of A?
(a) 0
(b) 1
(c) 2
(d) 4
(e) None of the above",": Let [a b c] be the third row of A.
Then we have a + 2c = 0, 2a + b = 1,
3a + 2c = 0, and 4a + b = 1. Subtracting the first equation from the third, we find 2a = 0, so
a = 0. Therefore, c = 0, so b = 1.

2010 SVSU Math Olympics
Level II Solutions -- page 8 of 11",253aaa
2010_level2_solutions.pdf,15,d,"Suppose a group of people participate in a messaging system in which they can send messages
to others in the group. The system works according the following two rules:
-If A can send a message to B and B can send a message to C, then C can send a message
to A.
-For each pair of distinct people A and B in the group, either A can send a message to B or
B can send a message to A but not both.
Which of the following is true:
(a) There cannot exist a messaging system satisfying these two rules.
(b) There must be an even number of people in the group.
(c) There must be an odd number of people in the group.
(d) The group can have no more than 3 members.
(e) There is no restriction on the number of people in the group.",": We could have exactly two people A and B in the group, where A can send a
message to B, but B cannot send a message to A. We could also have exactly three people
A, B, and C, where A can message B, B can message C, and C can message A, with no other
ways to send messages. So there do exist messaging systems satisfying these two rules, and
the number of people in the group may be even or odd.
Now suppose that a, b, and c are three distinct people in a group with a communication
system satisfying these two rules. If c can send a message to both a and b, then a must
not be able to send a message to b, since that would imply that b could also send a message
to c; and similarly, b must not be able to send a message to a, since then a could send a
message to c. Since a and b must be able to send a message to each other in some order, it
is therefore impossible for c to be able to send a message to both a and b. This argument
shows that each person can send a message to at most one other person in the group, and
therefore that any three people a, b, c must be able to send messages only in one of the two
patterns a \tob \toc \toa or a \toc \tob \toa.
If there were a fourth person d in the group, then d would only be able to send a message to
at most one of a, b, and c. But by considering the set of d together with the other two people,
we see from the paragraph above that this is impossible. Therefore, the group must contain
at most 3 people.

2010 SVSU Math Olympics
Level II Solutions -- page 9 of 11",254aaa
2010_level2_solutions.pdf,16,b,"For which values of k does the system
x2 -y2 = 0
(x -k)2 + y2 = 2
have exactly two distinct solutions in the form (x, y) where both x and y are real numbers?
(a) k = \pm1
(b) k = \pm2
(c) k = 1 and k = -2
(d) k = -1 and k = 2
(e) None of the above",": If (x, y) is a solution, then so is (x, -y). The system is equivalent to y = \pmx,
(x -k)2 + x2 = 2. The quadratic equation (x -k)2 + x2 = 2 has discriminant 4k2 -8(k2 -2) =
4(4 -k2). When the discriminant is 0, we find, for k = 2, the solution set is {(1, 1), (1, -1)},
and when k = -2, it is {(-1, 1), (-1, -1)}. When the discriminant is negative, there are no real
solutions x to the quadratic equation, hence no real solutions (x, y) to the system. When the
discriminant is positive, there are two distinct real solutions x1, x2 to the quadratic equation,
at least one of which must be non-zero; hence, the solutions to the system are (x1, \pmx1),
(x2, \pmx2) in this case, and these solutions are at least 3 in number.
Therefore, there are
exactly 2 values of k for which the system has exactly two distinct solutions, namely, k = \pm2.",255aaa
2010_level2_solutions.pdf,17,b,"Find the number of pairs of positive integers that have greatest common divisor 3! and the
least common multiple 18!.
(a) 2
(b) 26
(c) 27
(d) 218
(e) None of the above",":
3! = 2 \cdot 3
18! = 216 \cdot 38 \cdot 53 \cdot 72 \cdot 11 \cdot 13 \cdot 17
Both integers must have 2 and 3 as factors, and one of the integers must have no higher
power of 2, and one of the integers must have no higher power of 3.
I addition to the factors 2 and 3, the factors 215, 37, 53, 72, 11, 13 and 17 have to be divided
among the two integers, such that each of the factors appears in exactly one of the two
integers. Since there are 7 such factors, there are 27 ways to distribute these factors among
the two integers.
However, for each such way there will always be another way that will
produce the same pair of integers. Therefore there are 26 distinct pairs of integers satisfying
the given conditions.",256aaa
2010_level2_solutions.pdf,18,d,"If logy x + logx y = 7, then what is the value of

logy x
2
+
 
logx y
2?
(a) 40
(b) 43
(c) 45
(d) 47
(e) 49
ln y and logx y = lny",": We have logy x = ln x
ln x , so (logy x)(logx y) = 1. Thus (logy x +
logx y)2 = 72 = 49 gives (logy x)2 + (logx y)2 + 2 = 49, so (logy x)2 + (logx y)2 = 47.

2010 SVSU Math Olympics
Level II Solutions -- page 10 of 11",257aaa
2010_level2_solutions.pdf,19,c,"The circles in the figure shown are concentric. The chord shown is tangent
to the inner circle and has length 12.
What is the area of the shaded
region?
(a) 24\pi
(b) 32\pi
(c) 36\pi
(d) 40\pi
(e) 48\pi",": Let r and R be the radii of the small and the large circle,
respectively. The area of the shaded region is \piR2 -\pir 2 = \pi(R2 -r 2).
Since the chord is tangent to the inner circle, the triangle in the picture on the left is a right
triangle, and from the Pythagorean Theorem, R2 = r 2 + 62, and so R2 -r 2 = 36. So the area of
the shaded region is 36\pi.",258aaa
2010_level2_solutions.pdf,20,b,"How many 5-digit numbers with all digits non-zero and no digit repeated are divisible by 25?
(a) 360
(b) 420
(c) 450
(d) 480
(e) 500",": In base ten, a number is divisible by 25 if and only if its last two digits are 00,
25, 50, or 75. The first and third cases cannot happen here, since we require our digits to
be non-zero. The remaining two cases leave 7 digits left to fill in the first three digits of our
number, and there are 7 \times 6 \times 5 = 210 ways to complete the number in each case. So there
are a total of 2 \times 210 = 420 ways to choose such a number.",259aaa
2010_level2_solutions.pdf,21,e,"Each of two boxes contains 20 marbles, and each marble is either black or white. The total
number of black marbles is different from the total number of white marbles. One marble is
drawn at random from each box. The probability that both marbles are white is 0.21. What
is the probability that both are black?
(a) 0.22
(b) 0.23
(c) 0.24
(d) 0.25
(e) 0.26",": Let wi be the number of white marbles in box #i for i = 1, 2. The probability of
drawing two white marbles is w1
20 = 0.21, so w1w2 = 84 = 22 \cdot 3 \cdot 7. So one of the wi is
divisible by 7; say w1 is divisible by 7. Then w1 = 7, w2 = 12 or w1 = 14, w2 = 6. In the second
case, the total number of white marbles is 20, so the total number of black marbles must also
be 20, which contradicts our assumptions. Therefore, w1 = 7 and w2 = 12. The probability
that both marbles are black is 20-w1
20 \times w2
20
\cdot 20-w2
20
= 13
20 \cdot 8
20 =
26
100 = 0.26.",260aaa
2010_level2_solutions.pdf,22,d,"If the repeating decimal 0.8451 is represented by the fraction a
b, where a and b are positive
integers with no common factors greater than 1, find a + b.
(a) 303
(b) 4617
(c) 5211
(d) 6089
(e) 8451",": 0.8451 = 0.84 + 51 \times 0.0001 \times 1.01. Also, 1.01 = 1 + x + x2 + \cdot \cdot \cdot, where x = 0.01
so 1.01 =
1
1-0.01 =
100
99 .
Thus, 0.8451 = 0.84 + 51 \times 0.0001 \times 100
99
=
84
100 +
51
9900
= 84\times99+51
99 = 0.84 + 0.51
9900
= 84\times33+17
3300
= 2772+17
3300
= 2789
3300. The only divisors of 3300 greater than 1 are 2, 3, 5, and
11, none of which divides 2789, so this fraction is in lowest terms. So a = 2789, b = 3300,
and a + b = 6089.

2010 SVSU Math Olympics
Level II Solutions -- page 11 of 11
x , and if (f {\textopenbullet}g)(-1) = -1
2 and (f {\textopenbullet}g)(1) = -3",261aaa
2010_level2_solutions.pdf,23,d,"If f(x) =
a
x-4 and g(x) = b
2, find a + 3b.
(a) 6
(b) 7
(c) 8
(d) 9
(e) 10",": We have g(-1) = -b, g(1) = b, so f (g(-1)) =
a
-b-4 = -1
2 and f(g(1)) =
a
b-4 = -3",262aaa
2010_level2_solutions.pdf,24,e,"If sin x = 2 cos x, find the value of sin x cos x.
(a)
1
3
(b)
2
3
(c)
1
4
(d)
1
5
(e)
2
5",": Let T be a right triangle with hypotenuse of length 1 and interior angle x. Let a
and b be the adjacent and opposite side lengths, respectively. Then b = sin(x) = 2 cos(x) = 2a,
and a2 + b2 = 1. So 5a2 = 1 and a2 = 1",263aaa
2010_level2_solutions.pdf,25,c,"Given equilateral triangle ABC with AB = 2 and a point P in
the interior of ABC. Let S1, S2 and S3 be the perpendicular
distances from P to each side of the triangle ABC. What is
S1 + S2 + S3?
C
P
S1
S2
S3
(a) 2
(b)
\sqrt
2
A
B
(c)
\sqrt
3
(d) 3
(e) Not enough information given",": Draw line segments from P to each vertex A, B, and C. Let a, 2-a, b, 2-b, c, 2-c
be the lengths of the legs of the resulting six small triangles along the sides of the triangle
ABC. The sum of the areas of the six small triangles is 1
2aS1 + 1
2(2 -a)S1 + 1
2bS2 + 1
2(2 -b)S2 +
1
2cS3 + 1
2(2 -c)S3 = S1 + S2 + S3. Also, this sum must be the area of triangle ABC. The height
of triangle ABC can be found by dropping a perpendicular from C to side AB, which bisects
AB, so that 1 + h2 = 22 and h =
\sqrt",264aaa
2011_M_Olymp_Level_1_Sol.pdf,1,,"The Easter Bunny creates a giant chocolate Easter egg that weighs 20 pounds. It
is the exact same shape as a chocolate egg weighing 5 ounces. The egg that weighs
5 ounces is wrapped in 9 in2 of foil. How much foil needs to be used to wrap the
giant egg?
(a) 36 ft2
(b) 16 ft2
(c) 4 ft2
(d) 1 ft2
(e) none of the above
The answer is: (d)","If l is the linear scaling factor, then after converting pounds into ounces,
we have 20 \cdot 16 = 5l3. So then l3 = 20\cdot16
5
= 43 and l = 4.
Now to figure out how much foil x we need to wrap the giant egg, we use the linear
scaling factor l = 4 and write x = 9in2 \cdot l2 = 9in2 \cdot 16 = 144in2. Now converting it
in feet, 1 foot=12 inches, gives x =
144
12\cdot12 = 1ft.",265aaa
2011_M_Olymp_Level_1_Sol.pdf,2,,"Which of the following equations is the equation of a circle whose center is on
the line that bisects the first quadrant and that has no intercepts?
(a) x2 -6x + y2 -6y = -9
(b) x2 + 6x + y2 + 6y = -14
(c) x2 -6x + y2 -4y = -12
(d) 4x2 -24x + 4y2 -24y = -47
(e) none of the above
The answer is: (d)","We proceed by elimination. It is clear that equation
(a) x2 -6x + y2 -6y = -9 has intercepts, in fact letting either x = 0 or y = 0 we
get a solution, whereas (b), (c), and (d) have no intercepts. Now if the the center is
on the line that bisects the first quadrant we should expect the center to be on the
line y = x, i.e., to have coordinates of the form (x, x) and equation (c) doesn't have
such center. Equations (b) and (d) satisfy both conditions. Now the center of (b),
namely (-3,-3) is in the third quadrant, so it can't be (b). The center of (d) is (3,3)
in the first quadrant, so (d) is the answer.
1

SVSU 2011 Math Olympics
Solutions Level I-page 2 of 13",266aaa
2011_M_Olymp_Level_1_Sol.pdf,3,,"Which of the following equations could be the equation of the graph below.
(a) y = -5x2 -5
(b) y = x2 -4x -5
(c) y = x4 + x2 -5
(d) y = -(x -1)(x + 1)(x -5)
(e) none of the above
The answer is: (e)","We again proceed by elimination. It is clear from the graph that the
only zeros of the function are -1 and 1. We see that (a), (b), and (c) do not have
zeros at both 1 and -1, and (d) has a zero at 5. So the answer is none of the above.",267aaa
2011_M_Olymp_Level_1_Sol.pdf,4,,"How many triples of real numbers (x, y, z) satisfy the equations
xy = z,
yz = x,
zx = y?
(a) 5
(b) 1
(c) 4
(d) infinitely many
(e) none of
the above
The answer is: (a)","If one of the number is zero, then clearly all of them must be zero.
Suppose none of them is zero. Multiplying all equations we see that x2y2z2 = xyz
and thus xyz = 1. Since xy = z it follows that z2 = 1, i.e., z = \pm1. If z = 1
the other two of the given equations imply that either x = y = 1 or x = y = -1.
If z = -1 the other two of the given equations imply that either x = 1 = -y or
-x = 1 = y. Thus the solution is given by the triples
{(0, 0, 0), (1, 1, 1), (-1, -1, 1), (1, -1, -1), (-1, 1 -1)}.
So we have 5 such triples.
2

SVSU 2011 Math Olympics
Solutions Level I-page 3 of 13",268aaa
2011_M_Olymp_Level_1_Sol.pdf,5,,"Let a and b be real numbers satisfying the equations
a + b = 1,
a3 + b3 = 2011.
What is a2 + b2?
(a) 1
(b) 2010
(c) 1341
(d) 1851
(e) none of the
above
The answer is: (c)","We use the fact that a2 + b2 = (a + b)2 -2ab = 1 -2ab.
Next we
determine ab. Let p = ab. Then 2011 = a3 + b3 = (a + b)3 -3ab(a + b) = 1 -3p. So
p = -2010/3 = -670. Thus a2 + b2 = 1 -(2 \cdot -670) = 1341.",269aaa
2011_M_Olymp_Level_1_Sol.pdf,6,,"Which of the following quadratic polynomials f satisfies the property: ""f(n) is
an integer whenever n is an integer""?
(a) f(x) = x2 + x
2
(b) f(x) = x2
2
(c) f(x) = x2
2 + 1
2 + x
2 + 1
2 + x
2
(d) f(x) = x2 -x
2 -1
2
(e) none of the above
The answer is: (c)","Note that the quadratic functions (a), (b) and (d) do not satisfy the
desired condition at x = 0. Now for (c) f(x) = x2
2 = x2+x
2
= x(x+1)
2 + x
2
,
but x(x + 1) is even whenever x is an integer. Therefore x(x+1)
2
is integer whenever
x is integer. Hence (c) is the required quadratic.",270aaa
2011_M_Olymp_Level_1_Sol.pdf,2,,"How small can the number of socks
in the drawer be if the number of black socks is even?
(a) 7
(b) 14
(c) 21
(d) 25
(e) none of the above
The answer is: (c)","Let 2b be the number of black socks and r the number of red socks. Then
the probability to get only red socks is
r
2b+r \cdot
r-1
2b+r-1 = 1",271aaa
2011_M_Olymp_Level_1_Sol.pdf,2,,"2r(r -1) = (2b + r)(2b + r -1)
2r2 -2r = r2 + (4b -1)r + 4b2 -2b
r2 -(1 + 4b)r -(4b2 -2b) = 0
3

SVSU 2011 Math Olympics","s Level I-page 4 of 13
Using the quadratic formula, we have
r = 1 + 4b \pm
\sqrt
(1 + 4b)2 + 4(4b2 -2b)
2
r = 1 + 4b \pm
\sqrt
32b2 + 1
2
Now for b = 1, 2,
\sqrt
32b2 + 1 is not an integer. But b = 3 gives
\sqrt
32b2 + 1 = 17 and
so r = 1+4\cdot3+17
2
= 30
2 = 15.
Black socks number is 2b = 6 and red socks number is 15 for a total of 21 socks.",272aaa
2011_M_Olymp_Level_1_Sol.pdf,8,,"What is the smallest number of coins (pennies, nickels, dimes, quarters, and half
dollars) with which you can pay out any amount from 1 cent to 99 cents?
(a) 8
(b) 9
(c) 10
(d) 12
(e) none of the above
The answer is: (b)","The easiest way to see the answer is to start with small amounts and
work our way up. So the only way to pay out 4 cents is with 4 pennies so we need
at least 4 pennies. To have more than 4 pennies, however, would be wasteful as
we can start to use nickels after this. With 4 pennies and one nickel we can make
every amount less than a dime. Once we reach 10 cents there is no need to use more
nickels and pennies so we start to use dimes. With 4 pennies, 1 nickel, and 1 dime
we get every amount up to 19 cents. With 4 pennies, 1, nickel and 2 dimes we get
up to 29 cents. At this point we introduce 1 quarter and then finally 1 half dollar
to get every amount up to and including 99 cents. So we need a total of 9 coins.
Note that instead of two dimes one could use 2 nickels.",273aaa
2011_M_Olymp_Level_1_Sol.pdf,9,,"A fair coin is tossed 10 times. What is the probability that exactly five of the
tosses come up heads and five of them tails?
(a) 1
2
(b) 63
256
(c) 64
256
(d)
5
128
(e) none of the above
The answer is: (b)","The total number of possible outcomes is 210 since each tosses must be
either heads or tails, and each outcome is equally likely. The total number of ways
in which five of them can be heads is the binomial coefficient
( 10
5
)
.
We have
( 10
5
)
= 10!
5!5!
4

SVSU 2011 Math Olympics
Solutions Level I-page 5 of 13
Thus the answer is
10!
5!5!210 = 252
1024 = 63
256.",274aaa
2011_M_Olymp_Level_1_Sol.pdf,10,E,"How many zeros are at the end of 17!? (Recall that n! is the product of the
first n positive integers, that is 2! = 2 \cdot 1, 3! = 3 \cdot 2 \cdot 1, and so on)
(a) 2
(b) 3
(c) 17
(d) 21
(e) none of the above
The answer is: (b)","ach zero at the end of n! represents one time that 10 divides n!. So
the question to answer is how many times does 10 divide 17!? Since 10 = 5 \cdot 2 we
need to count how many times 5 divides 17! and then how many times 2 divides 17!.
Looking at the number of factors in 17! that are divisible by 5 we find 3, namely
5, 10, and 15. There are certainly more than 3 factors of 2 in 17! as the factor 16
alone has 4 two's. So there will be exactly 3 zeroes at the end of 17!.",275aaa
2011_M_Olymp_Level_1_Sol.pdf,11,A,"A train moving 45 miles per hour meets and is passed by a train moving 35
miles per hour in a opposite direction. A passenger in the first train sees the second
train takes 6 seconds to pass him. How long is the second train?
(a) 701 feet
(b) 698 feet
(c) 704 feet
(d) 710 feet
(e) none of the above
The answer is: (c)","s the two trains are moving at the same time the speed of the other
train should appear to the passenger as 45 mph +35 mph. Now using convertion of
1 mile = 5280 feet and 1 hour=3600 seconds, we have
(45 + 35) \cdot 5280 \cdot 6
3600
= 704 feet.",276aaa
2011_M_Olymp_Level_1_Sol.pdf,12,,"Each morning Boris walks to school at a constant rate. At one-fourth of the
way he passes the tractor station. At one-third of the way, the railroad station. At
the tractor station its clock shows 7:30 A.M., and at the railroad station its clock
shows 7:35 A.M. When does Boris reach school?
(a) 8:10 A.M.
(b) 8:15 A.M.
(c) 8:20 A.M.
(d) 8:25 A.M.
(e) none of the above
The answer is: (b)
5

SVSU 2011 Math Olympics","s Level I-page 6 of 13
Solution: Boris's speed is ( 1
3 -1
4)\div5 = 1
60 (total distance per minute). So he needs
60 minutes for the total distance, i.e., 15 minutes for the first one-fourth of the way
and 40 minutes for the last two third of the way. So Boris reaches school at
7:35 A.M + 40 minutes=8:15 A.M.",277aaa
2011_M_Olymp_Level_1_Sol.pdf,13,,"If Peter Piper can pick a peck of pickled peppers in 2 hours, and Tom Thumb
can do it in 3 hours, and Mary Mary can do it in 5 hours, how long will it take them
working all together?
(a) 31/3 hours
(b) 30/31 of an hour
(c) 16/15 hours
(d) one hour and 2 minutes
(e) none of the above
The answer is: (b)","If t is the time for all of them to complete the job together, we have
(1/2)t + (1/3)t + (1/5)t = 1
Solving for t gives t = 30/31 of an hour.",278aaa
2011_M_Olymp_Level_1_Sol.pdf,14,,"If r1 and r2 are solutions of the equation x = a
\sqrt
x + k2, then r1 + r2 =?
(a) a2
(b)
k2
1-a
(c) 0
(d) a
\sqrt
a2 + 4ak2
(e) none of
the above
The answer is: (a)","From x = a
\sqrt
x + k2, squaring both sides of the equality gives
x2 = a2(x + k2), i.e.,
x2 -a2x -a2k2 = 0
(*).
Note that for every quadratic equation ax2 + bx + c = 0, any two solutions x1
and x2 if exist, satisfy x1 + x2 = -b
a and x1 \cdot x2 = c
a. So any two solutions r1 and r2
of the quadratic equation (*) satisfy r1 + r2 = a2.
2, -3",279aaa
2011_M_Olymp_Level_1_Sol.pdf,15,,"For all x such that x ̸= 5, 3
2 , 0, what is
2
x-5 -
14
2x2-13x+15 equal to?
4
x
2-3
(a)
4
2x-3
(b) 8x+12
4x2-9
(c)
x
(d) all of the above
(e) none of the above
The answer is: (d)","6

SVSU 2011 Math Olympics
Solutions Level I-page 7 of 13
2
x -5 -
14
2x2 -13x + 15 =
2
x -5 -
14
(x -5)(2x -3)
= 2(2x -3) -14
(x -5)(2x -3)
=
4x -20
(x -5)(2x -3)
Now when x ̸= 5, \pm3
2, 0, we do have
2
x -5 -
14
2x2 -13x + 15 =
4x -20
(x -5)(2x -3) =
4(x -5)
(x -5)(2x -3) =
4
2x -3
So it does satisfy (a). The two lines below show that it also does satisfy (b) and (c).
8x + 12
4x2 -9 =
4(2x + 3)
(2x + 3)(2x -3) =
4
2x -3
4
x
2 -3
4
x \cdot x
(2 -3
x
=
4
2x -3
Hence the correct answer is all of the above.
x) \cdot x =
4
2x -3x
x
=",280aaa
2011_M_Olymp_Level_1_Sol.pdf,16,,"Let x, y, z be real numbers. Suppose that (x + 1)(y + 1)(z + 1) ̸= 0, and
x
x + 1 +
y
y + 1 +
z
z + 1 = 1.
Find all possible values of the quantity 2xyz + xy + yz + zx for all x, y, z with the
above properties.
(a) 1
(b) 0, 2, or 3
(c) 0
(d) infinitely many values
(e) none of the above
The answer is: (a)","Multiply both side of the equation by (x + 1)(y + 1)(z + 1), the non-zero
common denominator, and simplify,
x(y + 1)(z + 1) + y(x + 1)(z + 1) + z(x + 1)(y + 1) = (x + 1)(y + 1)(z + 1)
3xyz + 2xy + 2yz + 2zx + x + y + z = xyz + xy + yz + zx + x + y + z + 1
Now collect and cancel similar terms, to obtain
2xyz + xy + yz + zx = 1.
7

SVSU 2011 Math Olympics
Solutions Level I-page 8 of 13",281aaa
2011_M_Olymp_Level_1_Sol.pdf,17,,"Suppose a glass has a square base of side 2 units and height 2 units. A spider is
standing at the center of the bottom of a glass. The spider wants to reach a delicious
ant that is standing at one of the top corners of the glass. Assume the spider walks
at a constant speed on the surface of the glass and the ant, unaware of the danger,
does not move. What distance should the spider walk to have her meal as quickly
as possible?
(a) 2 +
\sqrt
2
(b) 1 +
\sqrt
5
(c)
\sqrt
10
(d) 2
\sqrt
2
(e) none of the
above
The answer is: (c)","To answer this question more quickly, flatten the glass, and join the
center of the square base to a ""corner"" on the rim of the glass with a straight line
(see figure). That is the shortest path. Its length, by Pythagorean theorem since it
is the hypotenuse of a right triangle with sides 1 and 3 units long, is
\sqrt",282aaa
2011_M_Olymp_Level_1_Sol.pdf,18,,"A quartet with 4 different instruments wants to play something (silence doesn't
count) with each possible combination of instruments. How many ways can this be
done?
(a) 15
(b) 10
(c) 24
(d) 18
(e) none of the above
The answer is: (a)","Since the silence doesn't count, the quartet might use exactly one in-
strument and in that case the possibilities are
)
= 4!
( 4
1
1!3! = 4,
or exactly two instruments with possibilities
)
= 4!
( 4
2
2!2! = 6,
8

SVSU 2011 Math Olympics
Solutions Level I-page 9 of 13
or exactly three instruments with possibilities
( 4
3
)
= 4!
3!1! = 4,
or finally exactly four instruments with possibility
( 4
4
)
= 4!
4!0! = 1.
Thus the total possibilities are 4 + 6 + 4 + 1 = 15.",283aaa
2011_M_Olymp_Level_1_Sol.pdf,19,,"Which x is a solution of the equation x3 + 3x -4 = 0?
(a) x = (2 +
\sqrt
5)1/3 + (2 -
\sqrt
5)1/3
(b) x = (2 +
\sqrt
5)1/3 -(2 -
\sqrt
5)1/3
(c) 0
(d) 2
(e) none of the above
The answer is: (a)","We proceed by testing out each given x. It is clear that cases (c) and
(d) are eliminated. Let see if (a) satisfies the equation:
x3 =
[
(2 +
\sqrt
5)1/3]3
5)1/3 + (2 -
\sqrt
5 + 3(2 +
\sqrt
5)2/3(2 -
\sqrt
5)1/3 + 3(2 +
\sqrt
5)1/3(2 -
\sqrt
5)2/3 + (2 -
\sqrt
= 2 +
\sqrt",284aaa
2011_M_Olymp_Level_1_Sol.pdf,20,,"Find real numbers A, B and C so that for all real numbers x ̸= 0, 3, -1, the
following identity holds
1
x(x -3)(x + 1) = A
x +
B
x -3 +
C
x + 1
(a) A = -1/3, B = 1/12, C = 1/14
(b) A = 1/3, B = -1/12, C = 1/14
(c) A = -1/2, B = 1/4, C = 1/12
(d) A = -1/3, B = 1/12, C = 1/4
(e) none of the above
9

SVSU 2011 Math Olympics","s Level I-page 10 of 13
The answer is: (d)
Solution:
This is a standard problem on partial fraction decomposition.
We
multiply the right hand side and the left hand side by the common denominator
x(x -3)(x + 1), and we are left with the identity
1 = A(x -3)(x + 1) + Bx(x + 1) + Cx(x -3).
Next we use the fact that two polynomials are equal if and only if all their coefficients
coincide. After simplifying and collecting terms on the right-hand-side, we get
0x2 + 0x + 1 = (A + B + C)x2 + (-2A + B -3C)x -3A.
This translates into a system of three linear equations in the 3 unknowns A, B, and
C, namely:
A + B + C = 0,
-2A + B -3C = 0,
-3A = 1.
We deduce immediately that A = -1/3 and substituting it in the two first equation
gives a system of two linear equations in 2 unknowns B and C
B + C = 1/3,
B -3C = -2/3.
which can be solved by elimination (or any of your favorite methods) and we get
B = 1/12 and C = 1/4.",285aaa
2011_M_Olymp_Level_1_Sol.pdf,21,,"An equation of the parabola through the three points (0, 1), (1, 4), (2, 9) is:
(a) f(x) = -x2+4x+1
(b) f(x) = x2-2x+1
(c) f(x) = 2x2+2x+1
(d) f(x) = x2 + 2x + 1
(e) none of the above
The answer is: (d)","1: This can be done just by checking that only (d) f(x) = x2 + 2x + 1
passes through the 3 given points. In fact, f(0) = 1, f(1) = 4 and f(2) = 9.
Solution 2: Let f(x) = ax2 + bx + c be the equation of the parabola. We are given
f(0) = 1 ( i.e., c = 1), f(1) = 4 and f(2) = 9. The two last equations give the
system:
a + b + 1 = 4,
4a + 2b + 1 = 9.
Solving it gives a = 1 and b = 2. Hence f(x) = x2 + 2x + 1.
10

SVSU 2011 Math Olympics
Solutions Level I-page 11 of 13",286aaa
2011_M_Olymp_Level_1_Sol.pdf,22,,"The unit used for measuring the steepness of a hill is the ""grade"". A grade of
a to b means the hill rises a vertical units for every b horizontal units. If at some
point, the hill is 3ft above the horizontal and the angle of elevation \alpha to that point
is 30{\textopenbullet}, what is the approximate grade to the nearest integer of this hill?
(a) 3 to 5
(b) 3 to 6
(c) 3 to 7
(d) 3 to 8
(e) 7 to 10
The answer is: (a)","Having a = 3, it is enough to find the corresponding value of b. Since
\alpha = 30{\textopenbullet}, the triangle is half of an equilateral triangle, so the hypotenuse must be",287aaa
2011_M_Olymp_Level_1_Sol.pdf,23,,"A circular corral was constructed with 600ft of barbed wire fence. Another
circular corral with twice the area was constructed with the same type of fence.
How much barbed wire was needed for the second?
(a) 1200ft
(b) 600
\sqrt
2
(c) 2400
(d) 1200
\sqrt
2
(e)
none of the above
The answer is: (b)","If R1 is the radius of the corral C1 enclosed with 600ft of fencing and
R2 the radius of the corral C2 such that the area of C2 is the double of C1, then
\piR2
2 = 2\piR2
1, i.e. R2 = R1
\sqrt",288aaa
2011_M_Olymp_Level_1_Sol.pdf,24,,"Two concentric circles are drawn, the smaller with radius r and the larger
with radius R. A central angle is drawn, such that the rays intersect each circle as
shown in the figure. Given that the area of the triangle in the larger circle is three
times the area of the corresponding triangle in the smaller circle, give the area lying
between the two circles in terms of r.
(a) 2\pir2
(b)
\sqrt
3\pir2
(c) (
\sqrt
3 -1)\pir2
(d) \pir2
(e)
none of the above
The answer is: (a)","1:
Note that the small triangle (height h and base b) and the big one (height H and
base B) are similar. So
H
h = B
b = R
r .
Since the area of the big one is three times the area of the small one, we have
1
2BH = 3 1
2bh, i.e.,
H
h
B
b = 3.
Thus, using the relation of similar triangles, we
have
R2
r2
= 3, i.e., R2 = 3r2.
Hence the area lying between the two circles is
\piR2 -\pir2 = 3\pir2 -\pir2 = 2\pir2.
Solution 2: Using the area of the triangle in terms of the angle gives
1
2R2 sin \theta = 3 1
2r2 sin \theta. So R = r
\sqrt",289aaa
2011_M_Olymp_Level_1_Sol.pdf,25,,"A problem to celebrate the new year 2011, what are the last three digits of
20115?
(a) 121
(b) 051
(c) 131
(d) 641
(e) none of the
above
The answer is: (b)","Thinking of 2011 as 2000+11, when we raise this to the fifth power, all
terms in the expansion will have a factor of 2000 in them except the last 115. Any
number with the factor of 2000 ends with 3 zeros and so does not affect the three
last digits. As to 115 its last three digits are 051 and so 051 are the three last digits
of 20115.
13",290aaa
2011_M_Olymp_Level_2_Sol.pdf,1,,"i -1
2 -1
3 -1
4 -1
n -1
(a) log
(
n(n+1)
2
)
(b) log(n + 1)
(c) log(n + 1) + log n -log 2 -1
(d) log n(n+1)
log 2
(e) none of the above
The answer is: (a)","i=2
log
(i + 1
)
=
n
\sum
n
\sum
i=2
log(i + 1) -log(i -1)
i -1
= (log 3 -log 1) + (log 4 -log 2) + (log 5 -log 3) + . . . + (log(n -2) -log(n -4))+
(log(n -1) -log(n -3)) + (log(n) -log(n -2)) + (log(n + 1) -log(n -1))
= -log 1 -log 2 + log(n) + log(n + 1)
= log(n + 1) + log(n) -log 2
= log
(n(n + 1)
)
2
Note that the central negative terms cancelled out with one term on the left and another
on the right, except the edges where one of them is missing. This is an example of the double
telescopic sum. The very last equality uses logarithmic function properties.
n
\sum
1
k(k + 1)(k + 2) = 1
4 -1",291aaa
2011_M_Olymp_Level_2_Sol.pdf,2,,"Find an integer m in terms of n such that
m.
k=1
(a) m = 2n(n + 1)(n + 2)
(b) m = (n -1)n(n + 2)
(c) m = 2(n + 1)(n + 2)
(d) m = n(n + 1)(n + 2)
(e) none of the above
The answer is: (c)
1

SVSU 2011 Math Olympics","Level II-page 2 of 12
Solution 1: We can find numbers A, B, and C such that
1
k(k + 1)(k + 2) = A
k +
B
k + 1 +
C
k + 2,
in this case A = C = 1/2, B = -1. Therefore,
)
(1
n
\sum
n
\sum
1
k(k + 1)(k + 2) = 1
k -
2
k + 1 +
1
k + 2
2
k=1
k=1
By expanding the sum as in problem 1., the central negative terms cancelled out one term
on the left and another on the right, except the edges where one of them is missing. This is
another example of a double telescopic sum as in problem 1. Cancelling everything there is
to be cancelled, we are left with,
[
1 -1
]
= 1
[1
]
= 1
n
\sum
1
k(k + 1)(k + 2) = 1
2 -
1
n + 1 +
1
n + 2
2 -
1
(n + 1)(n + 2)
4-
1
2(n + 1)(n + 2).
2
2
k=1
We conclude that m = 2(n + 1)(n + 2).
Solution 2: A clever solution is to use telescopic sum of the simplest type, i.e.,
n
\sum
k=1
(ak -ak+1) = (a1 -a2) + (a2 -a3) + . . . + (an-1 -an) + (an -an+1) = a1 -an+1
Now if we use a partial fraction decomposition into two terms,
1
k(k + 1)(k + 2) =
1/2
k(k + 1) -
1/2
(k + 1)(k + 2).
Thus our sum S is a telescopic sum with term ak =
1
2k(k+1),
(
1
2k(k + 1) -
1
2(k + 1)(k + 2)
)
= 1
n
\sum
4 -
1
2(n + 1)(n + 2).
S =
k=1
So m = 2(n + 1)(n + 2).",292aaa
2011_M_Olymp_Level_2_Sol.pdf,3,,"Let p(x) = 12x+115. Find the smallest integer n \ge1 so that p(n) is not a prime number.
(a) 5
(b) 3
(c) 10
(d) 11
(e) none of the above
The answer is: (a)","Note that L(1), L(2), L(3), and L(4) are all prime numbers but
L(5) = 175 is not a prime number. So x = 5.
2

SVSU 2011 Math Olympics
Solution Level II-page 3 of 12",293aaa
2011_M_Olymp_Level_2_Sol.pdf,4,,"If sin(\alpha + \beta) = 1 and sin(\alpha -\beta) = 1
2, for 0 < \alpha, \beta < \pi
2, what is tan(\alpha + 2\beta)?
(a) -
\sqrt
3
(d)
\sqrt
3
(b) undefined
(c)
1
\sqrt
3
(e) none of the above
The answer is: (a)","If sin(\alpha + \beta) = 1 with 0 < \alpha, \beta < \pi
2, then \alpha + \beta = \pi",294aaa
2011_M_Olymp_Level_2_Sol.pdf,5,,"Let a and b be real numbers satisfying the equations
a + b = 1,
(a2 + b2)(a3 + b3) = 26.
What is a2 + b2?
(a) 26
(b) 4
3
(c) 13
3
(d) 5
2
(e) none of the above
The answer is: (c)","We use the fact that a2 + b2 = (a + b)2 -2ab = 1 -2ab. Next we determine
ab. Let p = ab. From 26 = (a2 + b2)(a3 + b3) = ((a + b)2 -2ab)((a + b)3 -3ab(a + b)) =
(1 -2p)(1 -3p) = 6p2 -5p + 1. Thus 6p2 -5p -25 = 0 i.e., (3p + 5)(2p -5) = 0 and so
p = -5/3 or p = 5/2. The solution p = 5/2 gives a2 + b2 = -4, which is not possible. Hence
a2 + b2 = 13/3 with p = -5/3.",295aaa
2011_M_Olymp_Level_2_Sol.pdf,6,A,"For how many integers n in the set {1, 2, . . . , 2011} is n4 -n3 a cube?
(a) 25
(b) 13
(c) 15
(d) 30
(e) none of the above
The answer is: (b)","s n4 -n3 = n3(n -1), n -1 has to be a cube, so the solution is an integer k
such that n = k3 + 1 \le2011. So k3 \le2010. Since 123 < 2010 and 133 > 2010 it follows that
there are thirteen k's, k = 0, 1, 2, . . . , 12, hence, 13 n's as required.
3

SVSU 2011 Math Olympics
Solution Level II-page 4 of 12",296aaa
2011_M_Olymp_Level_2_Sol.pdf,7,,"Joey has a slushy stand. He has found that if he charges $1.25 per slushy he can sell 150
slushies per day. For each 2 cents raise in price per slushy, he sells 1 less slushy per day. It
costs him 25 cents to make a slushy. What price will maximize his profit?
(a) $1.00
(b) $6.25
(c) $1.06
(d) $6.38
(e) none of the above
The answer is: (e)","Let n be the number of slushies sold per day and p the price of each slushy. Then
the number of slushies is a linear function of the price through points (1.25, 150) and slope
-1
.02 = -50 and we have the equation n = -50p + 212.5. The total cost of making n slushies
is .25n = .25(-50p + 212.5) = -12.5p + 53.125. The total revenue is pn = -50p2 + 212.5p.
So now the profit as a function of p is
-50p2 + 212.5p -(-12.5p + 53.125) = -50p2 + 225p -53.125,
is an open downward parabola with the maximum at the vertex point. Thus p = -225/2 \cdot
-50 = 2.25. Hence a unit price of $ 2.25 will maximize the profit.",297aaa
2011_M_Olymp_Level_2_Sol.pdf,8,,"An anagram of a word is another word (not necessarily belonging to the English language)
made up of the same letters. So the word ""mom"" has three anagrams, namely ""mmo"",
""mom"", and ""omm"". How many anagrams are there of ""Mississippi""?
(a) 11!
(b) 11!
16
(c)
11!
1152
(d) 11!
24
(e) none of the above
The answer is: (c)","We have a total of 11 words, so if we permute them, we get a total of 11! outcomes.
But there are repetitions of ""i"" 4 times, ""s"" 4 times and ""p"" 2 times, so we must divide the
total of possibilities by 4! \cdot 4! \cdot 2!. Hence the number of possible anagrams is
11!
4!\cdot4!\cdot2! =
11!
1152.",298aaa
2011_M_Olymp_Level_2_Sol.pdf,9,,"If \theta is an angle in the first quadrant, and 3 cos \theta -4 sin \theta = 2, what is the value of
3 sin \theta + 4 cos \theta?
(a) 2
(b)
\sqrt
21
(c)
\sqrt
5
(d) -2
(e) none of the above
The answer is: (b)","It is easy to see that
(3 cos \theta + 4 cos \theta)2 + (3 cos \theta -4 sin \theta)2 = 25.
Therefore (3 cos \theta + 4 cos \theta)2 = 21. Hence (3 cos \theta + 4 cos \theta) =
\sqrt",299aaa
2011_M_Olymp_Level_2_Sol.pdf,10,,"Which of the following is a solution to the equation 8 cos2 \theta -8 cos \theta + 1 = 0?
4
(b) cos-1 (
1
2
\sqrt
)
(c) \pi
3
(d) \pi
(a) \pi
8
(e) none of the above
2
The answer is: (e)","Setting x = cos \theta, we have 8x2 -8x + 1 = 0. Using the quadratic formula, we
4
2
=
\sqrt
8 =
\sqrt
2+
\sqrt
have x = 8\pm
\sqrt
32
16
= 2\pm
\sqrt
2
4
. So cos \theta = 2\pm
\sqrt
4 =
\sqrt
1+cos \pi
2
2
, and
cos \pi
2
4
. Now cos \pi
2
2 , cos \pi
3 = 1",300aaa
2011_M_Olymp_Level_2_Sol.pdf,11,,"An integer-valued point in the xy-plane is a point (a, b) where both a and b are integers.
How many integer-valued points are on or inside a circle of radius 4 centered at the origin?
(a) 50
(b) 21
(c) 49
(d) 7
(e) none of the above
The answer is: (c)","We want to count the number of points (a, b) where a and b are integers satisfying
\sqrt
a2 + b2 \le4.
The various possibilities are exhaustive: if b = 0 then a can be any integer from -4 to 4 so
this is 9 points. If b = \pm1 there 7 possible values for a, ranging from -3 through 3. When
b = \pm2 there are still 7 values for a, from -3 through 3. When b = \pm3 there are now 5 values
of a, ranging from -2 to 2. And finally the only possibility for b = \pm4 is when a = 0. Adding
all of this up gives
9 + 7 + 7 + 7 + 7 + 5 + 5 + 1 + 1 = 49.",301aaa
2011_M_Olymp_Level_2_Sol.pdf,12,,"Suppose E is the foot of the perpendicular from C to diagonal BD in rectangle ABCD.
If the lengths of perpendiculars from E to AD and AB are a and b, respectively, express the
length d of diagonal BD in terms of a and b.
(a) d = (a2/3 + b2/3)3/2
(b) d = b/a
(c) d = a/b
(d) d = (a2 + b2)2/3
(e) none of the above
The answer is: (a)","Let F and G be the feet of the perpendicular dropped from E onto sides
DA and AB respectively.
Let d1 be the length of DE and d2 be the length of EB.
5

SVSU 2011 Math Olympics
Solution Level II-page 6 of 12
Denote by \theta the angle \angle DBA, note that
\theta = \angle DBA = \angle DEF = \angle ECB = \angle EDC.
Also note that, d1 = a sec \theta, and d2 = b csc \theta.
From \bigtriangleupCDE, we get CE = d1 tan \theta.
From \bigtriangleupBCE, we get CE = d2 cot \theta.
Therefore, d1tan\theta = d2 cot \theta, i.e., a sec \theta tan \theta = b csc \theta cot \theta, finally tan3 \theta = b/a.
Now d = d1 + d2 = a sec \theta + b csc \theta = a
\sqrt
1 + tan2 \theta + b
\sqrt
1 + cot2 \theta. Substituting tan3 \theta = b/a
and cot3 \theta = a/b in the expression of d yields d = (a2/3 + b2/3)3/2.",302aaa
2011_M_Olymp_Level_2_Sol.pdf,13,,"Semicircles are drawn on two sides of a rectangle ABCD in which the longer side AB is
twice the length of the shorter side AD, as shown. QAP is a line segment with segment QA
of length 5cm and segment AP with length 24cm. What is the length of the shorter side?
(a)
5
\sqrt
2
(b) 13
(c) 12
(d)
2
\sqrt
2
(e) none of the above
The answer is: (b)","This solution use similar triangles and the Pythagorean theorem.
First, we note that \bigtriangleupDAQ is similar to \bigtriangleupABP, symbolically, \bigtriangleupDAQ \sim\bigtriangleupABP. Indeed,
both triangles have one angle equal to 90{\textopenbullet}while at the vertex A we have \angle QAD +\angle PAQ =
90{\textopenbullet}since \angle DAB = 90{\textopenbullet}. Since the sum of all angles in a triangle is 180{\textopenbullet}it follows that
\angle QAD = \angle PBA.
Now since \bigtriangleupDAQ \sim\bigtriangleupABP, we have
DA
AB = AQ
BP = DQ
AP .
6

SVSU 2011 Math Olympics
Solution Level II-page 7 of 12
Let DA = x. Since we are given that the side AB of the rectangle is twice longer than the
side DA, we have AB = 2DA = 2x. The above identity can be written as
x
2x =
5
BP = DQ
24 ,
which shows that DQ = 12. Now, the Pythagorean theorem applied to \bigtriangleupDAQ gives x2 =
122 + 52, i.e., x = 13.",303aaa
2011_M_Olymp_Level_2_Sol.pdf,14,,"If ABCD is a square with side AB of length 1cm and the segments AA1,A1B1, C1D1,
and D1D all have length 1
4cm, what is the area of the quadrilateral EFGH?
See the figure for the location of the points.
(a)
1
12
(b)
1
48
(c)
1
96
(d) 1
8
(e) none of the above
The answer is: (b)","Using similar triangles \bigtriangleupAFA1 \sim\bigtriangleupC1DF, the first one is twice smaller that the
second, we see that F is at distance 2/3 from DC. On the other hand, both, E and G are
at distance 1/2 from DC. Now using the areas of the triangles \bigtriangleupDC1F, \bigtriangleupDD1E, \bigtriangleupDD1H
we see that the area of the quadrilateral EFGH is
Area \bigtriangleupDC1F -Area \bigtriangleupDD1E -Area \bigtriangleupDC1G + Area \bigtriangleupDD1H
= 1
2(2
3 \cdot 1
2 -1
2 \cdot 1
4 -1
2 \cdot 1
2 + 1
3 \cdot 1",304aaa
2011_M_Olymp_Level_2_Sol.pdf,15,,"A writes a letter to B and does not receive an answer. Assuming that in general one
letter in n is lost in the mail, where n is some fixed integer. Find the probability that B
received the letter. It is to be assumed that B would have answered the letter if he had
received it.
(a) n-1
n
(b) n-1
n2 + n-1
n
(c) n-1
n2
(d)
n-1
2n-1
(e) none of the above
The answer is: (d)
7

SVSU 2011 Math Olympics","Level II-page 8 of 12
Solution: We know A did not receive an answer from B. We want to find the chance that
the reason for this is that B's response to A was lost.
A sent a letter successfully and B sent a letter that was lost has n-1
n \cdot 1
n chance of happening.
The only other explanation for A not getting a response is that A sent a letter that was
lost. This has a 1
n chance of happening.
Now we know that A did not get a response from B. The chance that the cause is that B
response was lost is
n-1
n \cdot 1
n
=
n -1
n -1 + n = n -1
n
n-1
2n -1.
n \cdot 1
n + 1",305aaa
2011_M_Olymp_Level_2_Sol.pdf,16,C,"In the game show ""Let's Make a Deal"", a contestant is presented with 3 doors. There
is a prize behind one of the doors, and the host of the show knows which one. When the
contestant makes a choice of door, at least one of the other doors will not have a prize, and
the host will open a door (one not chosen by the contestant) with no prize. The contestant
is given the option to change his choice after the host shows the door without a prize. If the
contestant switches doors, what is the probability that he gets the door with the prize?
(a) 1
3
(b) 1
6
(c) 2
3
(d) 1
2
(e) none of the above
The answer is: (c)","ontestant's first choice has a 1/3 chance of being a prize door. If this is the
case, when he switches, he is assured of choosing a door with no prize.
Contestant's first choice has a 2/3 chance of being a ""no prize"" door. If this is the case,
when he switches, he is assured of choosing the door with the prize, because the other ""no
prize"" door has been eliminated by the host.
Hence if the contestant switches doors, the probability he gets the prize is 1/3(0)+2/3(1) =
2/3.",306aaa
2011_M_Olymp_Level_2_Sol.pdf,17,,"Suppose f(x) = ax + b. If f(f(f(x))) = 125x + 155, what is a + b?
(a) 5
(b) 13
(c) 17
(d) 10
(e) none of the above
The answer is: (d)","f(f(f(x))) = a(a(ax+b)+b)+b = a3x+a2b+ab+b. So if f(f(f(x))) = 125x+155,
then a = 5 and (25 + 5 + 1)b = 155, so b = 5. Hence a + b = 10.
8

SVSU 2011 Math Olympics
Solution Level II-page 9 of 12",307aaa
2011_M_Olymp_Level_2_Sol.pdf,18,B,"Consider a right triangle \perp\bigtriangleupABC with a and b being the perpendicular legs and c the
hypotenuse. If the triangle ABC is inscribed in a circle with radius r, find a2 + b2 + c2.
(a) 4r2
(b) 8r2
(c) 16r2
(d) 32r2
(e) none of the above
The answer is: (b)","y Pythagorean Theorem, a2 + b2 = c2. Any right triangle inscribed in a circle
has the diameter as its hypotenuse. So c = 2r and a2+b2 = (2r)2 = 4r2. Hence a2+b2+c2 =
4r2 + 4r2 = 8r2.",308aaa
2011_M_Olymp_Level_2_Sol.pdf,19,,"Which of the following equations have the same graph?
I.
y = x + 4
II.
(x -4)y = x2 -16
III.
y = x2 -16
x -4
(a) I and II only
(b) I and III only
(c) II and III only
(d) I, II, and III
(e) none of the above
The answer is: (e)","Graph I is a line.
Graph II is the intersection of two lines: (x -4)y = x2 -16 implies that
(x -4)y -(x -4)(x + 4) = 0, i.e., (x -4)(y -x -4) = 0. Thus x = 4 or y = x + 4.
Graph III is a line with a hole, it is in fact not defined at x = 4.",309aaa
2011_M_Olymp_Level_2_Sol.pdf,20,,"If f(2x) =
4
4+x, then 2f(x) =?
(a)
8
4+x
(b)
4
2+x
(c)
4
4+x
(d)
16
8+x
(e) none of the above
The answer is: (d)","Note that if f(2x) =
4
4+x, then f(x) = f(2\cdot 1
2 x =
8
8+x. Thus 2f(x) =
16
8+x.
2x) =
4
4+ 1
x for all x ̸= 0, 1, then f(tan2 \theta) =?",310aaa
2011_M_Olymp_Level_2_Sol.pdf,21,,"If f(
x
1-x) = 1
(a)
1
tan2 \theta
(b) tan2 \theta
(c) sec2 \theta
(d) csc2 \theta
(e) none of the above
The answer is: (d)
9

SVSU 2011 Math Olympics","Level II-page 10 of 12
x for all x ̸= 0, 1. Set
x
1-x = tan2 \theta. Then solving for x gives
Solution 1: Let f(
x
1-x) = 1
sec2 \theta = sin2 \theta
x =
tan2 \theta
1 + tan2 \theta = tan2 \theta
cos2 \theta \cdot cos2
1
= sin2 \theta.
So f(tan2 \theta) =
1
sin2 \theta = csc2 \theta.
Solution 2: Let f(
x
1-x) = 1
x for all x ̸= 0, 1. Set a =
x
1-x. Solving for x gives x =
a
1+a. So
then f(a) =
1
a
1+a = 1+a
a . Thus,
f(tan2 \theta) = 1 + tan2 \theta
tan2 \theta
= sec2 \theta
tan2 \theta = csc2 \theta.",311aaa
2011_M_Olymp_Level_2_Sol.pdf,22,,"Find the distance between two nonintersecting diagonals on two adjacent sides of a cube
with side a.
(a) 0
(b) a
(c)
a
\sqrt
3
(d) a
\sqrt
2
(e) none of the above
The answer is: (c)","1:
Let AB1 and BC1 be the two nonintersecting adjacent diagonals (see figure).
AB1 is
parallel to DC1, so AB1 is parallel to plane DBC1. Let h be the orthogonal projection of B1
onto plane DBC1. Then h is the distance between the two diagonals AB1 and BC1. Note
that h is the height of the pyramid DBCB1 with volume that can be written in two ways
\sqrt
3
2 a2
(DB = BC1 = DC1 = a
\sqrt
V = 1
3h \cdot ADBC = 1
3h \cdot",312aaa
2011_M_Olymp_Level_2_Sol.pdf,23,B,"Find all positive integers n such that 1 < n < 1000 with the following property: the
remainder when n is divided by 4 is 1, the remainder when n is divided by 7 is 1, the
remainder when n is divided by 25 is 1.
(a) n = 337
(b) n = 700
(c) n = 64
(d) n = 701
(e) none
of the above
The answer is: (d)","y hypothesis, n has remainder 1 when divided by 4, 7, and 25, that is, there
exist positive integers p, q, and r such that
n = 4p + 1 = 7q + 1 = 25r + 1.
So then n -1 has divisors 4, 7, and 25. Now since 4, 7, and 25 do not share any divisor, all
three numbers are factors of n -1, that is
n -1 = 4 \cdot 7 \cdot 25 \cdot k = 700k, for some k = 0, 1, 2 . . .
Since we have 1 < n < 1000, the only possible solutions are k = 1. So n = 701.",313aaa
2011_M_Olymp_Level_2_Sol.pdf,24,,"Observe that 4 can be expressed as the sum of natural numbers in 8 ways, taking into
account the order of the terms:
4, 3 + 1, 1 + 3, 2 + 2, 2 + 1 + 1, 1 + 2 + 1, 1 + 1 + 2, 1 + 1 + 1 + 1
How many such expressions are there for 2011?
(a) 2 \times 2011
(b) 22011
(c) 22010
(d) 4020
(e) none of the
above
The answer is: (c)
11

SVSU 2011 Math Olympics","Level II-page 12 of 12
Solution 1. A very short solution of this problem is the following: Consider that n balls
are arranged in line. Here are 4 balls ({\textopenbullet}):
{\textopenbullet}{\textopenbullet}{\textopenbullet}{\textopenbullet}
In each of the spaces between two balls, you may insert a divider. For example,
{\textopenbullet}| {\textopenbullet}{\textopenbullet}| {\textopenbullet}
represents 1+2+1. It is clear that you can obtain any decomposition of 4 this way, and given
any decomposition, you get one of these representations. Now with n balls, there are n -1
spaces and for each of these spaces, you have the option of whether to insert a divider or
not. So all together, you have 2n-1 variations.
Solution 2. One can also argue by induction. The case n = 1 gives only 1=20 possibility,
n = 2 gives 2 = 21 possibilities, n = 3 gives 4 = 22 possibilities, and the illustration of the
problem 4 gives 8 = 23 possibilities. We can then conjecture that S(n) = 2n-1. For n + 1,
if we write n + 1 = (n -k) + k + 1 for k = 0, . . . n + 1, it is enough that we know for each
k the number of decompositions of n -k and adding them together will produce all the
possibilities. But then by induction hypothesis we have that the possibilities for n -k are
2n-k-1. So
S(n + 1) = 1 + 1 + 2 + 22 + . . . + 2n-2 + 2n-1
Now knowing that the geometric sum 1 + 2 + 22 + . . . + 2n = 2n -1, we have S(n + 1) = 2n
as desired.",314aaa
2011_M_Olymp_Level_2_Sol.pdf,25,,"What are the last three digits of 52011?
(a) 125
(b) 525
(c) 625
(d) 025
(e) none of the above
The answer is: (a)","Let's look at the last three digits of the first few powers:
5, 25, 125, 625, 125, 625, 125, . . .
Since other that the first two, the odd ones end in 125 and the even ones in 625, we claim
that
52n+1 \equiv53(mod 1000).
We prove our claim by induction.
It is clear that the equation is satisfied for n = 1.
Now assume that 52k+1 \equiv53(mod 1000). Then 52(k+1)+1 = 52k+3 = 52k+152 \equiv53 \cdot 52 =
55(mod 1000). Thus 52(k+1)+1 \equiv53(mod 1000). Since we have an odd power, 2011, the
answer is 125.
12",315aaa
2012_MO_L1Sol.pdf,1,,"Which of the following polynomials is a factor of x4 + x2y2 + y4?
(a) x2(x2 + y2)
(b) x2 -xy + y2
(c) x2 + y2
(d) The polynomial is prime (or is not factorable)
(e) none of the above
The answer is: (b)","Method 1: x4+x2y2+y4 = x4+x2y2+x2y2-x2y2+y4 = x4+2x2y2+y4-x2y2 =
(x2 + y2)2 -(xy)2 = (x2 + y2 -xy)(x2 + y2 + xy).
Method 2: One can also factor x4+x2y2+y4 by factoring x6-y6 in two different
ways. First factoring as a difference of squares and then factoring the two remaining
factors as a sum and difference of cubes we get:
x6-y6 = (x3)2-(y3)2 = (x3-y3)(x3+y3) = (x-y)(x2+xy+y2)(x+y)(x2-xy+y2).
Factoring as a difference of cubes first we get:
x6 -y6 = (x2)3 -(y2)3 = (x2 -y2)(x4 + x2y2 + y4) = (x -y)(x + y)(x4 + x2y2 + y4).
Equating the two factorizations and dividing both sides by (x-y)(x+y) shows that
(x4 + x2y2 + y4) = (x2 + xy + y2)(x2 -xy + y2).",316aaa
2012_MO_L1Sol.pdf,2,,"19, 320 = (2\times69)(14\times10). Which of the following numbers is a factor of 19, 321?
(a) 141
(b) 137
(c) 139
(d) 19, 321 is prime
(e) none of the above
The answer is: (c)","Solution: 19320 = 138 \times 140 = (139 -1)(139 + 1) = 1392 -1.
So 19320 + 1 = 1392.
1

SVSU 2012 Math Olympics
Solutions Level I-page 2 of 13",317aaa
2012_MO_L1Sol.pdf,3,,"Suppose that (r1, 0) and (r2, 0) are the x-intercepts of a parabola. If the equation
of the parabola has a leading coefficient of 1, what is the y-intercept of the parabola.
(a) (0, r1 +r2)
(b) (0, -r1 -r2)
(c) (0, r1r2)
(d) (0, -r1r2)
(e) none of the above
The answer is: (c)","Since r1 and r2 are the roots and the leading coefficient is 1, the equation
of the parabola is y = (x -r1)(x -r2). So when x = 0, y = r1r2.",318aaa
2012_MO_L1Sol.pdf,4,,"Daphne starts walking north at a constant rate of 4 mph. Edmund leaves the
same point at the same time and walks east at a constant rate of 3 mph. How long
will it take for the distance between them to be 1 mile?
(a) 5 minutes
(b) 12 minutes
(c) 1
7th of an hour
(d) 7 minutes
(e) none of the above
The answer is: (b)","Let D be the distance Daphne has walked, E the distance Edmund has
walked, d the distance between them, and t the time they have been walking in
hours.
Using distance = rate \times time, D = 4t and E = 3t. Using the Pythagorean theorem,
d =
\sqrt
16t2 + 9t2 =
\sqrt
D2 + E2 =
\sqrt
(4t)2 + (3t)2 =
\sqrt
25t2 = 5t.
So d = 1 mile when t = 1
5hours= 60 minutes
1 hour
= 12 minutes.
1
5 -1",319aaa
2012_MO_L1Sol.pdf,6,,"What are the slopes of the two tangent lines from the origin in the plane to the
circle of radius 1/2 centered at (1, 1)?
2
2
.
(b) 1 \pm
\sqrt
7
3
.
(d) 2 \pm
\sqrt
(a) 1\pm
\sqrt
2
(c) 4\pm
\sqrt
2
(e) none of the above
The answer is: (c)","The equation for the circle of radius one half centered at (1, 1) is
(x -1)2 + (y -1)2 = 1/4.
The tangent lines are the values of a for which y = ax meets the circle in exactly one
point. Substituting in y = ax into the equation of the circle gives (1 + a2)x2 -2(1 +
a)x + 2 = 1/4, one wants exactly one real solution which means that the radical
\sqrt
4(1 + a)2 -4(1 + a2)(7/4) =
\sqrt
-3a2 + 8a -3 appearing in the quadratic formula
must be 0. Solving this new quadratic equation gives
a = 4 \pm
\sqrt
7
3
.",320aaa
2012_MO_L1Sol.pdf,7,,"The door to the computer room at a school has a keycode. The combination is a
sequence of 5 numbers. A student forgot his code. However, he did remember five
clues. These are what those clues were:
(a) The fifth number plus the third number equals fourteen.
(b) The fourth number is one more than the second number.
(c) The first number is one less than twice the second number.
(d) The second number plus the third number equals ten.
(e) The sum of all five numbers is 30.
What is the fifth number?
(a) 8
(b) 4
(c) 7
(d) 5
(e) none of the above
The answer is: (a)","We can set up a system of equations for xi = the i-th number in the
code, i.e., x1 is the first number, x2 is the second number, etc. The system will then
be:
x3 + x5 = 14
-x2 + x4 = 1
-x1 + 2x2 = 1
x2 + x3 = 10
x1 + x2 + x3 + x4 + x5 = 30.
If we add the third equation to the last one we obtain
3x2 + x3 + x4 + x5 = 31,
3

SVSU 2012 Math Olympics
Solutions Level I-page 4 of 13
while adding together the first, the second and the third equations gives
2x3 + x4 + x5 = 25.
If we then subtract the last two equations we obtain an equation for x2 and x3
3x2 -x3 = 6.
The latter together with the forth equation of the initial system give
x2 + x3 = 10
3x2 -x3 = 6,
which when added show that 4x2 = 16. Hence, x2 = 4, x3 = 6 and after a few
substitutions we find that the numbers in order are 7, 4, 6, 5, 8.",321aaa
2012_MO_L1Sol.pdf,8,,"Three boxes are presented to you. One contains $1000, the other two are empty.
Each box has a clue written on it as to its contents and only one message is telling
the truth, the other two are lying. If the first box says, ""The money is not here"",
the second box says ""The money is in the first box"" and the third box says, ""The
money is not here"", which box has the money?
(a) the first box
(b) the second box
(c) the third box
(d) more than one box could contain the money
(e) none of the boxes
The answer is: (c)","If the money is in the first box, then the messages on both the second
and third boxes are true, which contradicts the fact that only one message is telling
the truth. If the money is in the second box, then the messages on the first and
third box are true, which is again a contradiction. Hence, the money must be in
the third box. In that case, the message on box one is true, while the messages on
boxes two and three are false as required.",322aaa
2012_MO_L1Sol.pdf,9,,"In the following ""equation"" each letter represents a digit (between 0 and 9).
Different letters represent different digits and S is not 0. Determine the digit repre-
sented by each of the used letters so that the addition is correct.
STORE
+STORE
+STORE
TEASE
(a) E = 3, O = 5, R = 7, S = 2, T = 8
(b) E = 4, O = 3, R = 7, S = 2, T = 8
(c) E = 0, O = 2, R = 7, S = 1, T = 3
(d) E = 5, O = 3, R = 7, S = 2, T = 8
4

SVSU 2012 Math Olympics","s Level I-page 5 of 13
(e) none of the above
The answer is: (d)
Solution: We shall use repeatedly that three times a number between 0 and 9 is a
number between 0 and 27. Adding the units it follows 3 \times E equals E, or 10 + E or
20 + E. Solving the three equations we find that either E = 0, or E = 5, or E = 10,
which leaves only the first two possibilities. Now we look at the possibilities for S.
Since 3 \times S has to be less than 10 it follows that S is either 1, 2 or 3. Consider first
the case, S = 1. The possible values of T are 3, 4 or 5. If T = 3 then, taking into
account the value of S, it follows that E = 9, which is a contradiction. If T = 4
then the possible values of E obtained from 3 \times T plus any carry over are 2, 3 or",323aaa
2012_MO_L1Sol.pdf,10,,"Suppose you have 30 coins which are nickels, dimes, or quarters. The total
amount of money is $4.15. One day you find a magic wand that has the ability to
change nickels into dimes and dimes into quarters. After you wave the wand over
the money, you find you have $6.00. How many dimes did you have originally?
(a) 8
(b) 9
(c) 7
(d) 10
(e) none of the above
The answer is: (b)","Let x, y and z be the number of nickels, dimes and quarters respectively.
Then x + y + z = 30 since the total of coins is 30. If the total amount of money is
$4.15, we have .05x + .1y + .25z = 4.15, i.e., 5x + 10y + 25z = 415. If the nickels
are changed into dimes and dimes into quarters, we have now x dimes and y + z
quarters and this yields the equation 10x + 25y + 25z = 600. Solving the system of
equations
x + y + z = 30
5x + 10y + 25z = 415
5

SVSU 2012 Math Olympics
Solutions Level I-page 6 of 13
10x + 25y + 25z = 600
gives x = 10, y = 9 and z = 11.",324aaa
2012_MO_L1Sol.pdf,11,,"You purchase 6 new tires for your four wheel car. Each tire is designed to
provide a maximum of 40,000 miles of use. Assume you can rotate tires on and off
the vehicle at any time. What is the maximum mileage you could get from these
tires?
(a) 40,000 miles
(b) 50,000 miles
(c) 60,000 miles
(d) 80,000 miles
(e) none of the above
The answer is: (c)","The car uses 4 tires and to get the maximum mileage all the 6 tires must
be used for a total of 6\times40, 000 = 240, 000 miles. Now to get the maximum mileage
from the tires, just divide the total by 4, i.e., 240,000/4=60,000 miles.",325aaa
2012_MO_L1Sol.pdf,12,E,"The faces of a solid figure are all triangles. The figure has 11 vertices. At each
of six vertices, four faces meet and at each of the other five vertices, six faces meet.
How many faces does the figure have?
(a) 20
(b) 17
(c) 16
(d) 19
(e) none of the above
The answer is: (e)","ach face is counted as part of three vertices, so the number of faces f
equals f = (6 \times 4 + 5 \times 6)/3 = 54/3 = 18. Alternatively, we can use Eulers formula
v -e + f = 2 where v is the number of vertices, e is the number of edges and f is
the number of faces. Here v = 11. We need to first determine e then we can find
f. If four faces meet at a vertex this means that there are four edges at this vertex.
Similarly if six faces meet at a vertex, there are six edges at that vertex. Since each
edge starts and ends at a different vertex, then 2e = 6 \times 4 + 5 \times 6 = 54. Hence
e = 27 and f = e -v + 2 = 27 -11 + 2 = 18.",326aaa
2012_MO_L1Sol.pdf,13,,"It takes a horse and a goat two hours to eat 20 pounds of hay. If it takes the
horse three more hours than the goat to eat 20 pounds of hay, how long does it take
the horse to eat the 20 pounds of hay?
(a) 5 hours
(b) 6 hours
(c) 1 hour
(d) 4 hours and 20 minutes
(e) none of the above
The answer is: (b)
6

SVSU 2012 Math Olympics","s Level I-page 7 of 13
Solution: Let x be the amount of time it takes for the horse to eat the hay. Notice
that x > 3 since it takes the horse three more hours than the goat to eat 20 lb of
hay. Assuming that the horse and the goat are eating at a constant rate, then the
horse eats at the rate of 20/x lb/hr, while the goat eats at the rate of 20/(x -3)
lb/hr. We know that if both are eating together they will eat 20 lb of hay in 2 hours,
i.e.,
2
(20
)
= 20.
x +
20
x -3
Thus
2x -3
x2 -3x = 1",327aaa
2012_MO_L1Sol.pdf,14,,"A club of 150 members is holding an arm wrestling contest. When a member
loses, the member is out of the contest. There are no ties. How many games must
be played to determine the arm wrestling champion?
(a) 149
(b) 150
(c) 148
(d) 75
(e) none of the
above
The answer is: (a)","Note that each game eliminates one player. Since there are no ties and
149 players are eliminated there are 149 games.
3, -7",328aaa
2012_MO_L1Sol.pdf,15,,"For all x such that x ̸= 3, 7
3 , 0, what is
5
x-3 -
80
3x2-2x-21 equal to?
15
(a)
15
3x-7
(b) 45x-105
x
(d) all of the above
49-9x2
(c)
x
3+ 7
(e) none of the above
The answer is: (c)","5
x -3 -
80
3x2 -2x -21 =
5
x -3 -
80
(x -3)(3x + 7)
= 5(3x + 7) -80
(x -3)(3x + 7)
=
15x -45
(x -3)(3x + 7)
7

SVSU 2012 Math Olympics
Solutions Level I-page 8 of 13
Now when x ̸= 3, \pm7
3, 0, we do have
5
x -3 -
80
3x2 -2x -21 =
15(x -3)
(x -3)(3x + 7) =
15
3x + 7
So it does not satisfy (a). The next line below shows that it also does not satisfy
(b):
45x -105
49 -9x2 =
15(3x -7)
(7 + 3x)(7 -3x) =
-15
3x + 7.
However,
15
15
x \cdot x
(3 + 7
x) \cdot x =
15
3x + 7x
x
=
15
3x + 7
x
3 + 7
x
=
Hence it does satisfy (c).",329aaa
2012_MO_L1Sol.pdf,16,,"Let x, y be real numbers with x + y = 1 and (x2 + y2)(x3 + y3) = 12. What is
the value of x2 + y2?
(a)
\sqrt
2
(b)
\sqrt
3
(c) 2
(d) 3
(e) none of the above
The answer is: (d)","1: Let u = x2 + y2. Then u + 2xy = x2 + y2 + 2xy = (x + y)2 = 1 and
u(u -xy) = (x2 + y2)(x2 + y2 -xy) = (x2 + y2)(x3 + y3)/(x + y) = 12. Thus from
xy = 1-u
2 , we have u(u -1-u
2 ) = 12. Hence after simplification, we just have to
solve the quadratic equation 3u2 -u -24 = 0. So u = 3.
Solution 2: Since x2+y2 = (x+y)2-2xy, (x2+y2)(x3+y3) = ((x+y)2-2xy)(x+
y)((x + y)2 -3xy) = (1 -2xy)(1 -3xy) = 12.
Let xy = u, then (1 -2u)(1 -3u) = 6u2 -5u + 1 = 12. Solve for u, u = 11
6 and
u = -1.
Since x, y are real roots of (t -x)(t -y) = t2 -(x + y)t + xy = t2 -t + u = 0, the
discriminant is
\sqrt
(1 -4u)
1 -4u > 0 gives u = -1. Thus, x2 + y2 = (x + y)2 -2xy = 1 + 2 = 3.",330aaa
2012_MO_L1Sol.pdf,17,,"P is a point inside the triangle \bigtriangleupABC. Lines are drawn through P parallel to
the sides of the triangle. The areas of the three resulting triangles \bigtriangleupPMN, \bigtriangleupPLK
and \bigtriangleupPRS are 9, 25 and 81, respectively. What is the area of \bigtriangleupABC?
Note that the figure below is not drawn to the scale.
8

SVSU 2012 Math Olympics","s Level I-page 9 of 13
(a) 181
(b) 203
(c) 289
(d) 250
(e) none of the
above
The answer is: (c)
Solution: \bigtriangleupPMN, \bigtriangleupKLP and \bigtriangleupSPR are similar triangles. We shall use that
if we have two similar triangles with the ratio of linear elements (such as lengths
of sides etc.) equal to \lambda, then the ratio of their areas is \lambda2. Let PN = x, PK =
y and SR = z.
From the similarity it follows, y = 5/3x and z = 3x.
Note
that \bigtriangleupABC is also similar to \bigtriangleupPMN and its base is x + y + z, so the similarity
coefficient is (x + y + z)/x = 17/3. So the areas satisfy the relation A(\bigtriangleupABC) =
(17/3)2A(\bigtriangleupPMN) = 172 = 289.",331aaa
2012_MO_L1Sol.pdf,18,,"Nine scientists are working on a secret project.
They wish to lock up the
documents in a cabinet so that the cabinet can be opened when and only when five
or more of the scientists are present. For this purpose a certain number of locks
are installed on the cabinet and each of the scientists is given keys to some of these
locks. Each key can open exactly one lock. Thus, for the cabinet to be opened (i)
any five of the scientists have to be present and (ii) the keys to all of the locks on
the cabinet have to be among the set of all keys given to the present five scientists.
What is the smallest number of locks needed?
(a) 126
(b) 63
(c) 142
(d) 280
(e) none of the above
The answer is: (a)","In the first step we will find a number of locks so that no less locks can
solve the problem. Since no set of four scientists can open the cabinet for each
combination of five scientists there must be at least one lock that cannot be opened
by this group of four people. In this way to every combination of four scientists we
associate a set of missing keys. Furthermore, since every five scientists can open the
cabinet the missing keys of any two different combinations of four scientists have to
be two disjoint sets. For otherwise there will be two groups of four scientists missing
the same key, so there will be five scientists missing a key, which is a contradiction.
9

SVSU 2012 Math Olympics
Solutions Level I-page 10 of 13
)
= 126 combinations of four scientists, so there must be at least
There are
( 9
4
126 locks on the cabinet. Next, we turn to the second step, where we shall show
that 126 locks do solve the problem. For this we have to show that there is a way
to distribute keys from 126 locks in a way which satisfies conditions (i) and (ii). It
will be essential that
(*)
( 9
4
)
=
( 9
5
)
,
which is true since selecting any five is the same as designating the remaining four.
So, lets make five keys for each of the 126 locks. Then for each of the 126 combina-
tions of five scientists (here we use (*)) give a key to the same lock to each of the
scientists in the combination. In this way, each group of five scientists has a lock
which they and only they can open. In particular, the remaining four cannot open
it, so no less than five scientists can open the cabinet. We still have to show that
every five scientists can open the cabinet, i.e., each group of five scientists has 126
different keys among them. For this we note that given any lock there is a distin-
guished combination of five scientists who all have keys to it. On the other hand,
if we take any five scientists, at least one of them will belong to the distinguished
combination since there are nine scientists overall. This proves the final claim.",332aaa
2012_MO_L1Sol.pdf,20,,"Fred, reporting for the school paper, knows that Arthur, Bing and Claude were
the top three finalists in the talent show, but he doesn't know who won first place,
who was second or who was third place. He does know three things: 1) If Arthur
did not win first place, then Bing did. 2) If Bing did not win second place, then
Arthur came in last. 3) If Claude came in last, then Arthur did not come in first.
Which of the following is the correct order.
(a) First: Arthur; Second: Bing; Third: Claude
(b) First: Arthur; Second: Claude; Third: Bing
(c) First: Bing; Second: Arthur; Third: Claude
(d) First: Bing; Second: Claude; Third: Arthur
(e) Cannot be determined from the given information
10

SVSU 2012 Math Olympics","s Level I-page 11 of 13
The answer is: (d)
Solution: There are six permutation of three elements. From (1) we know that we
have only the 4 choices given above where Claude is not in first place. From (2) we
are down to (a) or (d). (3) rules out (a), so the only choice is (d).",333aaa
2012_MO_L1Sol.pdf,21,,"Suppose the least common multiple of two numbers, x and 3675 is equal to
121275, and their greatest common factor is equal to 75. Which range of values
below contains x?
(a) (0, 1000)
(b) (1000, 2000)
(c) (3000, 4000)
(d) (2000, 3000)
(e) none of the above
The answer is: (d)","One can directly get the value of x with the fact that 3675x = 121, 275\times",334aaa
2012_MO_L1Sol.pdf,22,,"In the figure below, ABCD is a rectangle. The points F, A, and E lie on a
straight line. The segments DF, BE, and CA are all perpendicular to FE. The
length of DF is 15 and the length of BE is 6. What is the length of FE?
(a) 6
\sqrt
10
(b) 3
\sqrt
10
(c) 3
\sqrt
5
(d) 3
\sqrt
2
(e)
\sqrt
10
The answer is: (a)","Since ABCD is a rectangle its two diagonals bisect each other in equal
parts. In particular BD is split in half by AC. Since DF, CA and BE are parallel it
follows that CA splits BD and FE in parts which have the same ratios. Therefore A
is the midpoint between A and E. On the other hand, since the angle \angle DAB = 90{\textopenbullet}
and using again that DF, CA and BE are parallel it follows that the triangles
\bigtriangleupDFA and \bigtriangleupAEB are similar.
If we set AF = x from the similarity of the
11

SVSU 2012 Math Olympics
Solutions Level I-page 12 of 13
triangles we obtain x/15 = 6/x, i.e., x2 = 90 or x = 3
\sqrt",335aaa
2012_MO_L1Sol.pdf,23,,"The medians AN and BM of the triangle \bigtriangleupABC intersect at the point G. The
vertex C and the points M, G, N are on a circle. The length of AB = a. Find the
length of the third median CP.
(a) a
\sqrt
3
2
(c) a
\sqrt
2
2
(b) a
\sqrt
2
(d) a
2
(e) none of the above
The answer is: (b)","Let O be the point of intersection of MN and OG are two intersecting chords
in the circle, we have MO \cdot ON = CO \cdot OG.
But MO =
1
2AP =
1
2( 1
2a) =
a
4,
NO = 1
2PB = 1
2( 1
2a) = a
4, CO = 1
2CP and OG = OP -GP = 1
2CP -1
3CP = 1
6CP.
3CP 2. Hence CP = a
\sqrt
6CP, i.e., a2
3
2 .
Thus a
4
a
4 = 1
2CP 1
4 = 1",336aaa
2012_MO_L1Sol.pdf,24,,"Let \bigtriangleupABC be a right triangle (\measuredangleC = 90{\textopenbullet}). The perpendicular bisector l
through the midpoint O of the hypothenuse AB intersects one of the legs at a point
K and the extension of the other leg at a point D. If | OK |= m, and | OD |= n,
find | AB |.
(a) 2\sqrtmn
(b) \sqrtmn
(c) 2\sqrtm
n
(d) 2\sqrtn
m
(e) none of the above
The answer is: (a)","12

SVSU 2012 Math Olympics
Solutions Level I-page 13 of 13
OD, i.e.,
m
c/2 = c/2
Note that triangles \bigtriangleupAOD and \bigtriangleupKOB are similar. So OK
OA = OB
n .
Thus c2 = 4mn and c = 2\sqrtmn.",337aaa
2012_MO_L1Sol.pdf,25,,"A problem to remember the year 2011: let x = .01234567891011 . . . 998999
where the digits are obtained by listing the numbers 0-999 in order. What is the
2011th digit to the right of the decimal place?
(a) 7
(b) 6
(c) 5
(d) 4
(e) none of the above
The answer is: (b)","There are 10 digits in the expansion among the one digit numbers and
90\times2 = 180 digits among the two-digit numbers. Hence we are looking for the digit
among the three digit numbers which is in the 1821th place since 2011 - 190 = 1821.
As 3 \times 607 = 1821 and the 607th three digit number is 607+99 = 706, the digit in
the 2011th place is 6.
13",338aaa
2012_MO_L2Sol.pdf,1,,"If Tn = 1 + 2 + 3 + . . . + n and
Pn =
T2
T2 -1 \cdot
T3
T3 -1 \cdot
T4
T4 -1 \cdot \cdot \cdot \cdot \cdot
Tn
Tn -1\cdot
for n = 2, 3, 4, . . ., then P2012 is the closest to which of the following numbers?
(a) 2.9
(b) 2.3
(c) 3.1
(d) 2.6
(e) 3.5
The answer is: (a)","Note that Tn = n(n+1)
2
. So
Pn =
Tn
Tn -1Pn-1 =
n(n + 2)/2
[n(n + 1) -2]/2Pn-1 =
n(n + 1)
(n + 2)(n -1)Pn-1.
Thus,
n
\prod
i(i + 1)
(i + 2)(i -1)
Pn =
i=2
( n
\prod
) ( n
\prod
)
i=2
i
i=2
(i + 1)
( n
\prod
) ( n
\prod
)
=
i=2
(i -1)
i=2
(i + 2)
n!
(
(n+1)!
2
)
(
(n+2)!
2\cdot3
)
(n -1)!
=
3n
n + 2.
Hence P2012 = (3 \cdot 2012)/2014 which is closest to 2.9. In fact, without computation, on can
use the fact that the limit of the sequence Pn is 3.
100
\sum
1
k(k + 1).",339aaa
2012_MO_L2Sol.pdf,2,,"Find the value of the sum
k=1
(a)
99
100
(b)
1
10100
(c) 100
101
(d) 194
100
(e) none of the above
1

SVSU 2012 Math Olympics","Level II-page 2 of 13
The answer is: (c)
(1
)
. By
100
\sum
100
\sum
1
k(k + 1) =
k -
1
k + 1
Solution: First note that
1
k(k+1) =
1
k -
1
k+1.
So
k=1
k=1
expanding the sum, the central negative terms cancelled out one term on the left and another
on the right, except the edges where one of them is missing. This is an example of a telescopic
100
\sum
1
k(k + 1) = 1 -
sum. Cancelling everything there is to be cancelled, we are left with,
k=1
1
101 = 100
101.",340aaa
2012_MO_L2Sol.pdf,3,,"What is the last digit of 32012?
(a) 1
(b) 3
(c) 7
(d) 9
(e) none of the above
The answer is: (a)","The last digit of 3n follows a pattern: 3, 9, 7, 1, 3, 9, 7, 1, . . . The 2012th element of
this sequence is 1.
2 cos-1 x), for -1 < x \le1?",341aaa
2012_MO_L2Sol.pdf,4,,"Which of the following is equivalent to tan(1
x
(d) \pm
\sqrt
x2+4
(b)
\sqrt
1-x2
1+x
(c)
\sqrt
1+x2+
\sqrt
(a)
\sqrt
1-x2
2(1+x2)
(e) none of the above
4-x2
2
\sqrt
The answer is: (b)","Let \alpha = cos-1 x, i.e., x = cos \alpha. We use the formula tan(\alpha
2 ) =
sin \alpha
1+cos \alpha (if this
formula is not remembered, one can get it from the half-angle formula for sine and cosine)
to see that
2 ) =
sin \alpha
1 + cos \alpha =
\sqrt
1 -x2
tan(1
2 cos-1 x) = tan(\alpha
1 + x .",342aaa
2012_MO_L2Sol.pdf,5,,"Suppose a group of people have a code between themselves on how they can send messages
to others in the group.
{\textbullet} For each subgroup of distinct people A, B and C in the group the following holds: if A
can send a message to B and B can send a message to C, then C can send a message to A.
{\textbullet} For each pair of distinct people A and B in the group, either A can send a message to
B or B can send a message to A but not both.
2

SVSU 2012 Math Olympics","Level II-page 3 of 13
What is the largest number of people in the group?
(a) 1
(b) 2
(c) 3
(d) 4
(e) none of the above
The answer is: (c)
Solution: Let X be the group of people. Sending of messages among the group translates
to a relation R on X (a subset of X \times X) such that if (A, B) \inR and (B, C) \inR, then
(C, A) \inR and either (A, B) \inR or (B, A) \inR but not both.
A relation with these
properties forces X to have at most 3 elements, since any relation with 4 or more elements
will have both (A, B) and (B, A) for some A and B in X. Note that if (A, B) \inR and
(B, C) \inR and (B, D) \inR , then (C, A) \inR and (D, A) \inR. We only do not know the
relationship between C and D. If (C, D) \inR , then (D, B) \inR which cannot be the case
since (B, D) \inR . If (D, C) \inR , then (C, B) \inR which also cannot be the case.",343aaa
2012_MO_L2Sol.pdf,6,,"A problem to remember the year 2011: how many positive integers less than or equal to
2011 are multiples of both 3 and 5 but not multiples of 8?
(a) 110
(b) 118
(c) none
(d) 30
(e) none of the above
The answer is: (b)","Let Mk be the set of positive integers less than or equal to 2011 which are
multiples of k. Let | Mk | be the number of elements of the set Mk, i.e., the number of
positive integers less than or equal to 2011 which are multiples of k. With this notation, the
question is to find the number |M3 \capM5| -|M3 \capM5 \capM8|, where the symbol \capis used, as
usual, for the intersection (the common elements) of the involved sets. Thus, for example,
M3 \capM5 is the set of positive integers less than or equal to 2011 which are multiples of both
3 and 5. A key observation, which we shall used next, is that if m and n are two relatively
prime integer numbers, i.e., they do not have any common integer divisor besides \pm1, then
any number which is divisible by both m and n is also divisible by mn. Therefore
|M3 \capM5| -|M3 \capM5 \capM8| = |M15| -|M120|.
Next, we use that |Mk| is the number of times k ""fits"" inside 2011. In other words, |Mk| is
the largest positive number whose product with k is less than or equal to 2011, but whose
product with k + 1 is greater than 2011. The greatest integer value function is defined by
these two properties, so
|Mk| =
[2011
]
.
k
In particular
[2011
15
]
= 134 and
[2011
120
]
= 16 taking onto account that 134 < 2011
15 < 135 while
16 < 2011
120 < 17. Hence |M15| -|M120| = 134 -16 = 118.
3

SVSU 2012 Math Olympics
Solution Level II-page 4 of 13",344aaa
2012_MO_L2Sol.pdf,7,,"At an artisan bakery, French tortes are 52 dollars each, almond tarts are 12 dollars each
and cookies are one dollar each. If Alex has 400 dollars to purchase exactly 100 of these
items for a party and he buys at least one of each item, how many French Tortes does he
purchase? Only whole pieces of the bakery items can be purchased.
(a) 4
(b) 5
(c) 3
(d) 1
(e) 2
The answer is: (e)","Solution: Suppose F is the number of French tortes, A is the number of almond
tarts purchased and C is the number of cookies purchased. Then we have two equations:
52F + 12A + C = 400
F + A + C = 100.
Since at least one of each item is purchased then 1 \leF, A, C. Since the French tortes are
the most expensive, we see that we cannot purchase more than 7 tortes or we will go over
the 400 dollars we have to spend. By trial and error we see that we will not obtain integer
solutions if F ̸= 2. However, when F = 2, we obtain the two equations in two unknowns:
12A + C = 296
A + C = 98
which have solution A = 18, C = 80. Alternatively, we solve the system
12A + C = 400 -52F
A + C = 100 -F
considering F as a parameter. The solution is
A = 300
11 -51
11F
C = 40
11F + 800
11 .
In particular, F is 1, 2, 3 or 4 so that A > 0. Only for F = 2 we obtain a solution which is
of whole numbers.",345aaa
2012_MO_L2Sol.pdf,8,,"We are given 6 points on a circle equally spaced (think of a clock with just the even
hours). How many triangles can be constructed so that their vertices are three of the given
points on the circle? How many among those triangles are isosceles triangles (isosceles means
the triangle has at least two equal sides)?
(a) 20 triangles, 6 isosceles
(b) 18 triangles, 8 isosceles
(c) 20 triangles, 8 isosceles
(d) 18 triangles, 6 isosceles
(e) none of the above
4

SVSU 2012 Math Olympics","Level II-page 5 of 13
The answer is: (c)
Solution: Since no three points are collinear, any choice of three will make the vertices of
a triangle, so there are
( 6
3
)
= 6 \times 5 \times 4
3 \times 2 \times 1 = 20, triangles.
For the isosceles triangles, we pick a starting vertex, then pick the other two points to be
an equal distance away, going both directions. There are two such pairs of points , for each
starting point, however, one of the two pairs will form an equilateral triangle, which means
that if we just take 6\times2 = 12, we will be over-counting. There are 6\times1 = 6 non-equilateral
isosceles triangles and two equilateral triangles, for a total of 8 isosceles triangles.",346aaa
2012_MO_L2Sol.pdf,9,,"cos 3\theta =?
(a) 4 cos3 \theta -3 cos \theta
(b) 2(cos2 \theta -sin2 \theta)
(c) cos \theta(1 + 2 sin2 \theta)
(d) 4 cos3 \theta -cos \theta
(e) none of the above
The answer is: (a)","It is easy to see that
cos 3\theta = cos(2\theta + \theta) = cos2\theta cos \theta -sin 2\theta sin \theta = (2 cos2 \theta -1) cos \theta -2 cos \theta sin \theta sin \theta =
2 cos3 \theta -cos \theta -2 cos \theta sin2 \theta = 2 cos3 \theta -cos \theta -2 cos \theta(1 -cos2 \theta) = 2 cos3 \theta -cos \theta -
2 cos \theta + 2 cos3 \theta = 4 cos3 \theta -3 cos \theta.",347aaa
2012_MO_L2Sol.pdf,10,,"What is the value of the following product sin \pi
32 cos \pi
32 cos \pi
16 cos \pi
8 cos \pi
4?
(a) 1
2
(b) 1
4
(c) 1
8
(d)
1
16
(e) none of the above
The answer is: (d)","Using the double angle formula, we have
sin \pi
32 cos \pi
32 cos \pi
16 cos \pi
8 cos \pi
4
= 1
2 sin \pi
16 cos \pi
16 cos \pi
8 cos \pi
4
= 1
4 sin \pi
8 cos \pi
8 cos \pi
4
= 1
8 sin \pi
4 cos \pi
4
=
1
16 sin \pi
2 =
1",348aaa
2012_MO_L2Sol.pdf,11,,"What is the remainder when P(x) = 1 -x + 2x4 -3x9 + 4x16 -5x25 + x2011 + 6x2012 is
divided by D(x) = x2 -1?
(a) 15
(b) -2x + 3
(c) -8x + 13
(d) x2 -x + 1
5

SVSU 2012 Math Olympics","Level II-page 6 of 13
(e) none of the above
The answer is: (c)
Solution:
Note: The remainder is a polynomial R(x) of degree smaller than the divisor D(x) such that
there is another polynomial Q(x), the quotient, such that P(x) = Q(x)D(x) + R(x): Given
a polynomial P(x) and a divisor D(x) then the remainder and the quotient are uniquely
determined.
Since D(x) = x2 -1 is degree 2, the remainder polynomial must be of degree 1 or lower, so
we may write it as R(x) = ax + b. Note that D(x) has roots \pm1. Since P(x) = Q(x)D(x) +
R(x) = Q(x)D(x)+ax+b, we know that P(1) = Q(1)D(1)+a+b = Q(1)\cdot0+a+b = a+b;
because 1 is a root of D(x). Similarly, P(-1) = Q(-1)D(-1) -a + b = 0 -a + b = -a + b:
Computing P(1) = 5 and P(-1) = 21 directly from the form of P(x), we have
a + b = 5
-a + b = 21
This is easily solved for b = 13 and a = -8. We have R(x) = -8x + 13.",349aaa
2012_MO_L2Sol.pdf,12,,"Let \bigtriangleupABC be a right triangle (\angle C = 90{\textopenbullet}) such that AB = 25 cm, BC > AC and the
radius r of the inscribed circle in \bigtriangleupABC is 5 cm. Let also CD be the height of \bigtriangleupABC from
the vertex C to the side AB. Find the radius of the circle inscribed in \bigtriangleupCDM where M is
the midpoint of the side BC.
(a) 3 cm
(b) 2 cm
(c) 4 cm
(d) 5 cm
(e) none of the above
The answer is: (a)","r = 5 cm, c = 25 cm and note that r = 1
2(a + b -c). Thus a + b = 35.
The area of the triangle \bigtriangleupABC is A\bigtriangleupABC = 1
2r(a + b + c) = 150. Since A\bigtriangleupABC = 1
2ab, it
follows that ab = 300. Since a + b = 35 and ab = 300, we have a = 20 and b = 15.
Now, let r1 be the radius of the inscribed circle of \bigtriangleupCDM.
Then A\bigtriangleupCDM = 1
2r1(CD + CM + DM) = 1
2r1(h + a
2 + a",350aaa
2012_MO_L2Sol.pdf,2,,"= 1
2r1(h + a).
Note that sin bB =
h
a =
b
c. So BD2 = a2 -h2 = a2 -(ab
c )2 =
a4
c2 , i.e., BD =
a2
c . Thus
6

SVSU 2012 Math Olympics","Level II-page 7 of 13
2
202
252 \cdot 150 = 48.
Hence 1
2
a2
c2 A\bigtriangleupABC = 1
A\bigtriangleupCDM = 1
2A\bigtriangleupBCD = 1
2 \cdot 1
2h \cdot BD = 1
c = 12, we have r1 =
96
20+12 = 3, i.e., r1 = 3
cm.
2r1(h + a) = 48 and r1 =
96
a+h. Since h = ab",351aaa
2012_MO_L2Sol.pdf,13,,"The triangle \bigtriangleupABC has AB = 7 and the lengths of the other two sides have given ratio
BC/CA = 24/25. What is the largest possible area for the \bigtriangleupABC?
(a) 25
\sqrt
2
(b) 300
(c) 12
(d) 5
\sqrt
2
(e) none of the above
The answer is: (b)","Suppose that one has the vertices A, B and C of the constructed triangle be
(0, 0), (-a, 0) and (x, y) respectively. Note that AB = a = 7 is fixed. Note that if b = 24
and c = 25, then a2 + b2 = c2. So one can assume BC = kb and AC = kc for some positive
real number k, with a2 + b2 = c2. So kc is the distance from (x, y) to (-a, 0) and kb is the
distance from (x, y) to (0, 0). Thus,
(x + a)2 + y2
x2 + y2
= k2c2
k2b2 = c2
b2.
This gives
b2[(x + a)2 + y2] = c2[x2 + y2].
Expanding and moving some terms gives b2a2 = (c2 -b2)x2 -2ab2x + a2y2, or b2a2 =
a2x2 -2ab2x + a2y2. Dividing out by a2 gives b2 = x2 -2b2
a x + y2. Now, completing the
square for the x terms gives
b2 + b4
a2 = (x -b2
a )2 + y2.
Simplifying with the Pythagorean Theorem again yields
b2c2
a2 = (x -b2
a )2 + y2.
This last is the sum of two squares, and y is clearly maximized when the square term with
x is zero, giving ymax = bc
a .
But the area of the triangle ABC is A = 1
2ay, where y is the height of the triangle and a the
fixed base. Thus, the maximum area of such a triangle is Amax = 1
2aymax = 1
2a \cdot bc
a = 1
2bc.
For our special case, b = 24 and c = 25, giving area 300.",352aaa
2012_MO_L2Sol.pdf,14,,"An equilateral triangle is inscribed in a square with side a so that one of the vertices of
the triangle coincides with one of the vertices of the square. Find the area of the triangle in
terms of a.
7

SVSU 2012 Math Olympics","Level II-page 8 of 13
(a) (2
\sqrt
2 -3)a2
(b) (2
\sqrt
3 -3)a2
(c) (2
\sqrt
5 -3)a2
(d) (2
\sqrt
5 -4)a2
(e) none of the above
The answer is: (b)
Solution 1: Let ABCD be the square and MNC the triangle. Let | BN |= x. Then
| DM |= x and | AN |=| AM |= a -x. Let | CN |=| CM |=| MN |= y. From the right
triangle \bigtriangleupMAN we have (a-x)2+(a-x)2 = y2 and from the right triangle \bigtriangleupCBN, we have
a2+x2 = y2. Thus a2+x2 = 2(a-x)2 which is equivalent to x2-4ax+a2 = 0. The quadratic
formula gives x = 4a\pm
\sqrt
3
2
= (2\pm
\sqrt
3)a. Since the solution (2+
\sqrt
2
= 4a\pm2a
\sqrt
16a2-4a2
3)a is greater
than a, it follows that x = (2-
\sqrt
3)a. Hence y2 = 2(a-x)2 = 2(a-(2-
\sqrt
3)a)2 = 2(
\sqrt
3-1)2a2.
So the area of \bigtriangleupMCN is A =
\sqrt
3)a2 = (2
\sqrt
3
4 2(
\sqrt
3
2 (4 -2
\sqrt
3 -1)2a2 =
\sqrt
3
4 y2 =
\sqrt
3 -3)a2.",353aaa
2012_MO_L2Sol.pdf,15,,"Horses A, B and C are entered in a three-horse race in which ties are not possible. If
the odds against A winning are 3-to-1 and the odds against B winning are 2-to-3, what are
the odds against C winning? (By ""odds against X winning are p-to-q"" we mean that the
probability of X winning the race is
q
p+q.)
(a) 3-to-20
(b) 5-to-6
(c) 8-to-5
(d) 17-to-3
(e) 20-to-3
The answer is: (d)","The probability that A wins is 1/(3+1) and the probability that B wins is
3/(2+3). The sum of the winning probabilities for all the three horses is 1, so the probability
that C wins is
1 -1
4 -3
5 = 3
20 =
3
17 + 3.
Hence the odds against C winning are 17-to-3.",354aaa
2012_MO_L2Sol.pdf,16,,"A frog makes 2 jumps, each 1 meter in length. The direction of the jumps are chosen
independently and at random in any direction in a plane. What is the probability that the
frogs final position is at most 1 meter from its starting position?
(a) 1
2
(b) 2
3
(c) 1
3
(d) 1
4
(e) none of the above
8

SVSU 2012 Math Olympics","Level II-page 9 of 13
The answer is: (c)
Solution: Set up a Cartesian coordinate system for a frog's position. Suppose the frog
starts at (1, 0) and his first jump is along the x-axis and puts him at (0, 0). Then his second
jump must be at angle \theta where -60{\textopenbullet}\le\theta \le60{\textopenbullet}in order for the distance between his final
position and his original position to be less than 1. This range of angles is one third of the
circle, hence the probability is one third.",355aaa
2012_MO_L2Sol.pdf,17,,"Let z1, z2 and z3 be the roots of the polynomial Q(x) = x3 -9x2 + 1. In other words,
Q(z1) = Q(z2) = Q(z3) = 0. If P(x) = x5-x2-x, what is the value of P(z1)+P(z2)+P(z3)?
(a) 0
(b) 153, 300
(c) 13, 320
(d) 58, 554
(e) none of the above
The answer is: (d)","Since z1, z2 and z3 are the roots of Q, z3
i = 9z2
i -1 for each i = 1, 2, 3. Thus
z5
i = 9z4
i -z2
i = 9zi(9z2
i -1)-z2
i = 92z3
i -z2
i -9zi = 92(9z2
i -1)-z2
i -9zi = (93-1)z2
i -9zi-92.
Hence, P(zi) = z5
i -z2
i -zi = (93 -1)z2
i -9zi -92 -z2
i -zi = (93 -2)z2
i -10zi -92.
On the other hand, by Vieta's formulas, we have
9 = z1 + z2 + z3, 0 = z1z2 + z1z3 + z2z3, -1 = z1z2z3.
Therefore
P(z1) + P(z2) + P(z3) = (93 -2)(z2
1 + z2
2 + z2",356aaa
2012_MO_L2Sol.pdf,5,,"(c) -3(1+ 3\sqrt
25
(e) none of the above
The answer is: (d)
9

SVSU 2012 Math Olympics","Level II-page 10 of 13
Solution:
5 =
6(1 -
3\sqrt
5 +
3\sqrt",357aaa
2012_MO_L2Sol.pdf,19,,"For each real number x , let g(x) be the minimum value of the numbers 6x + 3, 2x +
7, 15 -x. (For example if x = 2, then the three numbers are 15,11,13, so g(2) = 11.) What
is the maximum value of g(x)?
(a) 125
9
(b) 40
3
(c) 109
9
(d) 37
3
(e) none of the above
The answer is: (d)","Notice that the graph of g is obtained by taking the lowest of the graphs of the
given functions. In our case, if we graph the lines y = 6x+3, y = 2x+7 and y = -x+15, then
the graph of g is the boundary of the region which is below each of the graphs. The graphs
of the lines y = 6x + 3, y = 2x + 7 and y = -x + 15 have three points of intersection, which
are at x = 1, x = 12
7 and x = 8",358aaa
2012_MO_L2Sol.pdf,21,,"If z is a complex number satisfying z5 = 1, but z4 ̸= 1, what is z4 + z3 + z2 + z?
(a) -1
(b) 2
(c) 0
(d) i
(e) none of the above
The answer is: (a)","z is a root of the polynomial x5 -1. It's clear that 1 is a root of x5 -1, so
x -1 is one factor. Using long division of polynomials we can see that x5 -1 factors as
10

SVSU 2012 Math Olympics
Solution Level II-page 11 of 13
(x -1)(x4 + x3 + x2 + x + 1). Since z4 ̸= 1, z ̸= 1, so z is a root of x4 + x3 + x2 + x + 1. So
z4 + z3 + z2 + z + 1 = 0, so z4 + z3 + z2 + z = -1.",359aaa
2012_MO_L2Sol.pdf,2,,"Find the surface area of the solid obtained by rotating \bigtriangleupABC about l.
(a)
\sqrt
3\pia2 sin \alpha
(b) 2
\sqrt
3\pia2 sin(30{\textopenbullet}-\alpha)
(c) 2
\sqrt
3\pia2 cos(60{\textopenbullet}-\alpha)
(d)
\sqrt
3\pia2 cos \alpha
(e) none of the above
The answer is: (c)","S1 = \piaR1 is the surface area of the cone obtained by rotating AB about l where R1 is
the radius of the base.
S2 = \pi(R1 + R2)a is the surface area of the portion of the cone obtained by rotating AC
about l, where R2 is the radius of the circle the point C traces out rotating about l.
S3 = \piaR2 is the surface area of the cone obtained by rotating BC about l.
The surface area of the solid obtained is S = S1 + S2 + S3 = \piaR1 + \pi(R1 + R2)a + \piaR2.
Hence
11

SVSU 2012 Math Olympics
Solution Level II-page 12 of 13
S = 2\pia(R1 + R2)
= 2\pia(a sin \alpha + a sin(120{\textopenbullet}-\alpha))
= 2\pia2(sin \alpha + sin(120{\textopenbullet}-\alpha))
2
cos \alpha -(120{\textopenbullet}-\alpha)
= 2\pia22 sin \alpha + (120{\textopenbullet}-\alpha)
2
= 4\pia2 sin 60{\textopenbullet}cos(\alpha -60{\textopenbullet})
= 2\pia2\sqrt
3 cos(\alpha -60{\textopenbullet})",360aaa
2012_MO_L2Sol.pdf,23,A,"Find the smallest positive integer n such that every digit of 45n is 0 or 4.
(a) n = 23456789
(b) n = 123456789
(c) n = 987654321
(d) n = 98765432
(e) none of the above
The answer is: (d)","number is divisible by 9 if the sum of the digits is divisible by 9. As 4 and 9 are
relatively prime, if a nonzero natural number whose digits are 4's and 0's is divisible by 9, it
must be have 9k 4's for some k \ge1. So the smallest such number must be 444, 444, 444. This
number however is not divisible by 5. By adding a zero at the end, we obtain 4, 444, 444, 440
which is divisible by both 9 and 5. Hence, n = 4,444,444,440
45
= 98765432 is the smallest such
number such that 45n consists only of digits 4 and 0.",361aaa
2012_MO_L2Sol.pdf,24,,"Thirty bored students take turns walking down a hall that contains a row of closed
lockers, numbered 1 to 30. The first student opens all the lockers; the second student closes
all the lockers numbered 2, 4, 6, 8, 10, 12, 14, 16, 18, 20, 22, 24, 26, 28, 30; the third student
operates on the lockers numbered 3, 6, 9, 12, 15, 18, 21, 24, 27, 30: if a locker was closed,
he opens it, and if a locker was open, he closes it; and so on. For the ith student, he works
on the lockers numbered by multiples of i: if a locker was closed, he opens it, and if a locker
was open, he closes it. What is the number of lockers that remain open after all the students
finish their walks?
(a) 2
(b) 4
(c) 5
(d) 12
(e) none of the above
The answer is: (c)
12

SVSU 2012 Math Olympics","Level II-page 13 of 13
Solution Answer: 5. Solution: Let d(i) be the number of positive integer divisors of the
positive integer number i. The ith locker remains open exactly when d(i) is an odd number.
This is so because the kth student operates on the ith locker if and only if k divides i. Now,
we use that if i = pk1
1 pk2
2 . . . p
kj
j is the prime number decomposition of i (i.e., if we write i as
the product of powers of distinct prime numbers) we have d(i) = (1 + k1)(1 + k2)(1 + kj).
Therefore d(i) is odd if and only if each of the powers k1, k2, . . . , kj is even. This is equivalent
to i being a perfect (exact) square. Since there are 5 perfect squares less than 30 the answer
is 5.",362aaa
2012_MO_L2Sol.pdf,25,,"Let n and d be fixed integers. How many integers m are such that n2 + md is an exact
square?
(a) Infinitely many m
(b) 255
(c) 625
(d) no such m exists
(e) none of the above
The answer is: (a)","n + kd)2 = n2 + 2nkd + k2d2 = n2 + d(2nd + k2d). Hence, for any integer k,
(n + kd)2 is an exact square and has the form n2 + md with m = 2nk + k2d. As the set of
integers is infinite, the set of m = 2nk + k2d is infinite.
13",363aaa
2013_MO_L1Sol.pdf,1,,"\sqrt
1
9 + 1
16 =?
(a)
7
12
(b) 1
5
(c) 2
7
(d)
5
12
(e) none of the above
The answer is: (d)","\sqrt
\sqrt
1
9 + 1
9 + 16
9 \cdot 16 =
5
3 \cdot 4 = 5
16 =",364aaa
2013_MO_L1Sol.pdf,2,,"Suppose the operation *is defined on the set of integers by a *b = a + 2b. Then
for every two integers a and b, the value of a *(b *a) is the same as
(a) (5a) *b
(b) a *b
(c) b *a
(d) b *(4a)
(e) none of the above
The answer is: (a)","Using the definition of *, we have
a *(b *a) = a *(b + 2a) = a + 2(b + 2a) = 5a + 2b = (5a) *b.",365aaa
2013_MO_L1Sol.pdf,3,,"Given that the vertex of the parabola y = x2 + 8x + k is on the x-axis, what is
the value of k ?
(a) 4
(b) 24
(c) 16
(d) 0
(e) 8
The answer is: (c)","Since, in completing the square, x2 + 8x + k = (x + 4)2 + k -16, the
equation of the parabola can be written as y = (x + 4)2 + k -16. The vertex is
(-4, k -16) which is on the x-axis when k = 16.",366aaa
2013_MO_L1Sol.pdf,4,,"John and Nancy live on the same street and often walk towards each other's
home. If they both leave their homes at 8:00 a.m., then they will meet at 8:04 a.m.
If Nancy leaves her home at 8:00 a.m. but John does not leave his home until 8:03
a.m., then they will meet at 8:05 a.m. How many minutes does it take for John to
1

SVSU 2013 Math Olympics","s Level I-page 2 of 12
walk all the way to Nancy's home? Assume that each person walks at his or her
own constant rate.
(a) 8 minutes
(b) 9 minutes
(c) 10 minutes
(d) 11 minutes
(e) none of the above
The answer is: (e)
Solution: Let x be John's walking speed and y be Nancy's walking speed both in
feet per minute, and let d denote the distance in feet between the houses. Then
in 4 minutes, John travels 4x feet and Nancy travels 4y feet so that (from the
information given) d = 4x + 4y. Similarly, one gets d = 2x + 5y. It follows that
d = 5d -4d = 5(4x + 4y) -4(2x + 5y) = 12x. This implies it will take John 12
minutes to travel distance d.",367aaa
2013_MO_L1Sol.pdf,5,,"Which of these numbers is the largest?
(a)
\sqrt
5 \cdot 6
(b)
\sqrt
5
(c)
\sqrt
6
(d)
3\sqrt
6
(e)
3\sqrt
3\sqrt
6
3\sqrt
5
3\sqrt
5
\sqrt
6
\sqrt
5
The answer is: (b)","Note that if a and b are positive, then a < b if and only if a6 < b6. Since
all the choices are positive, raise each to the sixth power to simplify the comparison.
We then have in each case:
(a) 5 \cdot 6
(b) 6 \cdot 6 \cdot 6 \cdot 5
(c) 5 \cdot 5 \cdot 5 \cdot 6
(d) 5 \cdot 5 \cdot 6
(e) 6 \cdot 6 \cdot 5.
Thus the largest is (b).",368aaa
2013_MO_L1Sol.pdf,6,,"The graph of the equation x2 -xy + x -y = 0 is
(a) a parabola
(b) a point
(c) an ellipse
(d) a line
(e) a pair of intersecting lines
The answer is: (e)","Factoring the left-hand side of the equation x2 -xy + x -y = 0, we
obtain (x + 1)(x -y) = 0. The latter is satisfied by all points (x, y) satisfying at
least one of x+1 = 0 and x-y = 0. In other words, the graph of x2 -xy+x-y = 0
is composed of the two lines determined by the equations x + 1 = 0 and x -y = 0
(intersecting at (-1, -1)).",369aaa
2013_MO_L1Sol.pdf,7,,"In a class of 100 students, there are 50 who play soccer, 45 who play basketball,
and 50 who play volleyball. Only 15 of these students play all three sports. Everyone
2

SVSU 2013 Math Olympics","s Level I-page 3 of 12
plays at least one of these sports. How many of the students play exactly two of
these sports?
(a) 20
(b) 35
(c) 25
(d) 15
(e) none of the above
The answer is: (d)
Solution: Let S1 be the number of students who play exactly one of the three sports,
S2 be the number of students who play exactly two of the three sports, and let S3
be the number of students who play all three sports. We know that S3 = 15 and
S1+S2+S3 = 100 (the total number of students). Also in the sum 50+45+50 (soccer
players + basketball players + volleyball players), each student who plays exactly
one sport is counted once, the ones who play exactly two sports are counted twice,
and those who play all three sports are counted three times. Thus, 50 + 45 + 50 =
S1 + 2S2 + 3S3. Note that S2 = (S1 + 2S2 + 3S3) -(S1 + S2 + S3) -2S3 = 15.",370aaa
2013_MO_L1Sol.pdf,8,,"What is the smallest number of seats in a large auditorium that must be occupied
in order to be certain that at least two people share the same first and last initials?
(a) 675
(b) 677
(c) 51
(d) 53
(e) none of the
above
The answer is: (b)","We shall use a ""pigeon hole principle"" argument. We are looking for
identical first and last initials. There are 26 letters in the alphabet, so there are 262
different groups of people distinguished by their first and last initial. Thus, if we
have 262 + 1 = 677 occupied chairs there will be at least two people who will be
in the same group based on their initials. Any number of chairs less than 262 + 1
allows for a situation when all people will have different first and last initial since
there are 262 different groups of people.",371aaa
2013_MO_L1Sol.pdf,9,,"The number of real solutions of the equation | x -2 | + | x -3 |= 1 is
(a) 0
(b) 1
(c) 2
(d) 3
(e) none of the above
The answer is: (e)","For any x in the interval [2, 3], we do have
| x-2 | + | x-3 |= (x-2)+(3-x) = 1. So there are infinitely many real solutions.
3

SVSU 2013 Math Olympics
Solutions Level I-page 4 of 12",372aaa
2013_MO_L1Sol.pdf,10,,"Suppose that only eight tiles are left in the scrabble bag and the letters on the
tiles spell CALCULUS. How many ways (if the order of choosing doesn't matter)
can you choose two tiles?
(a) 23
(b) 13
(c) 20
(d) 10
(e) none of the above
The answer is: (b)","There are five different letters in the bag A, C, L, S, and U. There are
three ways to select the double letters CC, LL and UU. The remaining selections
use two distinct letters. Since there are five letters we have
( 5
2
)
= 10 ways of
choosing two distinct letters. Hence, there are 13 ways to choose two tiles if order
of choosing doesn't matter.
Note: If order does matter, for example, if drawing AC is treated as different from
CA, then there are 5 4 = 20 different ordered pairs. Hence, there are 23 ways to
choose two tiles if order is taken into account.",373aaa
2013_MO_L1Sol.pdf,11,,"Yannick has a total of $200 in his two pockets. He takes one fourth of the
money in his left pocket and puts it in his right pocket. He then takes $20 from his
left pocket and puts it in his right pocket. If he now has an equal amount of money
in each pocket, then how much money did he originally have in his left pocket?
(a) $120
(b)$160
(c) $180
(d) $140
(e) $80
The answer is: (b)","Working the problem backward we observe that: Yannick had $100 in
his left and $100 in his right pocket at the end. So, he had $120 in his left pocket
(and $80 in his right pocket) before moving $20 from his left to his right pocket.
Thus, solving x -x
4 = 120, where x represents the original amount he has, to see
that Yannick had $160 in his left pocket originally.
Alternatively, let R be the amount of dollars in the right pocket and L the amount
in the left pocket, then R + L = 200 and R + (1/4)L + 20 = (3/4)L -20. Then
replace R in the later equation by 200 -L and solve for L to get L = 160.",374aaa
2013_MO_L1Sol.pdf,12,,"A boat is traveling against the flow of a river. Suppose the river is flowing at
a constant speed and the boat maintains a constant speed with respect to the river
while traveling in either direction along the river, in other words, the boat would
maintain a constant speed in still water. At a certain moment of time a blow-up
ball falls offthe boat and starts floating down the river. 20 minutes after the ball
fell into the water this was noticed and the boat reversed its direction and started
4

SVSU 2013 Math Olympics","s Level I-page 5 of 12
going down the river chasing the ball. How long was the ball in the water before it
was retrieved?
(a) 20 minutes
(b) 10 minutes
(c) 60 minutes
(d) 40 minutes
(e) none of the above
The answer is: (d)
Solution 1: Let T be the time after which it was noticed that the ball is missing.
In the given set-up T = 20. However, let us consider a different set-up, based on
the given one, where we reduce the speed of the river and that of the boat by the
same quantity. We shall compute the time the ball was in the water in this more
convenient set-up, but the answer will be enough to find the answer of the question
in the given problem. Notice that everything depends on v -c and v + c, where c is
the speed of the river relative to the banks of the river and v is the speed of the the
boat relative to the river. Thus, v -c and v + c are the speed of the boat relative to
the banks of the river when going up-stream and down-stream, respectively. Notice
that the differences v -c and v + c do not change if we subtract or add the same
quantity from both v and c. So, let us reduce all velocities by the velocity of the
river, i.e, in the new ""world"" the river will become stationary, which means that
the boat will be traveling with the same speed going either up or down the river.
In particular, if it takes T minutes to notice the missing ball, it will take another
T minutes to get back to it (the ball is not moving!), hence the ball will be overall
2T minutes in the water. Now, if we go back to the given world we only need to
notice that relative quantities will be preserved, hence it will be again 2T minutes
until the ball is retrieved.
Solution 2: Alternatively, let T1 be the time the boat travels back down the river
chasing the ball. So the ball is in the water T + T1 minutes. During this time the
ball traveled the distance (T + T1)c, while the boat traveled a distance (v -c)T up
the river and (v + c)T1 down the river (all distances are measured with respect to
the banks of the river). Since at the end, the boat and the ball are at the same
place, from the place the ball was dropped, we have (T +T1)c = T1(v+c)-T(v-c).
Simplifying we find 0 = T1v-Tv, hence T1 = T = 20 and it will be again 40 minutes
until the ball is retrieved.",375aaa
2013_MO_L1Sol.pdf,13,,"It takes 3 hours filling a pool using two pipes. It takes 5 hours to fill the pool
using only the larger pipe. How long does it take to fill the pool using only the
smaller pipe?
(a) 1.5 hours
(b) 4 hours
(c) 7.5 hours
(d) 5 hours
(e) none of the above
The answer is: (c)
5

SVSU 2013 Math Olympics","s Level I-page 6 of 12
Solution: Let x be the amount of time it takes for the smaller pipe to fill the pool.
Assuming that the smaller and larger pipe are filling at a constant rate, then the
smaller pipe fills the pool at the rate of 1/x, while the larger pipe fills the pool at
the rate of 1/5. We know that if both are filling the pool it will take 3 hours, i.e.,
1
x + 1
5 = 1",376aaa
2013_MO_L1Sol.pdf,14,,"In a certain football league, the only way to score is to kick a field goal for 3
points or score a touchdown for 7 points. Thus the scores such as 1, 4 and 8 are not
possible. How many positive scores are not possible?
(a) 5
(b) 6
(c) 9
(d) 11
(e) infinitely many
The answer is: (b)","One checks directly that the following list of scores up to 14 is the
complete list of obtainable scores up to that point: 3, 6, 7, 9, 10, 12, 13, 14. Now,
we have 3 consecutive scores, namely 12, 13, and 14, which are obtainable, and this
implies every score greater than 14 is obtainable. To see this, observe that if n is an
obtainable score, then so is n + 3 (simply add another field goal to whatever it took
to get n points); hence, 15 = 12+3, 16 = 13+3, and 17 = 14+3 are all obtainable
and so are 18 = 15+3, 19 = 16+3, 20 = 17+3, and so on. Therefore, the positive
integral scores which are not obtainable are 1, 2, 4, 5, 8, and 11. Thus, the answer
is 6.",377aaa
2013_MO_L1Sol.pdf,15,,"For all x such that x ̸= 2, -2
5 , 0, what is
-24
4x+8x2-5x3 +
1
2-x equal to?
2x2+5x3
(c)
-5
5x2+2x
(d)
-5-12
(a)
12
5x2+2x
(b) 5x2+12x
x
5x+2
(e) none of the above
The answer is: (d)","6

SVSU 2013 Math Olympics
Solutions Level I-page 7 of 12
-24
4x + 8x2 -5x3 +
1
2 -x =
-24
x(2 -x)(2 + 5x) +
1
2 -x
=
-24
x(2 -x)(2 + 5x) +
x(2 + 5x)
x(2 + 5x)(2 -x)
= -24 + 2x + 5x2
x(2 + 5x)(2 -x)
= (x -2)(5x + 12)
x(2 + 5x)(2 -x)
Now when x ̸= 2, -2
5 , 0, we do have
-24
4x -x2 -5x3 +
1
2 -x = -(2 -x)(5x + 12)
x(2 + 5x)(2 -x) = -5x -12
5x2 + 2x
So it does not satisfy (a) and (c). The next line below shows that it also does not
satisfy (b):
5x2 + 12x
2x2 + 5x3 = x(5x + 12)
x(2x + 5x2) = 5x + 12
5x2 + 2x.
However,
-5 -12
x
5x + 2 = (-5 -12
x ) \cdot x
(5x + 2) \cdot x = -5x -12
5x2 + 2x
Hence it does satisfy (d).",378aaa
2013_MO_L1Sol.pdf,16,,"For how many integers n between 1 and 100 does x2 + x -n factor into the
product of two linear factors with integer coefficients?
(a) 9
(b) 2
(c) 1
(d) 10
(e) none of the above
The answer is: (a)","1: Since -n < 0, it follows that x2 + x -n = (x -a)(x + b) where a and
b are positive integers. Thus n = ab and b = 1 + a by expanding the right hand side
of the above equality. Here are the possible choices for a and b:
a: 1 --- 2 ---. . .--- 9 --- 10
b: 2 --- 3 ---. . .--- 10 --- 11
n = ab: 1 \cdot 2 = 2 --- 2 \cdot 3 = 6--- . . . ---9 \cdot 10 = 90 --- 10 \cdot 11 = 110.
There are 9 values for n between 1 and 100.
Solution 2: By the quadratic formula, x2 + x -n = (x -x1)(x -x2) where
x1, x2 = -1 \pm \sqrt{1} + 4n
2
.
7

SVSU 2013 Math Olympics
Solutions Level I-page 8 of 12
Since x1 and x2 are integers, 1 + 4n = m2 for some positive integer m. Since 1 + 4n
is odd, m must be odd, i.e., m = 2k + 1 for some integer k. Every odd square is of
the form 1 + 4n since
m2 = (2k + 1)2 = 4k2 + 4k + 1 = 4(k2 + k) + 1.
Since 1 \len \le100, the answer is the number of odd squares between 5 = 1+4\cdot1 and
401 = 1+4\cdot100. There are nine odd squares in that range, 32, 52, 72, 92, 112, 132, 152, 172, 192.",379aaa
2013_MO_L1Sol.pdf,17,,"On \bigtriangleupABC, point D lies on the segment AB, point E lies on BC, and point F
lies on CA. If AD
DB = BE
EC = CF
FA = 2
3, and the area of \bigtriangleupABC equals 1, then what is
the area of \bigtriangleupDEF? Note that the figure below is not drawn to the scale.
(a) 5
9
(b) 4
9
(c)
3
25
(d)
7
25
(e)
6
25
The answer is: (d)","We compare first the area A of \bigtriangleupADF and the area A' of \bigtriangleupABC, and we
use that A' = 1. Let h denote the length of the altitude FF ' drawn from F in the first
triangle and h' the length of the altitude CC' drawn from C in the second triangle.
Then \bigtriangleupFAF ' is similar to \bigtriangleupCAC'.
Since CF/FA = 2/3, we see that FA =
(3/5)CA. Hence, h = (3/5)h'. Also, AD/DB = 2/3 implies AD = (2/5)AB. It
follows that A = (1/2)h(AD) = (6/25)(1/2)h'(AB) = (6/25)A' = 6/25. Similarly,
we deduce that each of \bigtriangleupEDB and \bigtriangleupCFE has area 6/25. It follows that \bigtriangleupDEF
has area 1 -3(6/25) = 7/25.",380aaa
2013_MO_L1Sol.pdf,18,,"When Alice entered the Forest of Forgetfulness, she forgot the day of the week.
She met the Lion and the Unicorn resting under a tree. The Lion lies on Mondays,
Tuesdays and Wednesdays and tells the truth on the other days of the week. The
8

SVSU 2013 Math Olympics","s Level I-page 9 of 12
Unicorn, on the other hand, lies on Thursdays, Fridays, and Saturdays, but tells the
truth on the other days of the week. They made the following statements:
Lion: ""Yesterday was one of my lying days.""
Unicorn: ""Yesterday was one of my lying days.""
From these two statements, Alice was able to deduce the day of the week. What
day was it?
(a) Monday
(b) Wednesday
(c) Thursday
(d) Friday
(e) Sunday
The answer is: (c)
Solution: If the Lion is telling the truth, the day of the week must be Thursday. If
he is lying, then the day of the week must be Monday. So the day of the week must
be either Thursday or Monday. If the Unicorn is telling the truth, the day of the
week must be Sunday. If he is lying, then the day of the week must be Thursday.
The day of the week cannot be Sunday (since we have already said that it must be
Thursday or Monday). Therefore, it must be Thursday.",381aaa
2013_MO_L1Sol.pdf,19,,"Suppose that f(x) = ax2 -
\sqrt
2 for some positive real number a.
If f(f(
\sqrt
2)) = -
\sqrt
2, then what is a equal to?
2
2
(d) 2 -
\sqrt
2
2
(b) 2+
\sqrt
2
2
(c) 2-
\sqrt
(a)
\sqrt
2
(e) none of the above
The answer is: (a)","f(f(
\sqrt
2)) = a(2a -
\sqrt
2)2 -
\sqrt
2 which we set equal to -
\sqrt",382aaa
2013_MO_L1Sol.pdf,20,,"From a class of 12 students, 3 are chosen to form a math contest team. The
team is required to include at least one boy and at least one girl. If exactly 160
different teams can be formed from the 12 students, then which of the following can
be the difference between the number of boys and the number of girls in the class?
(a) 0
(b) 2
(c) 4
(d) 6
(e) 8
The answer is: (c)","If g is the number of girls and b is the number of boys, then g + b = 12.
A team can be chosen by selecting one of the g girls, one of the b boys, and one
of the remaining g + b -2 = 10 students. If we consider every such formulation of
a team, we will count each team twice (for example, if the first person selected is
Bing and the second person selected is Curt and the third person selected is Dave,
this will result in the same team as selecting first Bing, then Dave, and then Curt).
9

SVSU 2013 Math Olympics
Solutions Level I-page 10 of 12
Hence, the total number of teams possible is 5gb. Since this total is 160, we obtain
that gb = 32. Given g + b = 12 and gb = 32, we get that g and b are 8 and 4 in
some order. The difference is then the answer indicated.",383aaa
2013_MO_L1Sol.pdf,21,,"An integer valued point in the xy plane is a point (a, b) where both a and b
are integers. How many integer valued points are on or inside a circle of radius 4
centered at the origin?
(a) 48
(b) 29
(c) 60
(d) 31
(e) none of the above
The answer is: (e)","We are counting the points (x, y) where x and y are integers satisfying
the
\sqrt
x2 + y2 \le4.
One can run through the various possibilities:
- if y = 0, then x can be any number from -4 to 4 so this is 9 points.
- if y = \pm1, then there are 7 possibilities for x ranging from -3 to 3.
- if y = \pm2, then there are still 7 possibilities for x ranging from -3 to 3.
- if y = \pm3, then there are 5 possibilities for x ranging from -2 to 2.
- and finally when y = \pm4 the only possible value for x is 0.
Adding all the possibilities up gives
9 + 7 + 7 + 7 + 7 + 5 + 5 + 1 + 1 = 49.",384aaa
2013_MO_L1Sol.pdf,22,,"Consider the points A(-5, -1), B(-1, 0), C(1, 2), and D(1, 3). Let P be a point
and let d = PA2 + PB2 + PC2 + PD2 so that d is the sum of the squares of the
distances from P to each of A, B, C, and D. What is the least possible value for d?
(a) 30
(b) 42
(c) 36
(d) 38
(e) 34
The answer is: (e)","Let P = (x, y). Then
d = (x + 5)2 + (y + 1)2 + (x + 1)2 + y2 + (x -1)2 + (y -2)2 + (x -1)2 + (y -3)2, i.e.,
d = 4x2 + 8x + 4y2 -8y + 42 = 4(x + 1)2 + 4(y -1)2 + 34.
Since (x+1)2 \ge0 for all x with equality precisely when x = -1 and since (y-1)2 \ge0
for all y with equality precisely when y = 1, the minimum value of d is 34 (obtained
when x = -1 and y = 1).
10

SVSU 2013 Math Olympics
Solutions Level I-page 11 of 12",385aaa
2013_MO_L1Sol.pdf,23,,"Suppose that ABCD is a rectangle, and that E is a point on CD. Let X be
the area of \bigtriangleupAED, Y be the area of \bigtriangleupBCE, and Z be the area of \bigtriangleupABE, and
suppose that Y 2 = XZ. What is the value of DE
EC ?
5
3
(b) -1+
\sqrt
(a)
\sqrt
5
2
(c)
\sqrt
3
2
(d) 3
5
(e) none of the above
The answer is: (b)","We use that (2Y )2 = (2X)(2Z) and AD = BC. Since 2Y is twice the
area for \bigtriangleupBCE, we deduce 2Y = EC\timesBC. Similarly, 2X = DE\timesAD = DE\timesBC
and 2Z = (DE + EC) \times BC. Hence, EC2BC2 = DE \times BC \times (DE + EC) \times BC so
that EC2 = DE2 + DE \times EC. Dividing by EC2, we see that DE/EC is a solution
of 1 = x2 + x. By the Quadratic Formula, x2 + x -1 has (-1 +
\sqrt
5)/2 as its only
positive root. Hence, DE/EC = (-1 +
\sqrt
5)/2.",386aaa
2013_MO_L1Sol.pdf,24,,"The area of a square with diagonal
\sqrt
8 is
(a) 8
(b) 2
\sqrt
2
(c) 4
(d)
\sqrt
2
(e) none of the above
The answer is: (c)","If the square has side c, then by pythagorean theorem, 2c2 = 8 (as the
diagonal is the hypothenuse of the isosceles right triangle form by two consecutive
sides of the triangle). Hence c2 = 4 which is the area of the square.",387aaa
2013_MO_L1Sol.pdf,25,,"For how many integers m, with 10 \lem \le100, is m2 + m -90 divisible by 17 ?
(a) 7
(b) 8
(c) 9
(d) 10
(e) none of the above
The answer is: (d)
11

SVSU 2013 Math Olympics","s Level I-page 12 of 12
Solution: Since m2+m-90 = (m-9)(m+10), we have that 17 divides m2+m-90
if and only if 17 divides m -9 or m + 10. The m with 10 \lem \le100 such that
m -9 is divisible by 17 are 26, 43, 60, 77, and 94. The m with 10 \lem \le100 such
that m + 10 is divisible by 17 are 24, 41, 58, 75, and 92. Hence, the answer is 10.
*****
Dear Teachers/Students:
If you do have any suggestions about the competition, or if you have different solu-
tions to any of this year's problems, please send them by mail or e-mail to
Dr. Olivier Heubo-Kwegna
Department of Mathematical Sciences
Sagunaw Valley State University
University Center, MI 46710
oheubokw@svsu.edu
Remember to visit us for information about past competitions at
http://www.svsu.edu/matholympics/
The SVSU Math Olympic Committee would like to express his gratitude to all
participants.
*****
12",388aaa
2013_MO_L2Sol.pdf,1,,"The following inequalities hold for all positive integers n:
\sqrt
n + 1 -\sqrtn <
1
\sqrt{4}n + 1 < \sqrtn -
\sqrt
n -1.
What is the greatest integer which is less than
24
\sum
1
\sqrt{4}n + 1?
n=1
(a) 2
(b) 3
(c) 4
(d) 5
(e) 6
The answer is: (c)","The inequalities
\sqrt
n + 1 -\sqrtn <
1
\sqrt{4}n + 1 < \sqrtn -
\sqrt
n -1
imply
24
\sum
24
\sum
\sqrtn -
\sqrt
1
\sqrt{4}n + 1 <
n -1
n=1
n=1
= (
\sqrt
1 -
\sqrt",389aaa
2013_MO_L2Sol.pdf,2,A,"Find the closest integer to a + b if
a = 1
4 + 3
8 + 5
12 + . . . + 1005
2012
and
b = 5
8 + 7
12 + 9
16 + . . . + 1009
2016.
(a) 503
(b) 502
(c) 1
(d) 0
(e) none of the above
The answer is: (a)","dding the two numbers and grouping the terms as shown we compute
4 +
(3
)
+
( 5
)
+ . . .
(1005
)
+ 1009
a + b = 1
8 + 5
12 + 7
2012 + 1007
2016.
8
12
2012
We use the fact that
( 3
2012
)
= 1 and the fact that there
are (2012/4) -1 such terms, to get a + b = 502 + 1
8
)
=
( 5
12
)
= . . . =
( 1005
8 + 5
12 + 7
2012 + 1007
4 + 1009
2016. Now, since 1009
2016 > 1
4, it follows
that 1
4 + 1009
2016 > 1",390aaa
2013_MO_L2Sol.pdf,3,,"How many 4 digit numbers with first digit 2 have exactly one pair of two identical digits
(like 2011, or 2012)?
(a) 216
(b) 108
(c) 432
(d) 54
(e) none of the above
The answer is: (c)","The repeated number is either a 2 or a digit in the set {0, 1, 3, 4, 5, 6, 7, 8, 9}.
Let A be the set of 4 digit numbers starting with 2 which have an additional 2 among its
digits and no other repeated digits. We have 3 ways of choosing where to place the 2. The
additional two digits can be assigned in 9\times8 ways. Therefore, the number of elements of the
set A is |A| = 3 \times 72 = 216. Let B be the set of 4 digit numbers starting with 2 which have
a repeated digit among the remaining three digits. There are three ways of choosing where
the two repeated digits among {0, 1, 3, 4, 5, 6, 7, 8, 9} go. Since there are 9 possible digits to
choose from, we have 27 ways of placing these digits. Once we have chosen this digit there
are 8 remaining digits left to place in the other digit. Hence there are 27 \times 8 = 216 ways
of placing the digits in B. Since A and B are disjoint sets we can compute the number of
elements which are either in A or in B as follows |A \cupB| = |A| + |B| = 216 + 216 = 432.
2

SVSU 2013 Math Olympics
Solution Level II-page 3 of 13",391aaa
2013_MO_L2Sol.pdf,4,,"Which of the following is an algebraic expression of sin(sin-1 x+cos-1 y), for -1 \lex \le1
and -1 \ley \le1?
(a) xy +
\sqrt
1 -x2 + x
\sqrt
1 -x2\sqrt
1 -x2\sqrt
1 -y2
(b) y
\sqrt
1 -y2
(c) 2
\sqrt
1 -y2
1 -x2\sqrt
(d) xy \pm
\sqrt
1 -y2
(e) none of the above
The answer is: (a)","Let \alpha = sin-1 x and \beta = cos-1 y, i.e., x = sin \alpha with -\pi
2 \le\alpha \le\pi
2 and y = cos \beta
with 0 \le\beta \le\pi respectively. Since -\pi
2 \le\alpha \le\pi
2, we have cos \alpha \ge0. As a result,
cos \alpha =
\sqrt
1 -sin2 \alpha =
\sqrt
1 -x2.
Similarly, since 0 \le\beta \le\pi, we have sin \beta \ge0. Then
sin \beta =
\sqrt
1 -cos2 \beta =
\sqrt
1 -y2.
Hence
sin(sin-1 x + cos-1 y) = sin(\alpha + \beta) = sin \alpha cos \beta + cos \alpha sin \beta = xy +
\sqrt
1 -x2\sqrt
1 -y2.",392aaa
2013_MO_L2Sol.pdf,5,,"The Bayes family has two cars. One of them has a 90% chance of starting on any given
morning, and the other has an 80% chance. On any given morning, what is the probability
that at least one of the cars will start?
(a) .72
(b) .9
(c) .7
(d) .98
(e) none of the above
The answer is: (d)","The probability that the first car won't start is .1. The probability that the
second car won't start is .2. So the probability that they both fail to start is .02. (We
assume the events are independent.) At least one starting is the complement of both failing,
so the probability that at least one starts is 1 -.02 = .98.",393aaa
2013_MO_L2Sol.pdf,6,,"In the sum below, the letter F = 0, and the other letters represent the digits 1, 2, 3, 4, 5,
or 6, with each digit used exactly once. The 2-digit integer AB is a prime number. What is
the value of A + B ?
AB
+
CD
---
EFG
(a) 7
(b) 5
(c) 4
(d) 3
(e) none of the above
The answer is: (a)
3

SVSU 2013 Math Olympics","Level II-page 4 of 13
Solution: Since AB is prime, B is either 1 or 3. Also, A + C \le11, so E = 1. It follows
that B = 3. Since D \le6, B + D < 10 and A + C = 10. We deduce that A and C must be
4 and 6 in some order. Since 63 is not prime, AB = 43. The answer is 4 + 3 = 7.",394aaa
2013_MO_L2Sol.pdf,7,,"Which of the following functions is the inverse to the function
f(x) = x15 -6x10 + 12x5 -8?
(a) No inverse exists because the function is not one-to-one
(b) f -1(x) =
15\sqrt
x+8
x15+6x10+12
3\sqrtx + 2
(d) f -1(x) =
15\sqrt
(c) f -1(x) =
5\sqrt
10\sqrtx
6
+
5\sqrtx
12 + 8
(e) none of the above
The answer is: (c)","We can factor f(x) to get f(x) = (x5-2)3. To find the inverse we set y = (x5-2)3,
then we switch the variables x and y to get x = (y5 -2)3; and then solve for y. Take the
cube root of both sides, add 2 to both sides and then take the fifth root of both sides to get
y =
5\sqrt
3\sqrtx + 2.",395aaa
2013_MO_L2Sol.pdf,8,,"A finite sequence a0, a1, . . . , an of integers is called a curious sequence if it has the property
that for every k = 0, 1, 2, . . . , n, the number of times k appears in the sequence is ak. For
example, a0 = 1, a1 = 2, a2 = 1, a3 = 0 forms a curious sequence. Let a0, a1, . . . , a100 be a
curious sequence. What is the value of the sum \sum100
k=0 ak?
(a) 201
(b) 101
(c) 200
(d) 100
(e) none of the above
The answer is: (b)","The sum \sum100
k=0 ak is simply the sum of the number of times one of the numbers
0, 1, 2, . . . , 100 occurs in the sequence. On the other hand, each of a0, a1, . . . , a100 is one of
the numbers 0, 1, 2, . . . , 100. Thus, the sum is the number of terms in the sum, namely 101.",396aaa
2013_MO_L2Sol.pdf,9,,"sin 3\theta =?
(a) 3(cos2 \theta -sin2 \theta)
(b) sin2 \theta cos \theta
(c) 3 sin \theta
(d) 3 sin \theta -4 sin3 \theta
(e) none of the above
The answer is: (d)
4

SVSU 2013 Math Olympics","Level II-page 5 of 13
Solution: It is easy to see that
sin 3\theta = sin(2\theta + \theta) = sin 2\theta cos \theta + cos 2\theta sin \theta = (2 sin \theta cos \theta) cos \theta + (2 cos2 \theta -1) sin \theta =
2 cos2 \theta sin \theta +2 cos2 \theta sin \theta -sin \theta = 4 cos2 \theta sin \theta -sin \theta = 4(1-sin2 \theta) sin \theta -sin \theta = 3 sin \theta -
4 sin3 \theta.",397aaa
2013_MO_L2Sol.pdf,10,,"If f
(
x
x-1
)
= 1
x for all x ̸= 0, 1 and 0 < \theta < \pi/2, then f(sec2 \theta) =
(a) cot2 \theta
(b) tan2 \theta
(c) cos2 \theta
(d) sin2 \theta
(e) none of the above
The answer is: (d)","If
x
x-1 = sec2 \theta, then x = x sec2 \theta -sec2 \theta. It follows that x(sec2 \theta -1) = sec2 \theta,
i.e.,
x =
sec2\theta
sec2 \theta-1 = sec2\theta
tan2 \theta =
1
sin2 \theta. Hence f(sec2 \theta) = sin2 \theta.",398aaa
2013_MO_L2Sol.pdf,11,,"The sum of all real numbers x such that (2x -4)3 + (4x -2)3 = (4x + 2x -6)3 is
(a) 3
(b) 7/2
(c) 2
(d) 5/2
(e) none of the above
The answer is: (b)","Note: We shall use the identity (a + b)3 = a3 + 3a2b + 3ab2 + b3 with a = 2x -4 and
b = 4x -2, in which case, a + b = 4x + 2x -6 and therefore we are given (a + b)3 = a3 + b3.
Hence 3a2b + 3ab2 = 0, i.e., a = 0 or b = 0, or a + b = 0 after factoring by ab. Thus
a = 2x -4 = 0, i.e., x = 2;
or b = 4x -2 = 0, i.e., x = 1/2;
or a + b = 4x + 2x -6 = (2x + 3)(2x -2) = 0, i.e., x = 1.
Note that 2x + 3 = 0 has no real roots. Therefore, the sum of the roots is 2 + 1
2 + 1 = 7",399aaa
2013_MO_L2Sol.pdf,12,,"Let C be a point on the segment AB. Consider the region shaded below, that is bounded
by the three semicircles with diameters AC, AB and BC respectively. Let a, b and c be the
lengths of AC, CB and CD, respectively. Then the area of the region is
4c2 cm2
(a) \pi
2ab cm2
(b) \pi
4ac cm2
(c) \pi
4bc cm2
(d) \pi
(e) none of the above
The answer is: (d)","In the first step we only use that the area of a disc of radius r is \pir2. Therefore, the sought
area is
A = \pi
2
(( a+b
2
)2)
= \pi
2
)2 -
(a
2
)2 -
( b
4ab.
In the next step we use the properties of intersecting chords (or the formula for the height of
the right triangle drawn from the hypothenuse to the opposite vertex) from which we have
c2 = ab using that c is half of the length of the chord through C and D. Thus the above
formula for the area can be written as A = \pi
4c2.
6

SVSU 2013 Math Olympics
Solution Level II-page 7 of 13",400aaa
2013_MO_L2Sol.pdf,13,,"In an isosceles triangle, the inscribed circle has radius 2. Another circle of radius 1 is
tangent to the inscribed circle and the two equal sides. What is the area of the triangle?
(a) 20
(b) 11
\sqrt
3
(c) 13
\sqrt
2
(d) 16
\sqrt
2
(e) none of the above
The answer is: (d)","Let A, B, and C be the vertices of the triangle with AB = AC. Let D be the
center of the smaller circle and E the center of the larger circle. Let F be such that AF
is an altitude for \bigtriangleupABC. Let h = AF and x = FC so that the area of \bigtriangleupABC is hx.
Drawing radii for the circles from their centers to the side AC, we obtain two smaller right
triangles each having its hypotenuse on AF and each similar to \bigtriangleupAFC. Thus, AD/1 =
(AD + 3)/2 = AC/FC =
\sqrt
h2 + x2/x. The first of these equations implies AD = 3. Since
h = AD + 5, we obtain h = 8. Hence, 3 =
\sqrt
64 + x2/x so that 9x2 = 64 + x2. Thus, x2 = 8
and hx = 8
\sqrt
8 = 16
\sqrt",401aaa
2013_MO_L2Sol.pdf,14,,"Find the length of the third side of a triangle if the area of the triangle is 20 and two of
its sides have lengths of 5 and 10.
(a)
\sqrt
65
(b) 3
\sqrt
5
(c) 8
(d) 6
(e) none of the above
The answer is: (a)
7

SVSU 2013 Math Olympics","Level II-page 8 of 13
Solution: Let ABC be the triangle with sides AB = 5 and AC = 10. The formula for the
area using two sides AB and AC and the internal angle bA they make, may be written as
follows 20 = (1/2) \times 5 \times 10 \times sin( bA), i.e., sin( bA) = 20/25 = 4/5.
We now use the Cosine Law to find the length BC of the side opposing angle bA, that is,
BC2 = 52 + 102 -2 \times 5 \times 10 \times cos( bA) with cos( bA) =
\sqrt
1 -sin2( bA) to get
BC2 = 125 -100
\sqrt
1 -(4/5)2 = 125 -100(3/5) = 65 and so BC =
\sqrt",402aaa
2013_MO_L2Sol.pdf,15,,"Nathan just aced his math test and he is hoping that his parents will reward him for
his performance. Nathans parents decide that Nathan deserves a reward for his hard work;
however, they like to add a little bit of chance to the reward. Nathans parents have 5 crisp
new 5 dollar bills and 5 crisp new 10 dollar bills. They tell Nathan that he has to divide
the bills into two groups. Nathans parents explain that after blindfolding Nathan they will
place each group into a brown bag, after shuffling the bills. Then they will place one bag
on the right hand side of a table and one on the left hand side of the table. He will choose
one of the bags without examining them and then he will reach in and grab one of the bills.
What is the highest probability of picking a 10 dollar bill that Nathan can achieve among
all possible groupings of the bills?
(a) 4/9
(b) 5/9
(c) 13/18
(d) 1
(e) none of the above
The answer is: (c)","If Nathan divides the bills so that one $10 bill is alone and the remaining bills
are all together in the other bag, he has a 50% chance of choosing the bag with the $10 bill
in it and 50% chance of choosing the other bag. If he chooses the bag with the only $10 bill
Nathan will get a $10 bill with a probability p1 = 1, while if he chooses the other bag, the
probability of choosing a $10 bill is p2 = 4/9. Thus, the probability of choosing a $10 bill
with this distribution of the bills is
1
2p1 + 1
2p2 = 1
2 \times 1 + 1
2 \times 4
9 = 13",403aaa
2013_MO_L2Sol.pdf,16,,"How many ways are there to choose 4 different numbers from the set {1, 2, 3, 4, 5, 6, 7, 8, 9, 10}
so that no two of the 4 numbers are consecutive?
(a) 20
(b) 35
(c) 40
(d) 45
(e) none of the above
8

SVSU 2013 Math Olympics","Level II-page 9 of 13
The answer is: (b)
Solution: The problem is the same as counting the number of different strings of six 0's and
four 1's with no two 1's appearing next to each other. For example, the string 0100100101
corresponds to choosing the numbers 2, 5, 8, and 10 in the problem (the numbers correspond
to the positions of the 1's in the string of 0's and 1's). Such strings of 0's and 1's can be
obtained by putting 1's in any 4 of the blanks below and bringing the 0's and 1's together.
1 0
2 0
3 0
4 0
5 0
6 0
7
For example, the string 0100100101 above would correspond to putting 1's in the blanks
numbered 2, 4, 6, and 7. There are 7 blanks and 4 are to be selected so that the total number
of strings as above is
( 7
4
)
=
7!
3!4! = 35.
3 and xy = 144, then x+y",404aaa
2013_MO_L2Sol.pdf,17,B,"If x, y > 0, logy x + logx y = 10
2
=
(a) 30
(b) 12
\sqrt
2
(c) 13
\sqrt
3
(d) 24
(e) none of the above
The answer is: (c)","y symmetry in x and y, we can assume that x > y, and therefore that logy x \ge1.
Let a = logy x. Then, since logx y = 1/a, we solve a + 1
a = 10
3 to find a = 3 or a = 1/3.
Since a = logy x \ge1, a = 3, so logy x = 3, i.e., x = y3. Now from 144 = xy = y3y = y4, it
follows that y =
4\sqrt
144 =
\sqrt
12 = 2
\sqrt
3 and x = y3 = 24
\sqrt",405aaa
2013_MO_L2Sol.pdf,18,,"How many real numbers x satisfy the following equation
\sqrt
3 +
\sqrt
3 + \sqrt{3} + x = x?
(a) 0
(b) 1
(c) 2
(d) 3
(e) infinitely many
The answer is: (b)","If x < 0 the equation has no solution. So, let x \ge0. If \sqrt{3} + x > x, then
3 + \sqrt{3} + x > 3 + x, and
\sqrt
3 + \sqrt{3} + x > \sqrt{3} + x > x. Add 3 to the outer parts of the last
inequality and take square root to get
\sqrt
3 +
\sqrt
3 + \sqrt{3} + x > \sqrt{3} + x > x. So, the equation
has no solution if \sqrt{3} + x > x. Similarly, if \sqrt{3} + x < x, the equation has no solution. Also,
if \sqrt{3} + x = x and x \ge0, then there is only one solution. In fact, the quadratic equation
3 + x = x2 has one positive and one negative solution. The positive solution of 3 + x = x2
is the only solution of the equation of the problem.
9

SVSU 2013 Math Olympics
Solution Level II-page 10 of 13",406aaa
2013_MO_L2Sol.pdf,19,,"What is the coefficient of x18 in the polynomial
(1 + x)20 + x(1 + x)19 + x2(1 + x)18 + . . . + x18(1 + x)2?
(a) 1310
(b) 1320
(c) 1330
(d) 1340
(e) none of the above
The answer is: (c)","Let
f(x) = (1 + x)20 + x(1 + x)19 + x2(1 + x)18 + . . . + x18(1 + x)2.
The polynomial f(x) does not change if we multiply it by 1 = (1 + x) -x. Thus,
f(x) = ((1 + x) -x)((1 + x)20 + x(1 + x)19 + x2(1 + x)18 + . . . + x18(1 + x)2)
= (x + 1)21 -x19(1 + x)2.
The coefficient of x18 when the expression x19(1 + x)2 is expanded is clearly 0 (there is no
x18 term), so the coefficient of x18 in f(x) is simply the coefficient of x18 in (1 + x)21. By the
binomial theorem, this is
( 21
18
)
= 21 \times 20 \times 19
6
= 7 \times 10 \times 19 = 1330.",407aaa
2013_MO_L2Sol.pdf,20,,"Let f(x) be a function such that f(x) + f(
1
1-x) = x for all x not equal to 0 or 1. What
is the value of f(2)?
(a) 3
4
(b) 1
4
(c) 7
4
(d) Cannot be determined from the given information
(e) none of the above
The answer is: (c)","Substitute x = 2 to get f(2) + f(-1) = 2. Next, substitute x = -1 to get
f(-1) + f(1/2) = -1. Finally, substitute x = 1/2 to get f(1/2) + f(2) = 1/2. Solving the
above equations for f(2) we obtain f(2) = 7/4.",408aaa
2013_MO_L2Sol.pdf,21,,"Let a, b, and c be the three roots of x3 -64x -14. What is the value of a3 + b3 + c3 ?
(a) -36
(b) 42
(c) 12
(d) 36
(e) none of the above
The answer is: (b)
10

SVSU 2013 Math Olympics","Level II-page 11 of 13
Solution: The hypotheses in the problem imply
x3 -64x -14 = (x -a)(x -b)(x -c) = x3 -(a + b + c)x2 + . . . -abc.
Hence, a + b + c = 0. Also, since a, b, and c are roots of x3 -64x -14, we obtain
a3 = 64a + 14; b3 = 64b + 14; and c3 = 64c + 14.
Thus,
a3 + b3 + c3 = 64(a + b + c) + 3 \times 14 = 64 \times 0 + 3 \times 14 = 42.",409aaa
2013_MO_L2Sol.pdf,22,,"Let \bigtriangleupABC be an equilateral triangle whose side is of length 1 inch. Let P be a point
inside the triangle \bigtriangleupABC. Find the sum of the distances of P to the sides of the triangle
\bigtriangleupABC.
2
3
(c) 2
\sqrt
(a)
\sqrt
3
(d)
\sqrt
3
2
(b)
\sqrt
2
2
(e) none of the above
The answer is: (a)","Let d1, d2 and d3 be the distances of P to the sides of the triangle. Connect P with each of
the vertices of the given triangle, which splits the given triangle into three smaller triangles
\bigtriangleupPBC, \bigtriangleupPAC and \bigtriangleupPAB.
The area S of the given triangle is the sum of the areas of the three small triangles. The
formula for the area we want to use is that the area of a triangle is given by 1
2 times the
product of the length of any of its sides and the distance to it from the opposite vertex.
Therefore, we have S = 1
2(d1 + d2 + d3), since the side of the triangle is 1. This shows that
the sought sum d1+d2+d3 is independent of the position of P inside the triangle, and equals
twice the area. If we take P to be one of the vertices it follows d1 + d2 + d3 = h, where h is
the height of the equilateral triangle. This also follows from S = 1
2h. In any case, we have
11

SVSU 2013 Math Olympics
Solution Level II-page 12 of 13
to find h, which can be done in many ways. For example by the Pythagorean theorem we
have h2 + (1/2)2 = 1, which gives h =
\sqrt
3
2 .",410aaa
2013_MO_L2Sol.pdf,23,,"For how many integers n between 1 and 100 does x2 + x -n factor into the product of
two linear factors with integer coefficients?
(a) 9
(b) 2
(c) 1
(d) 10
(e) none of the above
The answer is: (a)","1: Since -n < 0, it follows that x2 + x -n = (x -a)(x + b) where a and b are
positive integers. Thus n = ab and b = 1 + a by expanding the right hand side of the above
equality. Here are the possible choices for a and b:
a: 1 --- 2 ---. . .--- 9 --- 10
b: 2 --- 3 ---. . .--- 10 --- 11
n = ab: 1 \cdot 2 = 2 --- 2 \cdot 3 = 6--- . . . ---9 \cdot 10 = 90 --- 10 \cdot 11 = 110.
There are 9 values for n between 1 and 100.
Solution 2: By the quadratic formula, x2 + x -n = (x -x1)(x -x2) where
x1, x2 = -1 \pm \sqrt{1} + 4n
2
.
Since x1 and x2 are integers, 1 + 4n = m2 for some positive integer m. Since 1 + 4n is odd,
m must be odd, i.e., m = 2k + 1 for some integer k. Every odd square is of the form 1 + 4n
since
m2 = (2k + 1)2 = 4k2 + 4k + 1 = 4(k2 + k) + 1.
Since 1 \len \le100, the answer is the number of odd squares between 5 = 1 + 4 \cdot 1 and
401 = 1+4\cdot100. There are nine odd squares in that range, 32, 52, 72, 92, 112, 132, 152, 172, 192.",411aaa
2013_MO_L2Sol.pdf,3,,"Find the area of the region that lies inside both circles.
(a) 12\pi -24
\sqrt
3
(b) 6\pi -4
\sqrt
3
(c) 12\pi -18
\sqrt
3
(d) 6\pi -12
\sqrt
3
(e) none of the above
The answer is: (c)","The area of one-fourth of the region can be seen to be the difference between the
area of a sector with radius 6 and internal angle \pi/6 radians and the area of a right triangle
with one side 3
\sqrt
3 and hypotenuse 6. The area of the sector is (1/2)(\pi/6)62 = 3\pi. The area
of the triangle is (1/2)(3
\sqrt
3)3 = 9
\sqrt
3/2. Hence, the answer is 4\times(6\pi-9
\sqrt
3)/2 = 12\pi-18
\sqrt",412aaa
2013_MO_L2Sol.pdf,25,,"Suppose 0 \leai < n for i = 0, 1, 2, . . . , r. The number (arar-1 . . . a1a0)n represents the
number arnr + . . . + a1n + a0 in base n. For example, (102)13 is the base 13 representation
of 1 \cdot 132 + 0 \cdot 131 + 2 \cdot 130 = 132 + 2 = 171. In which bases n is (11)n a perfect square?
(a) when n is a perfect square
(b) for all positive integer n
(c) no such n exists
(d) when n is one less than a perfect square
(e) none of the above
The answer is: (d)","We want (11)n = n + 1 = m2, i.e., n = m2 -1. Note: n and m are positive
integers, m \ge2. So n = {m2 -1|m = 2, 3, 4, . . .} = {3, 8, 15, 24, . . .}.
*****
Dear Teachers/Students:
If you do have any suggestions about the competition, or if you have different solutions to
any of this year's problems, please send them by mail or e-mail to
Dr. Olivier Heubo-Kwegna
Department of Mathematical Sciences
Sagunaw Valley State University
University Center, MI 46710
oheubokw@svsu.edu
Remember to visit us for information about past competitions at
http://www.svsu.edu/matholympics/
The SVSU Math Olympic Committee would like to express his gratitude to all participants.
*****
13",413aaa
2014_MO_L1Sol.pdf,1,,"If 2x = 2(1612) + 2(816), what is the value of x?
(a) 50
(b) 37
(c) 28
(d) 25
(e) none of the above
The answer is: (a)","Simplifying using exponent rules,
2(1612) + 2(816) = 2((24)12) + 2((23)16) = 2(248) + 2(248) = 4(248) = 22(248) = 250.
Therefore, since 2x = 2(1612) + 2(816) = 250, then x = 50.",414aaa
2014_MO_L1Sol.pdf,2,,"Suppose the operation *is defined on the set of integers by a *b = 1 -a -b.
Then for every two integers a and b, the value of a *(a *b) is the same as
(a) 0
(b) 2
(c) a
(d) b
(e) none of the above
The answer is: (d)","Using the definition of *, we have
a *(a *b) = a *(1 -a -b) = 1 -a -(1 -a -b) = 1 -a -1 + a + b = b.",415aaa
2014_MO_L1Sol.pdf,3,,"Determine all values of k, with k ̸= 0, for which the parabola y = kx2 + (5k +
3)x + (6k + 5) has its vertex on the x-axis.
(a) -3, -3
(b) -2, -6
(c) -1, -9
(d) 0, -12
(e) 1, 3
The answer is: (c)","For the parabola to have its vertex on the x-axis, the equation
y = kx2 + (5k + 3)x + (6k + 5) = 0 must have two equal real roots. That is, its
discriminant must equal 0, and so (5k + 3)2 -4k(6k + 5) = 0. Thus,
25k2 + 30k + 9 -24k2 -20k = 0, i.e., k2 + 10k + 9 = 0. So (k + 1)(k + 9) = 0 and
therefore, k = -1 or k = -9.",416aaa
2014_MO_L1Sol.pdf,4,,"Nana and Boris took the Math Olympics Contest. If we double Nana's score
we get 60 more than Boris's score. If we double Boris's score we get 90 more than
Nana's score. Determine the average of their two scores.
(a) 90
(b) 80
(c) 70
(d) 60
(e) none of the above
1

SVSU 2014 Math Olympics","s Level I-page 2 of 9
The answer is: (e)
Solution: Let N be Nana's score and B be Boris's score. Since two times Nana's
score was 60 more than Boris's score, then 2N = B + 60. Since two times Boris's
score was 90 more than Nana's score, then 2B = N+90. Adding these two equations,
we obtain 2N + 2B = B + N + 150 or N + B = 150 or N+B
2
= 75. Therefore, the
average of their two scores was 75.
(Note that we didn't have to solve for their individual scores. Alternatively, you
may solve each individual score to get N = 70 and B = 80 and the average of 70
and 80 is 75)",417aaa
2014_MO_L1Sol.pdf,5,,"The units digit in the product (52 + 1)(53 + 1)(523 + 1) is
(a) 3
(b) 5
(c) 6
(d) 2
(e) 1
The answer is: (c)","Since 52, 53 and 523 all end in 5, then 52 + 1, 53 + 1 and 523 + 1 all end
in 6. When we multiply these three numbers together their product must also end
in a 6.",418aaa
2014_MO_L1Sol.pdf,6,,"The number of integers x for which the value of
-6
x+1 is an integer is
(a) 2
(b) 4
(c) 6
(d) 8
(e) 9
The answer is: (d)","Since x is an integer, then x + 1 is an integer. Since
-6
x+1 is to be integer,
then x+1 must be a divisor of -6. Thus, there are 8 possible values for x+1, namely
-6, -3, -2, -1, 1, 2, 3, and 6. This gives 8 possible values for x, namely -7, -4, -3, -2,
0, 1, 2, and 5.",419aaa
2014_MO_L1Sol.pdf,7,,"On Monday, 10% of the students at SVSU were absent and 90% were present.
On Tuesday, 10% of those who were absent on Monday were present and the rest
of those absent on Monday were still absent. Also, 10% of those who were present
on Monday were absent and the rest of those present on Monday were still present.
What percentage of the students at SVSU were present on Tuesday?
(a) 99%
(b) 91%
(c) 90%
(d) 88%
(e) 82%
The answer is: (e)","Suppose that there are 10000 students at SVSU. On Monday, there
were thus 1000 students absent and 9000 students present. On Tuesday, 10% of
2

SVSU 2014 Math Olympics
Solutions Level I-page 3 of 9
the 9000 students who were present on Monday, or 0.1(9000) = 900 students, were
absent. The remaining 9000 - 900 = 8100 students who were present on Monday
were still present on Tuesday. Similarly, 10% of the 1000 students who were absent
on Monday, or 0.1(1000) = 100 students, were present on Tuesday. The remaining
1000 - 100 = 900 students who were absent on Monday were still absent on Tuesday.
Thus, there were 8100 + 100 = 8200 students present on Tuesday, or
8200
10000 \times 100%
= 82% of the whole student population.
(Note that this reasoning is independent of the initial choice of 10000 students, you
may assume that the initial population is x. Note also that 10000 is the actual
approximative number of students attending SVSU this year. You are welcome to
join us in the coming years!)",420aaa
2014_MO_L1Sol.pdf,8,,"Let n be the smallest positive integer whose digits have a product of 2000. The
sum of the digits of n is
(a) 21
(b) 23
(c) 25
(d) 27
(e) 29
The answer is: (c)","Since 2000 = 24 \times 53, the smallest possible positive integer satisfying the
required conditions is 25,558 which gives the sum 2 + 5 + 5 + 5 + 8 = 25.
(Note that another answer might be 23 since 44,555 satisfies the given conditions.
However, since 25, 558 < 44, 555 and the question requires the smallest number then
the answer must be 25 and not 23.)",421aaa
2014_MO_L1Sol.pdf,9,C,"Find the sum of all values of x that satisfy |x + 1| + 3|x -2| + 5|x -4| = 20.
(a) 2
(b) 5
(c) 6
(d) 9
(e) 11
The answer is: (c)","onsider the four cases, x < -1, -1 < x < 2, 2 < x < 4, and 4 < x.
Each of these gives rise to a linear equation in x. Just two of these have solutions
in the appropriate intervals, x = 1 and x = 5. Their sum is 6.",422aaa
2014_MO_L1Sol.pdf,10,,"You have 10 coins, all of different weights and you can weigh them only in pairs
in a two-pan balance. What is the minimal numbers of weighings needed to find the
heaviest coin?
(a) 45
(b) 12
(c) 10
(d) 9
(e) 5
The answer is: (d)
3

SVSU 2014 Math Olympics","s Level I-page 4 of 9
Solution: Each time you compare the new coin with the heaviest form the previous
pair. With each pair weighed, the best you can do is eliminate one coin at a time.
So 9 is the minimal numbers of pairs weighed.",423aaa
2014_MO_L1Sol.pdf,11,,"In his last will, a farmer asked that his horses be distributed among his four
sons. The oldest was to get one third of the herd, the second oldest, one fourth of
the herd, and each of the two youngest ones was to get one fifth of the herd. When
the sons read the will, they were puzzled because none of them were going to get an
integer number of horses. At that moment, they discovered that a baby horse had
just been born. Each son would receive an integer number of horses, but the baby
horse would be left over. How many horses did the farmer have originally?
(a) 29
(b) 59
(c) 89
(d)119
(e) 239
The answer is: (b)","Suppose the farmer originally had N horses. Splitting N + 1 horses as
described in the will and recalling that one horse is not distributed leads to
N + 1
3
+ N + 1
4
+ 2(N + 1)
5
= N
Adding the fractions yields
59(N + 1)
60
= N
Hence N = 59.",424aaa
2014_MO_L1Sol.pdf,12,,"An athlete covers three consecutive miles by swimming the first, running the
second and cycling the third. He runs twice as fast as he swims and cycles one and
a half times as fast as he runs. He takes ten minutes longer than he would if he had
cycled the whole three miles. How many minutes does he take?
(a) 16 minutes
(b) 22 minutes
(c) 30 minutes
(d) 46 minutes
(e) none of the above
The answer is: (b)","1: Let T denote the time in hours required to swim a mile. Then the
time required to run a mile is T
2 , and the time needed to cycle a mile is T
3 . It follows
that T + 1
2T + 1
3T -1
6 = 3( 1
3T), so T = 1
5, and T + 1
2T + 1
3T = 11
6 \cdot 1
5 = 11
30 hours,
which is 22 minutes.
Solution 2: Alternatively, let s be the swimming speed, r the running speed and
c the cycling speed in miles per minute. Then his total time for the three miles is
t = (1/s) + (1/r) + (1/c) = 10 + (3/c). Also, r = 2s and c = 1.5r. So c = 3s,
4

SVSU 2014 Math Olympics
Solutions Level I-page 5 of 9
1/s = 3/c and 1/r = 3/2c. Subbing in yields 5/2c = 10 and 1/c = 4. So the total
time is 10 + 3(4) = 22 minutes.",425aaa
2014_MO_L1Sol.pdf,13,,"Given that a and b are positive real numbers with a + b = 4, what is the
minimum value of
(
1 + 1
a
) (
1 + 1
b
)
?
(a) 2
(b) 3
(c) 4
(d) 8
3
(e) 9
4
The answer is: (e)","We have
(
1 + 1
a
) (
1 + 1
b
)
= 1+a+b+ab
ab
= 1 + 5
ab.
Thus, we need to maximize ab = a(4 -a) = 4a -a2. The maximum of a parabola
that opens downwards is at its vertex. So the maximum of 4a -a2 is at a = 2 and
hence b = 2.",426aaa
2014_MO_L1Sol.pdf,14,,"You own eleven pairs of socks, all different, and all of the socks are individually
jumbled in a drawer. One morning you rummage through the drawer and continue
to pull out socks until you have a matching pair. How many socks must you pull
out to guarantee having a matching pair?
(a) 3
(b) 6
(c) 11
(d) 12
(e) none of the above
The answer is: (d)","You might be unlucky and have the first eleven socks all different, but
then the 12th has to match one of them.",427aaa
2014_MO_L1Sol.pdf,15,,"Given that f(x) = (x5 -1)(x3 + 1), g(x) = (x2 -1)(x2 -x + 1), and h(x) is a
polynomial such that f(x) = g(x)h(x), what is the value of h(1)?
(a) 0
(b) 2
(c) 3
(d) 5
(e) undefined
The answer is: (d)","We have, after factorization,
f(x) = (x5 -1)(x3 + 1) = (x -1)(x4 + x3 + x2 + x + 1)(x + 1)(x2 -x + 1).
Since (x -1)(x + 1) = x2 -1, it follows that f(x) = (x2 -1)(x4 + x3 + x2 + x +
1)(x2 -x + 1) = (x4 + x3 + x2 + x + 1)g(x). Hence h(x) = x4 + x3 + x2 + x + 1 and
h(1) = 5.",428aaa
2014_MO_L1Sol.pdf,16,,"The set of all x such that (|x| -2)(1 + x) > 0 is exactly
5

SVSU 2014 Math Olympics","s Level I-page 6 of 9
(a) |x| > 2
(b) -2 < x < 1
(c) x > 2
(d) -2 < x < -1
(e) none of the above
The answer is: (e)
Solution: The inequality (|x|-2)(1+x) > 0 is satisfied if both factors are positive or
if both are negative. Both are positive if x > 2 and both are negative if -2 < x < -1.
So all x such that x > 2 or -2 < x < -1 satisfies the given inequality.",429aaa
2014_MO_L1Sol.pdf,17,,"A doll that is 4 inches tall represents a 64 inch person. A doll house is to be
made using the same scaling factor that is an exact model of a real house. If a
rectangular rug in the real house has an area of 32ft2, what size will the rug be in
the doll house?
(a) 18in2
(b) 24in2
(c) 512in2
(d) 42.66in2
(e) 2in2
The answer is: (a)","The linear scaling factor is found by:
doll length = person length \times scaling factor. So
4 in = 64 in \times scaling factor. Thus, scaling factor = 4in/64in = 1/16.
Since an area is a length times width, it will be multiplied by the square of the
scaling factor. The size of the doll house rug will be
(32ft2) 122in2
ft2
( 1
16
)2 = 32\cdot122
162 in2 = 18in2.",430aaa
2014_MO_L1Sol.pdf,18,,"What is the area of the region common to two unit circles with centers that are
\sqrt
2 apart?
2 -1
(b) 1
2(1 -\pi
4 )
(c) 1 -\pi
4
(d) \pi
(a) \pi
2
(e) none of the above
The answer is: (a)
6

SVSU 2014 Math Olympics","s Level I-page 7 of 9
Solution: Since the area of the square is 1 and the area of the sector is \pi/4, half
the area of the unshaded region inside the square is 1 -\pi
4 . So the shaded area is
1 -2(1 -\pi
4 ) = \pi
2 -1.",431aaa
2014_MO_L1Sol.pdf,19,,"Suppose that f(x) = ax + b where a and b are real numbers.
Given that
f(f(f(x))) = 8x + 21, what is the value of a + b?
(a) 6
(b) 5
(c) 4
(d) 3
(e) none of the above
The answer is: (b)","Since f(x) = ax + b, we have f(f(x)) = a(ax + b) + b = a2x + b(a + 1)
and f(f(f(x))) = a
(
a2x + b(a + 1)
)
+b = a3x+b(a2 +a+1). Since this must equal
8x + 21, we deduce that a = 2 and b = 21/7 = 3. Hence, a + b = 5.",432aaa
2014_MO_L1Sol.pdf,20,,"Curt's car gets 3 more miles per gallon during highway driving than it does
during city driving. On a recent trip, Curt drove 136 miles on the highway and 155
miles in the city, using a total of 9 gallons of gasoline. How many miles per gallon
does Curt's car get during city driving?
(a) 30
(b) 31
(c) 32
(d) 34
(e) 35
The answer is: (b)","Let x denote the number of miles per gallon Curt gets during city driving
so that x + 3 is the number of miles per gallon Curt gets during highway driving.
Then Curt used 155
x
gallons in the city and 136
x+3 gallons on the highway. Thus,
x + 136
155
x + 3 = 9 \Rightarrow9x2 -264x -(3 \times 155) = 0.
Factoring a 3 from the last equation gives 3x2 -88x -155 = 0. Hence,
(3x + 5)(x -31) = 0 so that x = 31.",433aaa
2014_MO_L1Sol.pdf,21,,"The area bounded by two concentric circles is 5\pi square centimeters.
The
difference between the radii of the circles is 1 centimeter. What is the radius of the
smaller circle, in centimeters?
(a) 6
(b) 1
(c) 2
(d) 3
(e) 4
The answer is: (c)","If r is the radius of the smaller circle, the area of the annular region is
(r + 1)2\pi -r2\pi = (2r + 1)\pi. The solution of the equation 2r + 1 = 5 is r = 2.
7

SVSU 2014 Math Olympics
Solutions Level I-page 8 of 9
Alternatively, let s be the radius of the larger circle Then 5\pi = s2\pi -r2\pi = (s -
r)(s + r)\pi. Since s -r = 1, s + r = 5, it follows that s = 3 and r = 2.",434aaa
2014_MO_L1Sol.pdf,22,,"Point A on a coordinate plane has coordinates (2, 0). Point B lies in the first
quadrant on the line x -y = 1. If the distance from point A to point B is 5 units,
what is the sum of the coordinates of point B?
(a)
\sqrt
41
(b) 9
(c) 3
(d) 11
(e) none of the above
The answer is: (b)","On the line x -y = 1, i.e., y = x -1. Plugging into distance formula
(and squaring both sides) you get: (x -2)2 + (x -1)2 = 25. Simplifying gives:
x2 -3x -10 = 0. Which can be solved by factoring to get x = 5 or -2. Since it is
in the first quadrant x = 5, so y = 5 -1 = 4.",435aaa
2014_MO_L1Sol.pdf,23,,"In the diagram, the perimeter of the semicircular region is 20. (The perimeter
includes both the semicircular arc and the diameter.) The area of the region is
2\pi
(
10
\pi+1
)2
(c) 200(\pi + 4)
(d) 400(\pi + 4)
(e) none of the above
2\pi
(
20
\pi+1
)2
(b) 1
(a) 1
The answer is: (e)","Suppose that the radius of the region is r. The length of the semi-circle
is half of the circumference, or 1
2(2\pir) = \pir. Thus, the perimeter of the shaded
region is \pir + 2r. Since the perimeter is 20, then \pir + 2r = 20 or r(\pi + 2) = 20 or
r =
20
\pi+2. Thus, the area of the semi-circle is half of the area of a circle with this
2\pi
(
20
\pi+2
)2
.
radius, or 1",436aaa
2014_MO_L1Sol.pdf,24,,"The area of a circle circumscribed about a regular hexagon is 200\pi. What is
the area of the hexagon?
8

SVSU 2014 Math Olympics","s Level I-page 9 of 9
(a) 300
\sqrt
3
(b) 600
\sqrt
3
(c) 60
\sqrt
3
(d) 600
(e) 1200
The answer is: (a)
Solution: A circle with an area of 200\pi = \pir2 has a radius of 10
\sqrt",437aaa
2014_MO_L1Sol.pdf,25,,"For how many integers n is the value of
n
50-n the square of an integer?
(a) 1
(b) 2
(c) 3
(d) 4
(e) 5
The answer is: (e)","Let
n
50-n = k2. Then n =
50k2
k2+1. Since (k2 + 1) -k2 = 1, it follows
that k2 + 1 and k2 are relatively prime unless k = 0. Now because n is an integer
and n = 50k2
k2+1, we see that k2 + 1 must divide 50 = 5 \times 5 \times 2. This happens when
k = 0, 1, 2, 3 or 7.
*****
Dear Teachers/Students:
If you do have any suggestions about the competition, or if you have different solu-
tions to any of this year's problems, please send them by mail or e-mail to
Dr. Olivier Heubo-Kwegna
Department of Mathematical Sciences
Sagunaw Valley State University
University Center, MI 46710
oheubokw@svsu.edu
Remember to visit us for information about past competitions at
http://www.svsu.edu/matholympics/
The SVSU Math Olympic Committee would like to express his gratitude to all
participants.
*****
9",438aaa
2014_MO_L2Sol.pdf,1,,"Define a function f by f(0) = c, f(-101) = -25348 and f(n -1) = f(n) + 5n -1 for
any integer n ( for example, f(-1) = f(0) -1). The value of c =?
(a) 6
(b) 5
(c) 4
(d) 3
(e) 0
The answer is: (d)","We have f(-1) = f(0) -1 = c -1, f(-2) = f(-1) -6 = c -1 -6, f(-3) =
f(-2) -11 = c -1 -6 -11, . . ., f(-101) = c -1 -6 -11 -16 -. . . -501 = -25348.
So c + (-1-501)\times101
2
= -25348 and it then follows that c = 3.",439aaa
2014_MO_L2Sol.pdf,2,,"Let f(x, y) be defined by f(x, 0) = x and f(x, y+1) = f(f(x, y), y): which of the following
is the largest?
(a) f(10, 15)
(b) f(11, 14)
(c)f(12, 13)
(d) f(13, 12)
(e) f(14, 11)
The answer is: (e)","Remark that f(x, 1) = f(f(x, 0), 0) = f(x, 0) = x, f(x, 2) = f(f(x, 1), 1) =
f(x, 1) = x, . . . , f(x, n) = x. So the biggest value is f(14, 11), since it has the largest x
value.",440aaa
2014_MO_L2Sol.pdf,3,,"How many integers can be expressed as a sum of three distinct numbers chosen from the
set {4, 7, 10, 13, . . . , 46}?
(a) 36
(b) 37
(c) 42
(d) 43
(e) 45
The answer is: (b)","Since each number is of the form 1 + 3n, n = 1, 2, 3, . . . , 15, the sum of the three
numbers will be of the form 3+3k+3l+3m where k, l and m are chosen from {1, 2, 3, . . . , 15}.
So the question is equivalent to the easier question of, ""How many distinct integers can be
formed by adding three numbers from, {1, 2, 3, . . . , 15}?""
The smallest is 1+ 2 + 3 = 6 and the largest is 13 +14 +15 = 42. It is clearly possible to
get every sum between 6 and 42 by:
- increasing the sum by one replacing a number with one that is 1 larger or,
1

SVSU 2014 Math Olympics
Solution Level II-page 2 of 12
- decreasing the sum by one by decreasing one of the addends by 1.
Thus all the integers from 6 to 42 inclusive can be formed. The answer, of course, is 37.",441aaa
2014_MO_L2Sol.pdf,4,,"How many solutions does the equation
sin(x) sin(2x) sin(3x) \cdot \cdot \cdot sin(11x) sin(12x) = 0
have in the interval (0, \pi]?
(a) 12
(b) 24
(c) 46
(d) 68
(e) none of the above
The answer is: (c)","If x is a solution of the equation, then lx = k\pi for some integers k and l with
1 \lel \le12. Thus x = k
l \pi. Since we want x to be in (0, \pi], the number of solutions equals the
number of fractions in (0, 1] with numerator an integer, and denominator a positive integer
\le12. Since we want to avoid counting the same solution twice (for example 2\pi/3 = 4\pi/6),
we need to count only fractions in lowest terms. Let \varphi(n) be the number of fractions in
lowest terms in (0, 1] with denominator n. Then \varphi(1) = 1, \varphi(2) = 1, \varphi(3) = 2, \varphi(4) = 2,
\varphi(5) = 4, \varphi(6) = 2, \varphi(7) = 6, \varphi(8) = 4, \varphi(9) = 6, \varphi(10) = 4, \varphi(11) = 10, \varphi(12) = 4. Adding
the above values of \varphi we get that the number of solutions is 46. (Note that \varphi(n) represents
the number of positive integers \len and relatively prime to n. In elementary number theory
class \varphi(n) is the so called Euler function.)",442aaa
2014_MO_L2Sol.pdf,5,,"Six tickets numbered 1 through 6 are placed in a box. Two tickets are randomly selected
and removed together. What is the probability that the smaller of the two numbers on the
tickets selected is less than or equal to 4?
(a) 14
15
(b) 13
15
(c) 4
5
(d) 3
5
(e) none of the above
The answer is: (a)","1: The possible pairs of numbers on the tickets are (listed as ordered pairs):
(1, 2), (1, 3), (1, 4), (1, 5), (1, 6), (2, 3), (2, 4), (2, 5), (2, 6), (3, 4), (3, 5), (3, 6), (4, 5), (4, 6), and
(5, 6). There are fifteen such pairs. (We treat the pair of tickets numbered 2 and 4 as being
the same as the pair numbered 4 and 2.)
The pairs for which the smaller of the two numbers is less than or equal to 4 are:
(1, 2), (1, 3), (1, 4), (1, 5), (1, 6), (2, 3), (2, 4), (2, 5), (2, 6), (3, 4), (3, 5), (3, 6), (4, 5), and (4, 6).
There are fourteen such pairs. Therefore, the probability of selecting such a pair of tickets
is 14",443aaa
2014_MO_L2Sol.pdf,15,,"2

SVSU 2014 Math Olympics","Level II-page 3 of 12
Solution 2: We find the probability that the smaller number on the two tickets is NOT
less than or equal to 4. Therefore, the smaller number on the two tickets is at least 5. Thus,
the pair of numbers must be 5 and 6, since two distinct numbers less than or equal to 6 are
being chosen. As in Solution 1, we can determine that there are fifteen possible pairs that
we can selected. Therefore, the probability that the smaller number on the two tickets is
NOT less than or equal to 4 is
1
15, so the probability that the smaller number on the two
tickets is less than or equal to 4 is 1 -1
15 = 14",444aaa
2014_MO_L2Sol.pdf,6,,"It is known that \sum\infty
n=1
1
n2 = \pi2
6 . What is the value of \sum\infty
n=1
1
(2n-1)2?
(a) \pi2
36
(b) \pi2
12
(c) \pi2
8
(d) \pi2
7
(e) none of the above
The answer is: (c)","Notice that (separating the odd and even terms)
\infty
\sum
\infty
\sum
\infty
\sum
1
n2 =
1
(2n -1)2 +
1
(2n)2.
n=1
n=1
n=1
Therefore,
\infty
\sum
\infty
\sum
\infty
\sum
1
(2n -1)2 =
1
n2 -
1
(2n)2
n=1
n=1
n=1
\infty
\sum
\infty
\sum
1
n2 -1
1
n2
=
4
n=1
n=1
\infty
\sum
1
n2
= 3
4
n=1
(\pi2
)
= 3
4
6
= \pi2
8",445aaa
2014_MO_L2Sol.pdf,7,,"If f(x) satisfies 2f(x) + f(1 -x) = x2 for all x, then f(x) =
(a) x2-3x+1
2
(b) x2+8x-3
9
(c) x2+2x-1
3
(d) 4x2+3x-2
6
(e) none of the above
The answer is: (c)
3

SVSU 2014 Math Olympics","Level II-page 4 of 12
Solution: The given equation 2f(x) + f(1 -x) = x2 holds for all x. In particular, the
equation holds if we replace x with 1-x. Thus, we deduce that 2f(1-x)+f(1-(1-x)) =
(1 -x)2, i.e., 2f(1 -x) + f(x) = (1 -x)2. Subtracting this equation from twice the given
equation results in 3f(x) = 2x2 -(1 -x)2 = x2 + 2x -1. Thus, f(x) = x2+2x-1
3
.",446aaa
2014_MO_L2Sol.pdf,8,,"If Sam and Peter are among 6 men who are seated at random in a row, the probability
that exactly 2 men are seated between them is
(a) 1/10
(b) 1/8
(c) 1/5
(d) 1/4
(e) none of the above
The answer is: (c)","The total number of the permutations of 6 is 6! = 6\times5\times4\times3\times2\times1. There are
6 \times 4! outcomes with exactly two men seated between Sam and Peter. To see this note that
the blanks can be filled in in four factorial ways: S,-- ,-- , P,-- ,-- for each of the six possible
positions of the S and P. The probability is therefore 6 \cdot 4!/6! = 1/5.
(Or note that once Peter has been seated, there is just one place out of the five remaining
for Sam to sit so that the two are separated by exactly two men.)",447aaa
2014_MO_L2Sol.pdf,9,B,"If
1
cos x -tan x = 3, what is value of sin x?
(a) -4/5
(b) 4/5
(c) 1
(d) 0
(e) none of the above
The answer is: (a)","eginning with the given equation, we have
1
cos x -tan x = 3, i.e.,
1
cos x -sin x
cos x = 3.
Multiplying both sides of the equality by cos x gives 1-sin x = 3 cos x. Now by squaring both
sides, we have 1-2 sin x+sin2 x = 9 cos2 x. Replacing cos2 x by 1-sin2 x and collecting like
terms, one obtains 5 sin2 x-sin x-4 = 0, i.e., (5 sin x+4)(sin x-1) = 0. Thus, sin x = -4/5
or sin x = 1.
If sin x = 1, then cos x = 0 which is inadmissible in the original equation.
Therefore,
sin x = -4/5.",448aaa
2014_MO_L2Sol.pdf,10,,"Define f(x) = sin6 x+cos6 x+k(sin4 x+cos4 x) for some real number k. Then the value
of k for which f(x) is constant for all values of x is
(a) 0
(b) 3
2
(c) -3
2
(d) 5
2
(e) 7
2
The answer is: (c)
4

SVSU 2014 Math Olympics","Level II-page 5 of 12
Solution: Since sin2 x + cos2 x = 1, then
f(x) = (sin2 x + cos2 x)(sin4 x -sin2 x cos2 x + cos4 x) + k(sin4 x + cos4 x)
= (sin4 +2 sin2 x cos2 x+cos4 x-3 sin2 x cos2 x)+k(sin4 x+2 sin2 x cos2 x+cos4 x-2 sin2 x cos2 x)
= ((sin2 x + cos2 x)2 -3 sin2 x cos2 x) + k((sin2 x + cos2 x)2 -2 sin2 x cos2 x)
= 1 -3 sin2 x cos2 x + k(1 -2 sin2 x cos2 x)
= (1 + k) -(3 + 2k) sin2 x cos2 x.
Therefore, if 3 + 2k = 0 or k = -3
2 , then f(x) = 1 + k = -1
2 for all x and so is constant.
(If k ̸= -3
2 , then we get
f(0) = 1 + k
f(1
4\pi) = (1 + k) -1
2(3 + 2k) + 1
4(3 + 2k) = 1
4 + 1
2k
f(1
6\pi) = (1 + k) -1
4(3 + 2k) + 1
16(3 + 2k) =
7
16 + 5
8k
which cannot be all equal for any single constant value, so f(x) is not constant if k ̸= -3
2 .)",449aaa
2014_MO_L2Sol.pdf,11,,"The function f(x) satisfies the equation f(x) = f(x -1) + f(x + 1) for all values of x.
If f(1) = 1 and f(2) = 3, what is the value of f(2014)?
(a) 3
(b) 1
(c) -1
(d) -3
(e) none of the above
The answer is: (c)","Since f(x) = f(x-1)+f(x+1), then f(x+1) = f(x)-f(x-1), and so f(1) = 1
f(2) = 3
f(3) = f(2) -f(1) = 3 -1 = 2
f(4) = f(3) -f(2) = 2 -3 = -1
f(5) = f(4) -f(3) = -1 -2 = -3
f(6) = f(5) -f(4) = -3 -(-1) = -2
f(7) = f(6) -f(5) = -2 -(-3) = 1 = f(1)
f(8) = f(7) -f(6) = 1 -(-2) = 3 = f(2)
Since the value of f at an integer depends only on the values of f at the two previous integers,
then the fact that the first several values form a cycle with f(7) = f(1) and f(8) = f(2) tells
us that the values of f will always repeat in sets of 6. Since 2014 is 4 more than a multiple
of 6 (as 2014 = 4 + 2010 = 4 + 6(335)), then f(2014) = f(2014 -6(335)) = f(4) = -1.",450aaa
2014_MO_L2Sol.pdf,12,,"In the diagram, the circle and the square have the same center O and equal areas. The
circle has radius 1 and intersects one side of the square at P and Q. What is the length of
PQ?
5

SVSU 2014 Math Olympics","Level II-page 6 of 12
(a) \sqrt{4} -\pi
(b) 1
(c)
\sqrt
2
(d) 2 -\sqrt\pi
(e) 4 -\sqrt\pi
The answer is: (a)
Solution: Since the circle has radius 1, then its area is \pi(12) = \pi. Since the square and the
circle have the same area, then the side length of the square is \sqrt\pi. Let M be the midpoint
of line segment PQ. Since PQ is a chord of the circle, then OM is perpendicular to line
segment PQ. Since OM is perpendicular to PQ and O is the center of the square, then OM
is half of the length of one of the sides of the square, so OM = 1
2
\sqrt\pi.
By the Pythagorean Theorem in \bigtriangleupOPM, we have
4\pi. Therefore, PQ = 2PM = 2
\sqrt
PM 2 = OP 2 -OM 2 = 12 -
( 1
2
\sqrt\pi
)2 = 1 -1
1 -1
4\pi =
\sqrt
4\pi) = \sqrt{4} -\pi.
4(1 -1",451aaa
2014_MO_L2Sol.pdf,13,,"In the figure, ABC is a quarter of a circular pizza with center A and radius 20 cm. The
piece of pizza is placed on a circular pan with A, B and C touching the circumference of the
pan, as shown. What fraction of the pan is covered by the piece of pizza?
(a) 1/4
(b) 1/
\sqrt
2
(c) 1/2
(d) 2
\sqrt
2
(e) none of the above
The answer is: (c)
6

SVSU 2014 Math Olympics","Level II-page 7 of 12
Solution: Since ABC is a quarter of a circular pizza with center A and radius 20 cm, then
AC = AB = 20cm. We are also told that \angle CAB = 90{\textopenbullet}(one-quarter of 360{\textopenbullet}). Since \angle CAB
= 90{\textopenbullet}and A, B and C are all on the circumference of the circle, then CB is a diameter
of the pan. (This is a property of circles: if X, Y and Z are three points on a circle with
\angle ZXY = 90{\textopenbullet}, then Y Z must be a diameter of the circle.) Since \bigtriangleupCAB is right-angled
and isosceles, then CB =
\sqrt
2AC = 20
\sqrt
2 cm. Therefore, the radius of the circular plate is
1/2CB or 10
\sqrt
2 cm. Thus, the area of the circular pan is \pi(10
\sqrt
2 cm)2 = 200\pi cm2. The
area of the slice of pizza is one-quarter of the area of a circle with radius 20 cm, or 1/4\pi(20
cm)2 = 100\pi cm2.
Finally, the fraction of the pan that is covered is the area of the slice of pizza divided by the
area of the pan, or 100\pi
200\pi = 1",452aaa
2014_MO_L2Sol.pdf,14,,"A right triangle ABC is given. Semicircles are constructed with the sides of the triangle
as diameters, as shown below. Suppose the area of the largest semicircle is 36 and the area
of the smallest one is 16. What is the area of the other one?
(a) 20
(b) 24
(c) 25
(d) 26
(e) none of the above
The answer is: (a)","Let a, b and c denote the lengths of the three sides, a = BC, b = AC, and
c = AB. Now a2 + b2 = c2 since the triangle is right. The areas of the three semicircles are
(1/2)\pi(a/2)2, (1/2)\pi(b/2)2, (1/2)\pi(c/2)2. Therefore, we have (1/2)\pi(a/2)2 +(1/2)\pi(b/2)2 =
\pi(a2 + b2)/8 = (\pi/8)c2, so the sum of the areas of the two smaller semicircles is the area of
the largest one. Thus the area of the middle one is 36 -16 = 20.",453aaa
2014_MO_L2Sol.pdf,15,,"How many positive integers less than 1000 have only odd digits?
(a) 125
(b) 155
(c) 165
(d) 150
(e) none of the above
The answer is: (b)
7

SVSU 2014 Math Olympics","Level II-page 8 of 12
Solution: There are five odd digits: 1, 3, 5, 7, 9.
We consider the positive integers less than 1000 in three sets: those with one digit, those
with two digits, and those with three digits. There are 5 positive one-digit integers with one
odd digit (namely 1, 3, 5, 7, 9). Consider the two-digit positive integers with only odd digits.
Such an integer has the form XY where X and Y are digits. There are five possibilities for
each of X and Y (since each must be odd). Therefore, there are 5\times5 = 25 two-digit positive
integers with only odd digits. Consider the three-digit positive integers with only odd digits.
Such an integer has the form XY Z where X, Y and Z are digits. There are five possibilities
for each of X, Y and Z (since each must be odd). Therefore, there are 5 \times 5 \times 5 = 125
three-digit positive integers with only odd digits. In total, there are 5 + 25 + 125 = 155
positive integers less than 1000 with only odd digits.",454aaa
2014_MO_L2Sol.pdf,16,,"The tips of a five-pointed star are to be painted red, white and blue. How many ways
can this be done if no adjacent points can be the same color?
(a) 30
(b) 10
(c) 40
(d) 45
(e) none of the above
The answer is: (a)","Let the 5 points be ABCDE. Note that to paint the 5 points in the prescribed
fashion, 2 colors must be used twice and one color just once. Also, note that if point A is the
color that is used only once, then there are only two ways to paint the star. Consider one
such set of colors, where red is the single color used. Then if A is painted red there are only
two ways to paint the rest of the star. A similar situation occurs if the points B, C, D, orE
are painted with the red. For this set of colors there are 10 ways to paint the star. Since
there are three different sets of colors, there are a total of 30 ways to paint the star.",455aaa
2014_MO_L2Sol.pdf,17,,"If x > 0, x ̸= 1, a = log2(x) and b = logx(7), what is log14(x)?
(a) ab
(b) a + b
(c) b -a
(d) a/b
(e) none of the above
The answer is: (e)","1: Note that b = logx 7 = log2 7
log2 x = log2 7
a , i.e., ab = log2 7. Hence
log14 x = log2 x
log2 14 =
a
log2 2 + log2 7 =
a
1 + ab.
Solution 2: Alternatively, one can convert logarithms to exponentials, we have a = log2(x)
implies 2a = x. So 2 = x(1/a). Also b = logx(7) implies 7 = xb. Thus 14 = x(1/a) \cdot xb =
x(1/a+b) = x(1+ab/a). So 14(a/1+ab) = x and hence log14(x) = a/1 + ab.
8

SVSU 2014 Math Olympics
Solution Level II-page 9 of 12",456aaa
2014_MO_L2Sol.pdf,18,A,"Suppose that a, b, c, and d are positive integers that satisfy the equations
ac + bd = 34
ad + bc = 43
What is the value of a + b + c + d?
(a) 19
(b) 18
(c) 17
(d) 16
(e) none of the above
The answer is: (b)","dding the two equations, we obtain
ac + bd + ad + bc = 77
ac + ad + bc + bd = 77
a(c + d) + b(c + d) = 77
(a + b)(c + d) = 77
Since each of a, b, c and d is a positive integer, then a + b and c + d are each positive
integers and are each at least 2. Since the product of a + b and c + d is 77 = 7 \times 11 (with
7 and 11 both prime), then one must equal 7 and the other must equal 11.
Therefore,
a + b + c + d = 7 + 11 = 18. (We can check with some work that (a, b, c, d) = (5, 2, 4, 7) is a
solution to the system.)",457aaa
2014_MO_L2Sol.pdf,19,,"What is the coefficient of x3 in the polynomial (1 + x + x2)20?
(a) 20
(b) 380
(c) 1520
(d) 2340
(e) none of the above
The answer is: (c)","Let
(1+x+x2)20 = [1+(x+x2)]20 = 120+20\cdot119(x+x2)+190\cdot118(x+x2)2+1140\cdot117(x+x2)3+. . .
The terms involving x3 are: (190 \cdot 2)x3 + 1140x3 = 1520x3.",458aaa
2014_MO_L2Sol.pdf,20,,"Suppose f(x) = ax + b and a and b are real numbers. We define f1(x) = f(x) and
fn+1(x) = f(fn(x)) for all positive integers n. If f7(x) = 128x + 381, what is the value of
a + b?
(a) 7
(b) 5
(c) 3
(d) 2
(e) 1
The answer is: (b)
9

SVSU 2014 Math Olympics","Level II-page 10 of 12
Solution: From the definition, fn(x) = anx + (an-1 + an-2 + . . . a + 1)b = anx + an-1
a-1 \cdot b.
From f7(x) = 128x + 381, we get a7 = 128, and a7-1
a-1 \cdot b = 381, therefore, a = 2, b = 3, and
hence, a + b = 5.",459aaa
2014_MO_L2Sol.pdf,3,,"What is the value of the quotient c-b
c-a?
(a) -5
(b) -3
(c) 1
(d) 3
(e) 5
The answer is: (d)","1: Proceed with direct resolution of the three equations to get bc/5 = -ac/15 =
ab/3. It then follows that a = -3b and c = -5b. Now substitute a and c in (c -b)/(c -a)
to get 3.
Solution 2: Alternatively, let S =
abc+1
abc .
The equations can be rewritten as aS =
1
5,
bS = -1",460aaa
2014_MO_L2Sol.pdf,3,,"Find the sum a + b of the two integers a and b.
(a) 3
(b) 4
(c) 5
(d) 6
(e) 7
The answer is: (c)","The cap is a segment minus a triangle. The central angle of the segment is 120{\textopenbullet}.
The circular segment covers one third of the circle and hence has area 4\pi
3 . Hence a = 4.
The triangle is isosceles with height 1 and two congruent sides of length 2. Its third side has
length 2
\sqrt
3 and hence its area is
\sqrt",461aaa
2014_MO_L2Sol.pdf,23,,"The average of three consecutive multiples of 3 is a.
The average of four consecutive multiples of 4 is a + 27.
The average of the smallest and largest of these seven integers is 42.
The value of a is
(a) 15
(b) 18
(c) 24
(d) 27
(e) none of the above
The answer is: (d)","Since the average of three consecutive multiples of 3 is a, then a is the middle of
these three integers, so the integers are a -3, a, a + 3. Since the average of four consecutive
multiples of 4 is a + 27, then a + 27 is halfway in between the second and third of these
multiples (which differ by 4), so the second and third of the multiples are (a+27)-2 = a+25
and (a + 27) + 2 = a + 29, so the four integers are a + 21, a + 25, a + 29, a + 33.
(We have used in these two statements the fact that if a list contains an odd number of
integers, then there is a middle integer in the list, and if the list contains an even number of
integers, then the ""middle"" integer is between two integers from the list.)
The smallest of these seven integers is a -3 and the largest is a + 33. The average of these
two integers is 1
2(a -3 + a + 33) = 1
2(2a + 30) = a + 15. Since a + 15 = 42, it follows that
a = 27.",462aaa
2014_MO_L2Sol.pdf,24,,"Let AB and CD be two chords of a circle that intersect at a point P. Suppose that
AP = 4, PB = 6, CP = 2, PD = 12 and \angle APC = 90{\textopenbullet}. What is the radius of the circle?
(a) 4
\sqrt
3
(b) 3
\sqrt
6
(c) 8
(d) 5
\sqrt
2
(e) none of the above
The answer is: (d)","Let M be the midpoint of the chord AB, N the midpoint of the chord CD, and
let O be the center of the circle. Then AM = BM = 5, and CN = ND = 7, so NP = 5.
Moreover, OM is perpendicular to AB, and ON is perpendicular to CD. Thus, PMON is
11

SVSU 2014 Math Olympics
Solution Level II-page 12 of 12
a rectangle, and NP = OM = 5. Applying the Pythagorean Theorem to \bigtriangleupOBM we get
OB = 5
\sqrt",463aaa
2014_MO_L2Sol.pdf,25,,"For how many integers n is the value of \sqrt
n
50-n is an integer?
(a) 1
(b) 2
(c) 3
(d) 4
(e) 5
The answer is: (e)","The expression \sqrt
n
50-n is an integer whenever
n
50-n is a perfect square.
Let
n
50-n = k2. Then n =
50k2
k2+1. Since (k2 + 1) -k2 = 1, it follows that k2 + 1 and k2 are
relatively prime unless k = 0. Now because n is an integer and n = 50k2
k2+1, we see that k2 + 1
must divide 50 = 5 \times 5 \times 2. This happens when k = 0, 1, 2, 3 or 7.
*****
Dear Teachers/Students:
If you do have any suggestions about the competition, or if you have different solutions to
any of this year's problems, please send them by mail or e-mail to
Dr. Olivier Heubo-Kwegna
Department of Mathematical Sciences
Sagunaw Valley State University
University Center, MI 46710
oheubokw@svsu.edu
Remember to visit us for information about past competitions at
http://www.svsu.edu/matholympics/
The SVSU Math Olympic Committee would like to express his gratitude to all participants.
*****
12",464aaa
2015_MO_L1Sol.pdf,2,,"Suppose that f(n) = 2f(n + 1) -f(n -1) for all integers n and f(1) = 4 and
f(-1) = 2. Evaluate f(2).
(a) 1
(b) 2
(c) 3
(d) 4
(e) 5
The answer is: (e)","We have f(0) = 2f(1) -f(-1) = 2(4) -2 = 6. Substituting f(0) = 6
into f(1) = 2f(2) -f(0) gives 4 = 2f(2) -6. Thus f(2) = 5.",465aaa
2015_MO_L1Sol.pdf,3,,"Which of the following equations describes the set of all points (x, y) such that
the product of the distance from (x, y) to (-2, 0) and the distance from (x, y) to
(2, 0) is 4?
(a) (x2 + y2)2 = 32
(b) x4 + 2x2y2 + y4 + 8y2 -8x2 + 12 = 0
(c) x4 -8x2 + y4 = 0
(d) (x2 + y2)2 + 8(y2 -x2) = 0
(e) none of the above
The answer is: (d)","Using the distance formula, the product of the distance from (x, y) to
(-2, 0) and the distance from (x, y) to (2, 0) is
p
(x + 2)2 + y2 \cdot
p
(x -2)2 + y2. If
we set this equal to 4 and square both sides we get the equation: ((x+2)2 +y2)((x-
2)2 + y2) = 16. Now we can simplify the left side as follows: (x2 + 4x + 4 + y2)(x2 -
4x + 4 + y2) = ((x2 + y2 + 4) + 4x)((x2 + y2 + 4) -4x) = (x2 + y2 + 4)2 -16x2 =
1

SVSU 2015 Math Olympics
Solutions Level I-page 2 of 11
(x2 + y2)2 + 8(x2 + y2) + 16 -16x2 = (x2 + y2)2 + 8y2 -8x2 + 16. Subtracting 16
from both sides gives the equation in (d).",466aaa
2015_MO_L1Sol.pdf,4,,"The average of three positive integers is 28. When two additional integers, s and
t, are included, the average of all five integers is 34. What is the average of s and t?
(a) 90
(b) 80
(c) 70
(d) 60
(e) none of the above
The answer is: (e)","When the average of three integers is 28, their sum is 3(28) = 84. When
the average of five integers is 34, their sum is 5(34) = 170. In this case, the difference
between the sum of the five integers and the sum of the three integers is s + t which
must equal 170-84 = 86. Therefore, s + t = 86 and so the average of s and t is
s+t
2
= 43.",467aaa
2015_MO_L1Sol.pdf,5,,"What is the largest prime divisor of 217 -32?
(a) 11
(b) 13
(c) 19
(d) 23
(e) 29
The answer is: (b)","217 -32 = 217 -25 = 25(212 -1) = 25(26 -1)(26 + 1) = 25 \cdot 63 \cdot 65 =
25 \cdot 32 \cdot 7 \cdot 5 \cdot 13
23 \times 5 \times p is an integer?
(a) 1
(b) 2
(c) 5
(d) 10
(e) 20",468aaa
2015_MO_L1Sol.pdf,7,,"25 friends are going to order pizza. 7 of the friends like pepperoni on their pizza,
4 of those 7 like both pepperoni and mushrooms, while 3 of those 4 like olives as well.
A total of 8 of the friends like mushrooms, and of those 8, 2 of them like mushrooms
and olives but no pepperoni. Only 1 person likes only olives. How many of the
friends like none of olives, pepperoni, and mushrooms on their pizza?
(a) 13
(b) 7
(c) 2
(d) None of them
(e) none of the above
2

SVSU 2015 Math Olympics","s Level I-page 3 of 11
The answer is: (a)
Solution: We want to find the total who like some kind of topping and subtract
from 25. A total of 7 like pepperoni so we can add this to the number that like the
other two toppings but not pepperoni. There are a total of 8 that like mushrooms.
Subtract offthe 4 that like pepperoni with mushroom and there are 4 that like
mushrooms without pepperoni. There is 1 that likes olives only. So the total that
likes some kind of topping is 7 + 4 + 1 = 12. So the total that doesn't want any of
the three toppings is 25 -12 = 13.
Note: you may use a Venn diagram to do this.",469aaa
2015_MO_L1Sol.pdf,8,,"A bullet is fired at a target at a speed of 100 m/sec. 9 seconds later the sound
of the bullet hitting the target comes back to the person firing the shot. If we take
the speed of sound to be approximately 350 m/sec, how far away is the target?
(a) 100 meters
(b) 200 meters
(c) 700 meters
(d) 900 meters
(e) none of the above
The answer is: (c)","If we call t the time (in seconds) it takes for the bullet to reach the
target, the distance to the target is 100t since distance is rate times time. If we
call s the time it takes for the sound to travel back from the target, the distance
to the target is also 350s. We also have t + s = 9, because the bullet must first hit
the target before the sound can travel back, so s = 9 -t. This gives the equation
100t = 350(9 -t). Solving the equation gives t = 7. Plugging t = 7 into either one
of the distance equations gives 700 meters.
x2-1, then f
  1",470aaa
2015_MO_L1Sol.pdf,9,,"If f(x) = x2+1
x

is equal to:
(a) f(x)
(b) -f(x)
(c) -
1
f(x)
(d) 1
(e) none of the above
The answer is: (b)","  1
x
2 + 1
  1
1 -x2 = -x2 + 1
x
2 -1
= 1 + x2
f
1

=
x2 -1.
x
So f
  1
x

= -f(x).
3

SVSU 2015 Math Olympics
Solutions Level I-page 4 of 11",471aaa
2015_MO_L1Sol.pdf,10,,"A standard playing card deck has 52 cards made up of 4 different suits with
13 kinds of cards (numbered 1 or ""ace"" through 10 and three face cards) in each
suit. What is the minimum number of cards that must be drawn from a randomly
shuffled deck in order to be sure of getting three cards of the same suit?
(a) 9
(b) 13
(c) 27
(d) 42
(e) none of the above
The answer is: (a)","In the worst case you could draw 2 cards of each suit, which would be 8
cards, before the 9th one must be the same as 2 of the ones you have already drawn
giving you 3 cards in the same suit.",472aaa
2015_MO_L1Sol.pdf,11,,"Maureen runs a catering service where she gives parties for a flat rate of $600
for 50 guests or less. For any 5 guests over 50 the rate drops by 50 cents per person.
What number of guests will maximize her revenue?
(a) 600
(b) 50
(c) 60
(d) 85
(e) none of the above
The answer is: (d)","The revenue is p times x where p is price per unit and x is number
of units sold (in this case number of guests). For x > 50 we can construct the
price function as line with slope -.5/5 with point (50,12) since we know that when
x = 50 the price is $12 per person and when price drops by $.5 dollars for every
5 units of x.
So p -12 = -.1(x -50) implying p = 17 -.1x.
So revenue is
R = px = (17 -.1x)x = 17x -.1x2. This is a parabola that opens down, so the
maximum happens at the vertex which is when x = -b/2a = -17/-.2 = 85. When
x is less than 50 the revenue is the same as the revenue at the point x = 50 on the
parabola, so it will not be higher than the revenue at the vertex, so x = 85 must be
the value that gives the maximum revenue.",473aaa
2015_MO_L1Sol.pdf,12,,"A chemist has three bottles, each containing a mixture of acid and water:
bottle A contains 40 g of which 10% is acid, bottle B contains 50 g of which 20% is
acid, and bottle C contains 50 g of which 30% is acid. She uses some of the mixture
from each of the bottles to create a mixture with mass 60 g of which 25% is acid.
Then she mixes the remaining contents of the bottles to create a new mixture. What
percentage of the new mixture is acid?
(a) 20%
(b) 17.5%
(c) 15.5%
(d) 25%
(e) none of the above
The answer is: (b)
4

SVSU 2015 Math Olympics","s Level I-page 5 of 11
Solution: Bottle A contains 40 g of which 10% is acid. Thus, it contains 0.1\times40 = 4
g of acid and 40-4 = 36 g of water. Bottle B contains 50 g of which 20% is acid.
Thus, it contains 0.2 \times 50 = 10 g of acid and 50 -10 = 40 g of water. Bottle C
contains 50 g of which 30% is acid. Thus, it contains 0.3 \times 50 = 15 g of acid and
50-15 = 35 g of water. In total, the three bottles contain 40 + 50 + 50 = 140 g, of
which 4 + 10 + 15 = 29 g is acid and 140-29 = 111 g is water. The new mixture
has mass 60 g of which 25% is acid. Thus, it contains 0.25 \times 60 = 15 g of acid and
60-15 = 45 g of water. Since the total mass in the three bottles is initially 140 g
and the new mixture has mass 60 g, then the remaining contents have mass 140-60
= 80 g. Since the total mass of acid in the three bottles is initially 29 g and the
acid in the new mixture has mass 15 g, then the acid in the remaining contents has
mass 29-15 = 14 g. This remaining mixture is thus 14 g
80 g \times 100% = 17.5% acid.",474aaa
2015_MO_L1Sol.pdf,13,,"Four years ago, Diane was three times as old as Jean was. In five years, Diane
will be twice as old as Jean will be. What is the sum of the ages of Diane and
Jean?
(a) 25
(b) 32
(c) 42
(d) 44
(e) 54
The answer is: (d)","Suppose that Diane's age now is d and Jean's age now is j. Four years
ago, Diane's age was d -4 and Jean's age was j -4. In five years, Diane's age will
be d + 5 and Jean's age will be j + 5. From the first piece of given information,
d -4 = 3(j -4) and so d -4 = 3j -12 or d = 3j -8. From the second piece of
given information, d + 5 = 2(j + 5) and so d + 5 = 2j + 10 or d = 2j + 5. Equating
values of d, we obtain 3j -8 = 2j + 5 which gives j = 13. Substituting, we obtain
d = 2(13) + 5 = 31. Therefore, the sum of Diane and Jean ages is 31+13=44.",475aaa
2015_MO_L1Sol.pdf,14,,"Seven women and seven men attend a party. At this party, each man shakes
hands with each other person once. Each woman shakes hands only with men. How
many handshakes took place at the party?
(a) 49
(b) 70
(c) 91
(d) 133
(e) 182
The answer is: (b)","Seven men can shake hands with each other in 7\times6
2
= 21 ways. The
men can shake hands with the women in 7 \times 7 = 49 ways. Adding these, we get 70
handshakes.
5

SVSU 2015 Math Olympics
Solutions Level I-page 6 of 11",476aaa
2015_MO_L1Sol.pdf,15,,"Given that p(x) = (x -1)(x3 + 2x -3) + (x -5)(x3 + 2x -3), what is the sum
of the real solutions of p(x) = 0?
(a) 4
(b) 6
(c) -2
(d) 7
(e) p(x) = 0 has no solution
The answer is: (a)","We have, after factorization, p(x) = (x3 + 2x -3)(x -1 + x -5) =
(x3 +2x-3)(2x-6) = (x-1)(x2 +x+3)(2x-6). (Note that 1 is an obvious root of
x3+2x-3, so if we use long division by x-1, we get x3+2x-3 = (x-1)(x2+x+3).)
Since x2 + x + 3 has no real roots since it has a negative discriminant, thus the sum
of roots of p(x) = 0 is 3 + 1 = 4.",477aaa
2015_MO_L1Sol.pdf,16,,"Given that (x, y) satisfies x2 + y2 = 9, what is the largest possible value of
x2 + 3y2 + 4x?
(a) 22
(b) 24
(c) 36
(d) 27
(e) 29
The answer is: (e)","Replace y2 with 9 -x2 and then complete the square to get x2 -3x2 +
27 + 4x = 29 -2x2 + 4x -2 = 29 -2(x -1)2, which is at most 29.",478aaa
2015_MO_L1Sol.pdf,17,,"Mr. and Mrs. Alpha, Mr. and Mrs. Beta, and Mr. and Mrs. Gamma are
standing in a line. How many ways are there line them up so that none of them are
standing next to their spouse?
(a) 144
(b) 240
(c) 288
(d) 432
(e) none of the above
The answer is: (b)","There are 6 ways to pick the first person in the line. Then there are four
ways to pick the next person as it can't be the same as the first person, or be the
spouse of that person. Then there are two things that can happen with the third
choice. If the third person in line is the spouse of the first person, the fourth person
cannot be the spouse of the second person, or that will leave the last couple at the
end, so there are two choices for the fourth person, it must be either the husband or
wife of the couple that hasn't been used yet, but exactly one choice for each of the
fifth and sixth person since the fifth person must be the spouse of the second person.
If the third person is not the spouse of the first person and is from the remaining
couple, then there are two choices for the fourth person, and in this case there will
be two choices for the fifth person. Since there are two ways this can happen there
are 8 cases here. So altogether there are 10 different ways to pick the third, fourth,
6

SVSU 2015 Math Olympics
Solutions Level I-page 7 of 11
fifth, and sixth places in the line. So there are 6 \times 4 \times 10 = 240 different ways to
line them up.",479aaa
2015_MO_L1Sol.pdf,18,,"The sides of a right triangle are a, 2a + 2d and 2a + 3d, with a and d both
positive. The ratio of a to d is:
(a) 5:1
(b) 27:2
(c) 4:1
(d) 1:5
(e) none of the above
The answer is: (a)","For the right triangle, the longest side is the hypotenuse, therefore a2 +
(2a + 2d)2 = (2a + 3d)2. So a2 + (4a2 + 8ad + 4d2) = 4a2 + 12ad + 9d2 and we have
a2 -4ad -5d2 = 0. Factorization yields (a -5d)(a + d) = 0 implying a = 5d or
a = -d (dropped since both a and d > 0). Hence a : d = 5d : d = 5 : 1.",480aaa
2015_MO_L1Sol.pdf,19,,"Let f be a function defined on positive integers that satisfies f(k + 2) = 4f(k).
Which of the following could be an equation of f?
(a) f(k) = 4k
(b) f(k) = 4k
(c)f(k) = 3
4(2)k + 1
4(-2)k
2(4)k -1
(d) f(k) = 1
2(-4)k
(e) none of the above
The answer is: (c)","Note that for (a), (b), and (d) it can be checked that f(3) ̸= 4f(1).
If f(k) = 3
4(2)k(2)2 +
1
4(-2)k(-2)2 = 3
4(2)k + 1
4(2)k+2 + 1
4(-2)k+2 = 3
4(-2)k, then f(k + 2) = 3
4(2)k + 1
4(2)k4 + 1
4(-2)k4 = 4(3
4(-2)k) = 4f(k).",481aaa
2015_MO_L1Sol.pdf,20,,"The midpoints of the sides of a triangle are (1, 1), (4, 3), and (3, 5). Find the
area of the triangle.
(a) 14
(b) 16
(c) 18
(d) 20
(e) 22
The answer is: (b)","The triangle in question has area four times the one obtained by con-
necting the midpoints with line segments. (Draw the picture.) That triangle has
area 4. In fact, you can find the area of any triangle with vertices by augmenting
triangular regions to build a rectangle, and then subtracting areas. The rectangle
here has vertices (1, 1), (4, 1), (4, 5), and (1, 5), so the area of the midpoint triangle
is 12 -3 -4 -1 = 4. Thus the large triangle has area 16.
7

SVSU 2015 Math Olympics
Solutions Level I-page 8 of 11",482aaa
2015_MO_L1Sol.pdf,21,,"The side lengths of an equilateral triangle and a square are integers. If the
triangle and the square have the same perimeter, which of the following is a possible
side length of the triangle?
(a) 1
(b) 10
(c) 18
(d) 20
(e) 25
The answer is: (d)","Suppose that T is the side length of the equilateral triangle and S is the
side length of the square. (Both S and T are integers.) Then, since the perimeters
of the triangle and the square are equal, we have 3T = 4S. Since 3T = 4S and
each side of the equation is an integer, then T must be divisible by 4 because 4
must divide into 3T evenly and it does not divide into 3. The only one of the five
possibilities which is divisible by 4 is 20. (We should check that T = 20 does indeed
yield an integer for S, which it does ( S = 15).)",483aaa
2015_MO_L1Sol.pdf,22,,"If f(x) = ax2 + bx + c , and if the y-intercept of f is 1 and the x-intercepts of
f are 2 and 3, then a + b + c =
(a) 2
(b) 6
(c) 1
3
(d) 5
3
(e) none of the above
The answer is: (c)","1: Since the x-intercepts of f are 2 and 3, f(x) = a(x -2)(x -3). Since
the y-intercept of f is 1, we know f(0) = 1, so a(-2)(-3) = 1 implying a = 1",484aaa
2015_MO_L1Sol.pdf,23,,"In the diagram, the rectangle is divided into nine smaller rectangles. The areas
of five of these rectangles are given. Determine the area of the rectangle labelled R.
1
3
2
R
5
10
(a) 30
(b) 20
(c) 15
(d) 14
(e) 12
8

SVSU 2015 Math Olympics","s Level I-page 9 of 11
The answer is: (e)
Solution: Let x be the width of the first column.
Since the area of the top left rectangle is 3, the height of the first row is 3
x.
Since the area of the bottom left rectangle is 5, the height of the third row is 5
x.
Since the height of the first row is 3
x and the area of the top middle rectangle is 1,
the width of the middle column is x",485aaa
2015_MO_L1Sol.pdf,24,,"In the diagram, AB and BC are chords of the circle with AB < BC. If D is
the point on the circle such that AD is perpendicular to BC and E is the point on
the circle such that DE is parallel to BC, what is \angle EAC + \angle ABC =?
A
B
F
D
E
C
(a) 60{\textopenbullet}
(b) 75{\textopenbullet}
(c) 90{\textopenbullet}
(d) 105{\textopenbullet}
(e) 120{\textopenbullet}
The answer is: (c)","Join A to E and C, and B to E.
9

SVSU 2015 Math Olympics
Solutions Level I-page 10 of 11
A
B
F
D
E
C
Since DE is parallel to BC and AD is perpendicular to BC, then AD is perpendic-
ular to DE, i.e., \angle ADE = 90{\textopenbullet}. Therefore, AE is a diameter. Now \angle EAC = \angle EBC
since both are subtended by EC. Therefore, \angle EAC +\angle ABC = \angle EBC +\angle ABC =
\angle EBA which is indeed equal to 90{\textopenbullet}as required, since AE is a diameter.",486aaa
2015_MO_L1Sol.pdf,25,,"For how many integers n, with 2 \len \le80, is (n-1)(n)(n+1)
8
equal to an integer?
(a) 10
(b) 20
(c) 59
(d) 39
(e) 49
The answer is: (e)","If n is an odd integer, then each of n -1 and n + 1 is even. In fact, n -1
and n + 1 are consecutive even integers, so one is a multiple of 4 and the other is
divisible is 2 (since it is even). Thus, (n -1)(n + 1) contains at least 3 factors of
2, which tells us that (n -1)(n)(n + 1) does as well, ie. is divisible by 8. So if n is
an odd integer, then (n-1)(n)(n+1)
8
is an integer. (There are 39 odd integers between
2 and 80, inclusive.) If n is an even integer, then each of n -1 and n + 1 is odd.
Thus, (n -1)(n)(n + 1) is divisible by 8 only when n is divisible by 8. (There are
10 multiples of 8 between 2 and 80, inclusive.) Therefore, there are 39 + 10 = 49
integers n, with 2 \len \le80, such that (n-1)(n)(n+1)
8
is an integer.
10

SVSU 2015 Math Olympics
Solutions Level I-page 11 of 11
*****
Dear Teachers/Students:
If you do have any suggestions about the competition, or if you have different solu-
tions to any of this year's problems, please send them by mail or e-mail to
Dr. Olivier Heubo-Kwegna
Department of Mathematical Sciences
Sagunaw Valley State University
University Center, MI 46710
oheubokw@svsu.edu
Remember to visit us for information about past competitions at
http://www.svsu.edu/matholympics/
The SVSU Math Olympic Committee would like to express his gratitude to all
participants.
*****
11",487aaa
2016_level1_solutions.pdf,1,b,"Suppose a
b is a fraction in the simplest form, where 0 < a < b, and b = 2855.
How many decimal places are there to the right of the decimal point in the decimal expansion
of a
b?
(a) 5
(b) 8
(c) 13
(d) Not enough information
(e) None of the above",": We know that a is less than b and is divisible by neither 2 nor 5 (the fraction
is in the simplest form). Multiplying both numerator and denominator by 53 gives us
a
b =
a \cdot 53
28 \cdot 55 \cdot 53 = a \cdot 53
28 \cdot 58 = a \cdot 53
108
where the numerator a\cdot53 is less than 108 and is not divisible by 10. Therefore the numerator
has a non-zero digit at the ones place, and the decimal expansion of a
b has a non-zero digit 8
places to the right of the decimal point.",488aaa
2016_level1_solutions.pdf,2,d,"Given that
x + y = -5
x2 + y 2 = 73
find x3 + y 3.
(a) -125
(b) -245
(c) -365
(d) -485
(e) Not enough information",": According to the sum of cubes formula, x3 +y 3 = (x+y)(x2 -xy +y 2). Since we
already know x + y and x2 + y 2, all wee need to find is xy. But since (x + y)2 = x2 + 2xy + y 2,
we get xy = 1
2
 
(x + y)2 -(x2 + y 2)

= 1
2
 
(-5)2 -73

= -24. Then
x3 + y 3 = (x + y)(x2 + y 2 -xy) = (-5)(73 -(-24)) = (-5)(97) = -485

2016 SVSU Math Olympics
Level I Solutions --- page 2 of 10",489aaa
2016_level1_solutions.pdf,3,a,"How many rational roots does
x1000 -x500 + x100 + x + 1 = 0
have?
(a) 0
(b) 1
(c) 2
(d) 3
(e) None of the above",": According to the rational root theorem, the only rational numbers that could be
roots of this equation are 1 and -1. Plugging them in shows that none of them works. There
are no rational roots.",490aaa
2016_level1_solutions.pdf,4,d,"In 2015, one hundred students participated in a math competition, and 20% of them scored
at least 20 points. In 2016, one hundred twenty students participated in the competition,
and 25% of them scored at least 20 points. What was the percent increase in the number of
students who scored at least 20 points in the competition between 2015 and 2016?
(a) 0%
(b) 5%
(c) 20%
(d) 50%
(e) None of the above",": In 2015, the number of students who scored at least 20 points in the compe-
tition was .2 \cdot 100 = 20. In 2016, there were .25 \cdot 120 = 30 students that scored at least 20
points. That is 10 more students, and 10 is 50% of 20.",491aaa
2016_level1_solutions.pdf,5,b,"Which of the following is a factor of t 2 -u2 + 4t + 2u + 3?
(a) 2t + u
(b) t + u + 1
(c) t + u + 3
(d) The polynomial does not factor
(e) None of the above",":
t 2 -u2 + 4t + 2u + 3 = t 2 + 4t + 4 -u2 + 2u -1
= (t 2 + 4t + 4) -(u2 -2u + 1)
= (t + 2)2 -(u -1)2
= [(t + 2) + (u -1)] [(t + 2) -(u -1)]
= [t + u + 1] [t -u + 3]

2016 SVSU Math Olympics
Level I Solutions --- page 3 of 10",492aaa
2016_level1_solutions.pdf,6,c,"Which of the following is equal to the sum
2
3 + 2
8 + \cdot \cdot \cdot +
2
k2 -1 + \cdot \cdot \cdot +
2
20162 -1
(a) 2
 
(20162 -1)! + (20152 -1)! + \cdot \cdot \cdot + 15! + 8! + 3

(20162 -1)!
(b) 7 \cdot 2016 -10
2016 \cdot 2017
(c) 3
2 -
4033
2016 \cdot 2017
(d)
2015
2016
(e) None of the above",": Since
2
k2 -1 =
2
(k -1)(k + 1) =
1
k -1 -
1
k + 1,
the sum can be written as
1
1 -1
3 + 1
2 -1
4 + 1
3 -1
5 + 1
4 -1
6 + \cdot \cdot \cdot +
1
2014 -
1
2016 +
1
2015 -
1
2017.
Most fraction appear twice, one with + sign and once with -sign, so they cancel each other.
All that is left is
1 + 1
2 -
1
2016 -
1
2017
which simplifies to
3
2 -
4033
2016 \cdot 2017.

2016 SVSU Math Olympics
Level I Solutions --- page 4 of 10
v
u
u
u
t1 +
1
\sqrt
2
1 -
1
\sqrt
2
=",493aaa
2016_level1_solutions.pdf,7,a,"(a)
\sqrt
2 + 1
(b)
\sqrt
2 -1
(c)
1
\sqrt
2 -1
(d)
1
\sqrt
2 + 1
(e) None of the above",":
v
u
u
u
t1 +
1
\sqrt
2
 \sqrt
s\sqrt
v
u
u
u
t

1 +
1
\sqrt
2

1 -
1
\sqrt
2 + 1
\sqrt
2
1 -
1
\sqrt
2
 \sqrt
2
=
2
=
2 -1
\sqrt
2 + 1
 \sqrt
\sqrt
v
u
u
t
v
u
u
u
t
2 + 1
2
2 + 1

2 + 1
 =
=
\sqrt
2 -1
 \sqrt
2 -1
r\sqrt
2 + 1
2
1
=
p
=
2 + 1",494aaa
2016_level1_solutions.pdf,8,e,"George walks x meters in twenty minutes. If his rate remains constant how many more meters
does he walk in the next thirteen minutes?
x + 13 meters
(d)
x+13
(a)
20x
13 meters
(b)
x
20 + 13 meters
(c)
20
20
meters
(e)
13x
20 meters",": distance = rate \times time, so his rate is given by x = rate \times 20. So his rate is
x
20
meters/minute. So in the next thirteen minutes he will walk
x
20 meters/minute \times 13 minutes
= 13x
20 meters.",495aaa
2016_level1_solutions.pdf,10,b,"On which of the following intervals is it true that |||x2 -1||| + |||x2 -9||| is always equal to 8?
(a) -3 < x < 3
(b) -3 < x < -1
(c) -1 < x < 1
(d) -\infty< x < -3
(e) x > 1",": If x2-1 and x2-9 are both positive, ||x2 -1||+||x2 -9|| = x2-1+x2-9 = 2x2-10.
If x2 -1 and x2 -9 are both negative ||x2 -1|| + ||x2 -9|| = -(x2 -1) -(x2 -9) = -2x2 + 10.
If x2 -1 is positive and x2 -9 is negative, |||x2 -1||| + |||x2 -9||| = x2 -1 -(x2 -9) = -1 + 9 = 8.
x2 -1 is positive when x < -1 or x > 1, x2 -9 is negative when -3 < x < 3. So to have x2 -1
is positive and x2 -9 is negative, we must have -3 < x < -1 or 1 < x < 3.",496aaa
2016_level1_solutions.pdf,11,b,"Shown is a cube and a diagonal on the top face of the cube and a diagonal
on the front face of the cube. What is the acute angle between the two
diagonals shown?
(a) 45{\textopenbullet}
(b) 60{\textopenbullet}
(c) 75{\textopenbullet}
(d) 90{\textopenbullet}
(e) None of the above",": The two diagonals, together with a diagonal on the left face, as
shown on the left, form a triangle. Since all the faces of the cube are squares
with the same dimensions, all the diagonals have the same length, and so they
form an equilateral triangle. All three angles in an equilateral triangle measure
60{\textopenbullet}.",497aaa
2016_level1_solutions.pdf,12,d,"Which of the following is equivalent to
\sqrt
1%?
(a) 0.1%
(b) 1%
(c) 1.1%
(d) 10%
(e) 100%",":
\sqrt
1% =
\sqrt
0.01 =
q
1
100 =
1
\sqrt
100 =
1
10 =
10
100 = 10%.",498aaa
2016_level1_solutions.pdf,13,d,"What is the ones digit of 22016?
(a) 0
(b) 2
(c) 4
(d) 6
(e) 8",": Since 2016 is a multiple of 4, 22016 = 16k for some ineteger k. All powers of 16
have 6 as the ones digit, as can easily be proved by induction.",499aaa
2016_level1_solutions.pdf,14,c,"What is the acute angle formed by the hour and the minute hands of a correctly working
analog clock at 7:24 pm?
(a) 66{\textopenbullet}
(b) 72{\textopenbullet}
(c) 78{\textopenbullet}
(d) 82{\textopenbullet}
(e) None of the above",": Each minute, the minute hand moves (360/60){\textopenbullet}= 6{\textopenbullet}clockwise, and the hour
hand moves (360/720){\textopenbullet}= (1/2){\textopenbullet}. At 7:24 pm, the hour hand moved (7\cdot60+24)\cdot(1/2){\textopenbullet}= 222{\textopenbullet}
from its top position while the minute hand moved 24 \cdot 6{\textopenbullet}= 144{\textopenbullet}from its top position. The
angle between the two hands is 222{\textopenbullet}-144{\textopenbullet}-78{\textopenbullet}.

2016 SVSU Math Olympics
Level I Solutions --- page 6 of 10",500aaa
2016_level1_solutions.pdf,15,c,"When we were preparing this test, we lost the question that went with these answers. Fortu-
nately, since there must be exactly one correct answer for any question, you can decide which
one answer below is true.
(a) The cow jumped over the moon.
(b) The cow jumped over the moon, or the little dog laughed to see such a sight.
(c) The little dog laughed to see such a sight, or the dish ran away with the spoon.
(d) The dish ran away with the spoon and the cow jumped over the moon.
(e) If the cow didn't jump over the moon, then the little dog laughed to see such a sight.",": We know that exactly one of the above statements is true. It cannot be (a), since
if (a) is true, (b) and (e) will be true as well, and only one of the statements can be true.
If (b) was true, then (a) or (c) would be true as well. Again, that is not possible, since only one
of the statements can be true.
If (d) was true, then (a) would be true as well, which cannot happen.
If (e) was true, then, since we already know that (a) is false, ""the little dog laughed to see such
a sight"" would have to be true, and (c) would be true as well. So (e) cannot be true.
We ruled out (a), (b), (d) and (e). Since one of them must be true, it has to be (c).",501aaa
2016_level1_solutions.pdf,16,e,"Suppose -1 < x < 0. Which of the following is always true?
(a) x3 < x < x4 < x2
(b) x3 < x < x2 < x4
(c) x < x3 < x2 < x4
(d) x4 < x3 < x2 < x
(e) None of the above",": Since x < 0, the odd powers will be negative and the even powers will be positive.
Since |x| < 1, the higher powers will be closer to 0 then the lower powers.
That means
x < x3 < x4 < x2. None of the given choices is correct.",502aaa
2016_level1_solutions.pdf,17,c,"Two rhinos are charging directly at each other at constant speeds of v and w feet per second,
respectively. You foolishly approach them and start your stopwatch when they are d feet
apart. Which expression gives the number of seconds before they collide?
d
(c)
d
v+w
(d)
d
2v 2 + w 2
(e) None of the above
w
(b)
v+w
(a)
d
v + d",": Every second the first rhino moves v feet closer to the collision point, while
the second rhino moves w feet closer to the collision point. Since they are charging directly
at each other, the distance between them decreases v + w feet every second. It will take
d
v+w
second for the distance to decrease to 0, at which moment the collision will occur.

2016 SVSU Math Olympics
Level I Solutions --- page 7 of 10",503aaa
2016_level1_solutions.pdf,18,d,"Which of the following statements are true for all real numbers x?
x2 = x
II.
3p
x4 = x2
I.
p
x3 = x
III.
p
x6 = x3
IV.
p
(a) I only
(b) I and III only
(c) II only
(d) II and III only
(e) I, II, III and IV",": The statements I and IV are false when x is negative. For example:
q
(-3)2 =
\sqrt
(-2)6 =
\sqrt
9 = 3 ̸= -3 and
q
64 = 8 ̸= (-2)3.
The statements II and III are true for all real numbers.",504aaa
2016_level1_solutions.pdf,19,b,"Given a triangle \bigtriangleupABC, let G be the centroid of the triangle and l be a line not intersecting
any of the sides of the triangle. If the distances of the vertices A, B and C to the line l are 5,
10 and 12 inches, respectively, what is the distance form G to l?
(a) 7 inches
(b) 9 inches
(c) 11.5 inches
(d) 13.5 inches
(e) None of the above",": On the picture below, M is the midpoint of AB and MG : GC = 1 : 2.
C
G
B
M
10
A
12
5
A1
B1
C1
G1
M1
Since AA1 _ BB1, MM1 = 5+10
2
= 15
2 .
Since CC1 _ MM1, GG1 = 1
3CC1 + 2
3MM1 = 1
3 \cdot 12 + 2
3
15
2 = 9.

2016 SVSU Math Olympics
Level I Solutions --- page 8 of 10",505aaa
2016_level1_solutions.pdf,20,c,"Ma Pickle is used to measuring vinegar for her pickle recipe from her blue coffee cup. She
uses one and a half blue coffee-cups worth of vinegar. One day she breaks her blue coffee-cup
and has to use her red coffee-cup instead. The red coffee-cup is an exact scale model of the
blue coffee cup. The blue cup was 5 inches tall and the red cup is 3 inches tall. How many
red coffee-cups worth of vinegar will equal one and a half blue coffee-cups of vinegar? (We
assume Ma Pickle is good at estimating fractions of cups worth of liquid.)
(a) 9/10
(b) 5/2
(c) 125/18
(d) 250/81
(e) None of the above",": The linear scaling factor between the blue and the red cup is 5/3 since the
height of the blue cup is (5/3) times the height of the red cup. That means the volume of the
blue cup is (5/3)3 times the volume of the red cup. So each blue cup worth of volume is the
same as (5/3)3 red cups worth of volume. So 3/2 blue cups is 3/2 \times (125/27) = 125/18.",506aaa
2016_level1_solutions.pdf,21,a,"i1887 + 3-i
1-i =
(a) 2
(b) 1
(c) 2 + i
(d) 1 -3i
(e) None of the above",":
i1887 + 3 -i
1 -i = i1886i + 3 -i
1 -i
=
 
i2943 i + 3 -i
1 -i
= (-1)943 i + 3 -i
1 -i
= -i + 3 -i
1 -i
= -i + (3 -i) (1 + i)
(1 -i) (1 + i)
= -i + 3 + 3i -i -i2
1 -i2
= -i + 3 + 3i -i + 1
1 + 1
= -i + 4 + 2i
2
= -i + 2 + i = 2

2016 SVSU Math Olympics
Level I Solutions --- page 9 of 10",507aaa
2016_level1_solutions.pdf,22,b,"If f(x) = ax2 + bx + c, find b so that the graph of y = f(x) passes through the points (3, -4),
(-1, 12) and (2, -3).
(a) 6
(b) -6
(c) 12
(d) -12
(e) None of the above",": The graph of y = f(x) passing through the three points gives us a system of
three equations:
9a + 3b + c = -4
a -b + c = 12
4a + 2b + c = -3
If we subtract the second equation from the first we get: 8a + 4b = -16 Subtract the second
equation from the 3rd: 3a + 3b = -15. Dividing the first of these by 4 and the second by 3
gives us the system:
2a + b = -4
a + b = -5
Subtracting the second from the first gives a = 1. Putting this back into either will give us
b = -6.",508aaa
2016_level1_solutions.pdf,23,a,"In a monopoly market, the demand for a product is related to the price by the equation p =
-3x+36, where x is the number of units demanded and sold each month and p is in hundreds
of dollars. Revenue is given by price times the number of units sold. Profit is revenue minus
cost. The monthly cost function is given by C(x) = 2x2+6x+10. Find the price that maximizes
profit.
(a) $2700
(b) $300
(c) $3500
(d) $4700
(e) None of the above",": The revenue function is R(x) = px = (-3x + 36)x = -3x2 + 36x. The Profit
function is revenue minus cost, so it is P(x) = R(x) -C(x) = -3x2 + 36x -(2x2 + 6x + 10) =
-5x2 +30x-10. This is a parabola opening down. The maximum value for profit will happen
at the vertex which will be at x =
-30
-10 = 3.
The price that corresponds to x = 3 is p =
-3(3) + 36 = 27. In hundreds of dollars this is $2700.

2016 SVSU Math Olympics
Level I Solutions --- page 10 of 10",509aaa
2016_level1_solutions.pdf,24,d,"An insurance company estimates that 40% of policyholders who have only an auto policy will
renew next year and 60% of policyholders who have only a homeowners policy will renew
next year.
The company estimates that 80% of policyholders who have both an auto and
homeowners policies will renew at least one of those policies next year.
Company records show that 65% of policyholders have an auto policy, 50% of policyholders
have a homeowners policy, and 15% of policyholders have both an auto and homeowners
policy.
Using the company's estimates, calculate the percentage of policyholders that will renew at
least one policy next year.
(a) 20
(b) 29
(c) 41
(d) 53
(e) 70",": According to the company's records, 65% of policyholders have an auto policy.
This includes the 15% of policyholders who have both policies. That means 65% -15% = 50%
of policyholders have only auto policy.
The same way we find that 50% -15% = 35% of policyholders have only homeowners policy.
The percentage of policyholders who will renew at least one policy next year will be: 40% of
50% plus 60% of 35% plus 80% of 15%, which is
0.4 \times 50 + 0.6 \times 35 + 0.8 \times 15 = 4 \times 5 + 6 \times 3.5 + 8 \times 1.5 = 20 + 21 + 12 = 53",510aaa
2016_level1_solutions.pdf,25,c,"Thirty items are arranged in a 6-by-5 array as shown:
A1
A2
A3
A4
A5
A6
A7
A8
A9
A10
A11
A12
A13
A14
A15
A16
A17
A18
A19
A20
A21
A22
A23
A24
A25
A26
A27
A28
A29
A30
What is the number of ways to form a set of three distinct items such that no two selected
items are in the same row or column?
(a) 200
(b) 760
(c) 1200
(d) 4560
(e) 7200",": To make such selection, one has to first select three distinct rows, then select
three distinct columns to select items from the three rows. While the order of the rows does
not matter, the order of the columns is important, for example selecting the first entry from
the first row and second entry from the second row is different from selecting the first entry
from the second row and second entry from the first row. So the total number of ways is
6C3 \times 5P3 = 6 \times 5 \times 4
3 \times 2 \times 1 \times (5 \times 4 \times 3) = 20 \times 60 = 1200",511aaa
2016_level2_solutions.pdf,1,c,"Find the value of the product

1 -1
22
 
1 -1
32
 
1 -1
42

\cdot \cdot \cdot

1 -
1
n2

.
(a)
n-1
n2
(b)
n+1
n2
(c)
n+1
2n
(d)
n-1
2n
(e) None of the above",": Using the identity a2 -b2 = (a -b)(a + b) in each factor, we have

1 -1

\cdot \cdot \cdot
n -1
n
\cdot n + 1
 
1 -1
 
1 -1

\cdot \cdot \cdot

1 -1

=
1
2 \cdot 3
 2
3 \cdot 4
 3
4 \cdot 5

22
32
42
n2
2
3
4
n
2 \cdot n + 1
n
= n + 1
= 1
2n
after canceling all intermediate factors.",512aaa
2016_level2_solutions.pdf,2,a,"Let x and y be real numbers such that x + y = 3, and x3 + y 3 = 117. What is the value of
x2 + y 2?
(a) 29
(b) 3
(c) 9
(d) 17
(e) 45",": Factor the second equation and use the first equation. We have x3 + y 3 = (x +
y)(x2-xy +y 2) = 3(x2-xy +y 2) = 117. Therefore 39 = x2-xy +y 2 = (x+y)2-3xy = 9-3xy.
Thus, xy = -10. Substituting this into x2 -xy + y 2 = 39 we find that x2 + y 2 = 29.",513aaa
2016_level2_solutions.pdf,3,d,"What is the exact value of sin(3\alpha) + sin(\alpha)
sin(2\alpha) cos(\alpha)
(for all values of \alpha such that the above expression
is defined)?
(a) -1
(b) 0
(c) 1
(d) 2
(e) None of the above",":
sin(3\alpha) + sin(\alpha)
sin(2\alpha) cos(\alpha)
= sin(2\alpha + \alpha) + sin(2\alpha -\alpha)
sin(2\alpha) cos(\alpha)
= sin(2\alpha) cos(\alpha) + cos(2\alpha) sin(\alpha) + sin(2\alpha) cos(\alpha) -cos(2\alpha) sin(\alpha)
sin(2\alpha) cos(\alpha)
= 2 sin(2\alpha) cos(\alpha)
sin(2\alpha) cos(\alpha) = 2.",514aaa
2016_level2_solutions.pdf,4,d,"Three fair dice are rolled. What is the probability that the product of the three outcomes is a
prime number? Recall that 1 is not considered to be prime.
(a) 0
(b)
1
72
(c)
1
36
(d)
1
24
(e) None of the above",": There are 63 = 216 ordered triples of dice rolls. The product is prime precisely
when two rolls are 1 and the third is a prime number. Since the prime 2,3, or 5 can appear in
any of the three positions, there are 9 such triples, so the probability is
9
216 =
1",515aaa
2016_level2_solutions.pdf,5,a,"What is the sum of the digits of all numbers from 1 to 1000?
(a) 13501
(b) 13601
(c) 13701
(d) 13801
(e) None of the above",": Let us add zero to the set of the numbers and divide the set into 500 pairs
(0, 999), (1, 998),. . ., (499, 500). The sum of the digits in each pair is 27. In addition, we need
to take into account 1000, so that the total sum of all digits will be 27 \cdot 500 + 1 = 13501.",516aaa
2016_level2_solutions.pdf,6,c,"In order that 1651817N833536 equal 20164, the letter N should be replaced by the digit
(a) 3
(b) 4
(c) 6
(d) 7
(e) 8",": Since 2016 is divisible by 3, all its higher powers are divisible by 9. Noting that
any positive integer differs from the sum of its digits by a multiple of 9, it follows that the
sum of the digits of 20164 must also be divisible by 9. This requires that N be replaced by 6.",517aaa
2016_level2_solutions.pdf,7,c,"A trapezoid has bases a and b. Which of the following gives the length of the line segment
parallel to both a and b that splits the area of the trapezoid in two pieces of ratio 2 : 3?
6
(c)
q
3(b -a)
(b)
2a2+3b2
2a2+3b2
5
(d)
2a+3b
(a) a + 2
5
(e)
q
2a+3b
6",": We are looking for the length of the segment MN in the following figure, where
the ratio of the areas of NCDM and ABNM is 2 : 3.
b
C
D
h1
M
N
Q
x
x -b
h2
P
a
A
B
a -b
x+b
2
\cdot h1
a+x
2
\cdot h2
= x + b
2
3 = AMNCD
x + a \cdot h1
AABNM
=
h2
or
x + a
x + b \cdot h2
h1
= 3",518aaa
2016_level2_solutions.pdf,8,e,"The lengths of the legs of a right triangle are 15 and 20, respectively. What is the distance
from the center of the circle inscribed in the triangle to the altitude of the triangle towards
the hypotenuse?
(a) 0
(b)
\sqrt
2
(c) 2
(d) 2
\sqrt
3
(e) None of the above",":
C
N
M
O
A
B
Q
P
The distance between the incenter O and the altitude CP is the same as the distance between
the points P and Q. To find PQ, we can find AP and AQ and subtract them.
We know that AQ = AM, MC = CN and BN = QB, therefore
AQ + QB
= 25
AQ
+ MC = 15
QB + MC = 20

2016 SVSU Math Olympics
Level II Solutions --- page 4 of 15
Solving this system gives us AQ = 10, QB = 15 and MC = 5.
The area of the triangle \bigtriangleupABC is 1
2 \cdot AB \cdot CP , and also 1
2 \cdot AC \cdot BC, so
25 \cdot CP = 15 \cdot 20
CP = 12
According to the Pythagorean theorem,
AP 2 + CP 2 = AC 2
AP 2 + 144 = 225
AP 2 = 225 -144 = 81
AP = 9
Finally, PQ = AQ -AP = 10 -9 = 1.
v
u
u
t1
s
2 + 1
1
2 -1
2 cos \alpha for 0 \le\alpha \le2\pi .",519aaa
2016_level2_solutions.pdf,9,c,"Simplify
2
(a) cos \alpha
(b) sin \alpha
(c) cos
\pi
4 -\alpha

4
(d) sin
\alpha

(e) None of the above
4",":
v
u
u
t1
v
u
u
t1
s
s
1 -cos \alpha
2 + 1
1
2 -1
2 + 1
2 cos \alpha =
2
2
2
s
1
2 + 1
sin2 \alpha
r
=
2
2
s
1
2 + 1
2 sin \alpha
2
since 0 \le\alpha
2 \le\pi and so sin \alpha
=
2 \ge0
s
1 + sin \alpha
2
2
=
The quantity
1+sin \alpha
2
2
is the arithmetic average of 1 and sin \alpha
2 .

2016 SVSU Math Olympics
Level II Solutions --- page 5 of 15
In the picture on the left, A = (0, 1) and the angle \angle BOC = \alpha
2 , so
A
B
M
OA = 1
BC = sin \alpha
2
The point M is the midpoint of AB so
MN =
1 + sin \alpha
2
2
C
N
O
2

\pi
2

= \pi
The angles \angle AOM and \angle OMN are both equal to 1
2 -\alpha
4 -\alpha
4 .
Then
OM = OA \cdot cos
\pi
4 -\alpha

4
= 1 \cdot cos
\pi
4 -\alpha

4
= cos
\pi
4 -\alpha

4
and
MN = OM \cdot cos
\pi
4 -\alpha

4
= cos
\pi
4 -\alpha

\cdot cos
\pi
4 -\alpha

4
4
= cos2
\pi
4 -\alpha

4
Since -\pi
2 \le\pi
4 -\alpha
4 \le\pi
2 ,
s
cos2
\pi
4 -\alpha

= cos
\pi
4 -\alpha

4
4

2016 SVSU Math Olympics
Level II Solutions --- page 6 of 15",520aaa
2016_level2_solutions.pdf,10,a,"ln(tan 1{\textopenbullet}) + ln(tan 2{\textopenbullet}) + \cdot \cdot \cdot + ln(tan 88{\textopenbullet}) + ln(tan 89{\textopenbullet}) =
\sqrt
2
2
(e) None of the above
(a) 0
(b) 1
(c) ln 2
(d)",":
ln(tan 1{\textopenbullet}) + ln(tan 2{\textopenbullet}) + \cdot \cdot \cdot + ln(tan 88{\textopenbullet}) + ln(tan 89{\textopenbullet})
= ln ((tan 1{\textopenbullet}) \cdot (tan 2{\textopenbullet}) \cdot \cdot \cdot \cdot \cdot (tan 88{\textopenbullet}) \cdot (tan 89{\textopenbullet}))
since ln(a) + ln(b) = ln(ab)
= ln
 sin 1{\textopenbullet}
cos 1{\textopenbullet}\cdot sin 2{\textopenbullet}
cos 2{\textopenbullet}\cdot \cdot \cdot \cdot \cdot sin 88{\textopenbullet}
cos 88{\textopenbullet}\cdot sin 89{\textopenbullet}

since tan \alpha = sin \alpha
cos \alpha
cos 89{\textopenbullet}
= ln
 sin 1{\textopenbullet}
sin 89{\textopenbullet}\cdot sin 2{\textopenbullet}
sin 88{\textopenbullet}\cdot \cdot \cdot \cdot \cdot sin 88{\textopenbullet}
sin 2{\textopenbullet}\cdot sin 89{\textopenbullet}

since cos \alpha = sin(90{\textopenbullet}-\alpha)
sin 1{\textopenbullet}
= ln
(sin 1{\textopenbullet})(sin 2{\textopenbullet})\cdot \cdot \cdot(sin 88{\textopenbullet})(sin 89{\textopenbullet})

(sin 89{\textopenbullet})(sin 88{\textopenbullet})\cdot \cdot \cdot(sin 2{\textopenbullet})(sin 1{\textopenbullet})
= ln(1) = 0",521aaa
2016_level2_solutions.pdf,11,d,"Find the sum of all positive 2 digit integers that are divisible by each of their digits.
(a) 495
(b) 546
(c) 582
(d) 630
(e) None of the above",": Let n be a positive 2 digit integer with decimal representation AB such that
A \div n and B \div n. Since n has decimal representation AB, n = 10A + B. None of A, B can be 0.
Since A n and obviously A 10A, A must divide B.
Since B n and obviously B B, B must divide 10A.
For each of the 9 possible values of A we need to find all the values of B that are multiple of
A and a factor 10A at the same time.
A
Multiples of A
Factors of 10A
Possible B's
1
any
1, 2, 5
1, 2, 5
2
2, 4, 6, 8
1, 2, 4, 5
2, 4
3
3, 6, 9
1, 2, 3, 5, 6
3, 6
4
4, 8
1, 2, 4, 5, 8
4, 8
5
5
1, 2, 5
5
6
6
1, 2, 3, 4, 5, 6
6
7
7
1, 2, 5, 7
7
8
8
1, 2, 4, 5, 8
8
9
9
1, 2, 3, 5, 6, 9
9
All the possible values of n are 11, 12, 15, 22, 24, 33, 36, 44, 48, 55, 66, 77, 88, and 99. The
sum of these numbers is
(11 + 22 + \cdot \cdot \cdot + 99) + (12 + 24 + 36 + 48) + 15 = 11 \cdot 45 + 12 \cdot 10 + 15 = 495 + 120 + 15 = 630

2016 SVSU Math Olympics
Level II Solutions --- page 7 of 15",522aaa
2016_level2_solutions.pdf,12,a,"Which of the following is not equal to sin-1 
sin 46\pi
7

?
(a)
46\pi
7
(b)
3\pi
7
7

(d) cos-1
r
7

(c) -tan-1 
tan 4\pi
1 -sin2 
4\pi
(e) They are all equal to sin-1 
sin 46\pi
7

7
is not in the range of sin-1 and so (a) cannot be correct.
To see that the others are equivalent:",": Clearly 46\pi
7 , so sin

46\pi
7

= sin

3\pi
7

and 3\pi
-
46\pi
7
= 7\pi -3\pi
7 is between 0 and \pi
2 .
7 . However tan

4\pi
7

is negative because
-
4\pi
7 = \pi -3\pi
7 , 4\pi
7 has the same terminal side as 46\pi
7 is in the second quadrant. So tan-1 
tan 4\pi
7

= -3\pi
7 = -tan-1 
tan 4\pi
7

.
4\pi
7 . So 3\pi
7 + cos2 \theta = 1.
Solving for \theta and using the fact that 3\pi
7 and we have sin2 \theta + cos2 \theta = 1, or sin2 3\pi
-If \theta = 3\pi
7 , sin \theta = sin 3\pi
7 is in the right range for cos-1 \theta gives



s
1 -sin2
4\pi
\theta = cos-1
.
7
x2
15, what is the exponent on y in the term that has no factors of
x?",523aaa
2016_level2_solutions.pdf,13,c,"In the expansion of

x3 + y
(a) 5
(b) 6
(c) 9
(d) 10
(e) None of the above",":
!
 
x315-k
 y
15
X
15
k
15
=
k

x3 + y
x2
x2
k=0
15
X
15
k
!
x45-3ky kx-2k
=
k=0
So on each term, when the exponent on y is k, the exponent on x is 45 -3k + (-2k). We need
to solve for k that results in 45 -3k -2k = 0 to find which k gives no factors of x. This gives
us 45 -5k = 0, so k = 9.

2016 SVSU Math Olympics
Level II Solutions --- page 8 of 15",524aaa
2016_level2_solutions.pdf,14,c,"When we were preparing this test, we lost the question that went with these answers. Fortu-
nately, since there must be exactly one correct answer for any question, you can decide which
one answer below is true.
(a) The cow jumped over the moon.
(b) The cow jumped over the moon, or the little dog laughed to see such a sight.
(c) The little dog laughed to see such a sight, or the dish ran away with the spoon.
(d) The dish ran away with the spoon and the cow jumped over the moon.
(e) If the cow didn't jump over the moon, then the little dog laughed to see such a sight.",": We know that exactly one of the above statements is true. It cannot be (a), since
if (a) is true, (b) and (e) will be true as well, and only one of the statements can be true.
If (b) was true, then (a) or (c) would be true as well. Again, that is not possible, since only one
of the statements can be true.
If (d) was true, then (a) would be true as well, which cannot happen.
If (e) was true, then, since we already know that (a) is false, ""the little dog laughed to see such
a sight"" would have to be true, and (c) would be true as well. So (e) cannot be true.
We ruled out (a), (b), (d) and (e). Since one of them must be true, it has to be (c).
5 9

\cdot

log27
1
5

=",525aaa
2016_level2_solutions.pdf,15,b,"
log 1
(a)
1
2
(b)
2
3
(c) 3
(d) Since 1
5 cannot be the base of a logarithm, this question has no answer.
(e) None of the above",": According to the rules of logarithms,
log 1
5 9
= log27 9 = 2
5 9

\cdot

log27
1
5
1

= log27

log 1
5
3

2016 SVSU Math Olympics
Level II Solutions --- page 9 of 15",526aaa
2016_level2_solutions.pdf,16,b,"If sin2 \theta = 1
3, what is 72 cos(2\theta)?
(a) 0
(b) 24
(c) 72
(d) 124
(e) None of the above",":
72 cos(2\theta) = 72
 
1 -2 sin2 \theta

= 72

1 -2

= 72
3 = 24
3",527aaa
2016_level2_solutions.pdf,17,b,"Find the number of solutions of the equation
log\sqrt
2 sin x(1 + cos x) = 2
on the interval [0, 2\pi).
(a) 0
(b) 1
(c) 2
(d) 3
(e) None of the above",": The equation is equivalent to the equation
2 sin x
2 = 1 + cos x
p
if and only if
\sqrt
2 sin x > 0. To get all the solution of the original equation on [0, 2\pi), we will
find all solutions of the equation
2 sin x
2 = 1 + cos x
p
on (0, \pi):
2 sin x
2 = 1 + cos x
p
2 sin2 x = 1 + cos x
2(1 -cos2 x) = 1 + cos x
2 cos2 x + cos x -1 = 0
(2 cos x -1)(cos x + 1) = 0
cos x = 1
2, -1
The only solution of this equation on (0, \pi) is x = \pi
3 .

2016 SVSU Math Olympics
Level II Solutions --- page 10 of 15",528aaa
2016_level2_solutions.pdf,18,e,"Consider the four functions:
f(x) = log7 x
g(x) = log7(-x)
h(x) = log 1
7 x
k(x) = log 1
7 (-x)
l(x) = -log 1
7 x
Which of these functions are increasing on their domain?
(a) f(x) only
(b) f(x) and h(x) only
(c) f(x) and k(x) only
(d) f(x) and l(x) only
(e) f(x), k(x) and l(x) only",": The function loga x is increasing if and only if a > 1. That means f(x) is increas-
ing and h(x) is decreasing.
If a function F(x) increases, both F(-x) and -F(x) decreases.
Similarly, if a function F(x)
decreases, both F(-x) and -F(x) increases.
So g(x) is decreasing, and k(x) and l(x) are both increasing.",529aaa
2016_level2_solutions.pdf,19,d,"Let N = 223374. How many factors of N 2 are less than N but not factors of N?
(a) 72
(b) 75
(c) 97
(d) 98
(e) None of the above",": Any factor of N will be of the form 2a3b7c where 0 \lea \le2, 0 \leb \le3 and
0 \lec \le4, so there are 3 \cdot 4 \cdot 5 = 60 factors. Out of those, 59 are less than N.
Any factor of N 2 will be of the form 2k3m7n where 0 \lek \le4, 0 \lem \le6 and 0 \len \le8, so
there are 5 \cdot 7 \cdot 9 = 315 factors of N 2. For each factor A of N 2 that is less than N, there is a
corresponding factor B of N 2 that is larger than N, so that AB = N 2. Out of the 315 factors
of N 2, there are 157 factors less than N, 1 factor equal to N, and 157 factors larger than N.
Since every factor of N is also a factor of N 2, there are 157 -59 = 98 factors of N 2 that are
less than N but are not factors of N.",530aaa
2016_level2_solutions.pdf,10,c,"10 + 2
\sqrt
5
4
(b) (
\sqrt
10 + 2
\sqrt
\sqrt
p
5 -1)
p
5 -1
5
8
(c)
(a)
4
\sqrt
5 + 1
(d)
4
(e) None of the above",":

2016 SVSU Math Olympics
Level II Solutions --- page 11 of 15
sin \pi
10 = sin
5\pi
10 -4\pi

= sin
\pi
2 -4\pi

10
10
= sin \pi
2 cos 4\pi
10 -cos \pi
2 sin 4\pi
10
= cos 4\pi
10 = cos

2 \cdot 2\pi

10
= 2 cos2 2\pi
10 -1
2
-1
= 2

1 -2 sin2 \pi
10
Let x = sin \pi",531aaa
2016_level2_solutions.pdf,21,d,"An infinite string of digits is formed by writing odd numbers in a row in the following way:
you start with one 1, followed by three 3's, then five 5's, seven 7's, then nine 9's, eleven 11's
etc. The beginning of the string is 13335555577. . .. What is the 2016th digit in the string?
(a) 3
(b) 4
(c) 5
(d) 6
(e) None of the above",": With single digit numbers, you create the string
1333555557777777999999999
which has 1 + 3 + 5 + 7 + 9 = 25 digits.
There are 45 odd two-digit numbers, starting with 11 and ending with 99. The part of the
string created with two digit numbers has

2016 SVSU Math Olympics
Level II Solutions --- page 12 of 15
2(11 + 13 + \cdot \cdot \cdot + 97 + 99) = 2 \cdot 110 \cdot 45
2 = 4950 digits
So using all the single and double digit odd numbers, we get a string with 4975 digits, which
is more than 2016. So the 2016th digit will be somewhere in the part of the string formed by
two-digit odd numbers.
If k is a two-digit odd number, then the length of the string formed using all numbers up to
k and including the k copies of k is
1 + 3 + 5 + 7 + 9 + 2(11 + 13 + \cdot \cdot \cdot + k) = 2(1 + 3 + \cdot \cdot \cdot + k) -25
= 2 \cdot (1 + k) \cdot 1 + k
4
-25
= (1 + k)2
2
-25
Solving the equation
(1 + k)2
2
-25 = 2016
gives us
k =
p
4082 -1
Since 4096 = 642, k will be somewhere between 62 and 63, which means somewhere in the
part of the string created by 63 copies of 63, so the 2016th digit will be either 6 or 3.
Since the single digit numbers form the first 25 digits of the string, in the double digit number
part of the string, the even position digits are formed by the tens digits of the numbers, and
the odd position digits are the ones digits of the numbers. So the 2016th digit must be 6.",532aaa
2016_level2_solutions.pdf,22,a,"The sum of the solutions of the equation:
2 (2x) + 16 (2-x) = 33
is
(a) 3
(b) -1
3 log2 (33)
(c) 9
(d) There are no solutions
(e) None of the above",": Multiplying both sides of the equation by 2x gives 2 (2x)2 + 16 = 33 (2x)
Let u = 2x and subtract 33u from both sides to get the quadratic equation:
2u2 -33u + 16 = 0
This may be factored as (2u -1)(u -16) = 0 giving the two solutions u = 1
2 and u = 16.
Replacing u with 2x gives us the two solutions x = -1 and x = 4.

2016 SVSU Math Olympics
Level II Solutions --- page 13 of 15",533aaa
2016_level2_solutions.pdf,23,c,"A number X is chosen at random from the first 100 terms of the arithmetic sequence 2, 5, 8, . . .,
and another number Y is chosen at random from the first 100 terms of the arithmetic se-
quence 3, 7, 11, . . .. Find P(X = Y).
(a) .0021
(b) .0023
(c) .0025
(d) .0030
(e) .0033",": The two sequences are
am = 2 + 3(m -1), m = 1, 2, . . ., 100
bn = 3 + 4(n -1), n = 1, 2, . . ., 100
The common terms will form the sequence
ck = 11 + 12(k -1), k = 1, 2, . . .
The largest common term must be less than or equal to the smaller of a100 and b100, which is
2 + 3 \cdot 99 = 299.
11 + 12(k -1) \le299
12(k -1) \le288
k -1 \le288
12
k \le25
So out of 100 \times 100 = 10, 000 different pairs of values for X and Y , there are 25 cases where
X = Y , so
P(X = Y) =
25
10000 = .0025",534aaa
2016_level2_solutions.pdf,24,c,"A writes to B and does not receive an answer. Assuming that one of every n letters sent is
lost in the mail, find the probability that B received the letter. Assume that B would have
answered the letter if he had received it.
(a)
n
n -1
(b) n -1
n
(c)
n -1
2n -1
(d)
n
2n -1
(e) n -1
n2
+ 1
n2",": Probability of any individual letter being lost in the mail is 1/n.
We are trying to find the conditional probability
P (B received the letter|no reply)
The Bayes Theorem states that
P(B|A) = P(A|B)P(B)
P(A)
Applying this gives us

2016 SVSU Math Olympics
Level II Solutions --- page 14 of 15
P (B received the letter|no reply) = P (no reply|B received the letter) P (B received the letter)
P (no reply)
All the probabilities on the right side are easy to calculate:
-The probability that there was no reply given that B received the letter is the probability
of the B's reply being lost in the mail, which is 1/n.
-The probability of B receiving the letter is the probability of the A's letter not being lost,
which is 1 -1
n = n-1
n .
-Finally
P (no reply) = P (A's letter was lost) +
P (A's letter was delivered) P (B's letter was lost|A's letter was delivered)
n + n -1
= 1
n
1
n
n2 + n -1
= n
n2
= 2n -1
n2
Substituting these three probabilities to the right side of the Bayes Theorem application, we
get
1
n
n-1
n-1
n2
= n -1
n2
2n-1
n
2n-1
P (B received the letter|no reply) =
n2
=
2n -1",535aaa
2016_level2_solutions.pdf,25,c,"In a survey of customer satisfactions, participants are asked to give a score of 1, 2, 3, or 4
to each of 6 questions. If participants are instructed not to give the same numerical score to
more than 4 questions, how many responses are possible?
(a) 2304
(b) 3840
(c) 4020
(d) 4095
(e) 4096",": Without the restriction, there are 4 ways to answer each of the 6 questions, so
there are 46 unrestricted responses.
There are two ways to violate the instructions: a person can give all 6 questions the same re-
sponse, or the person can give 5 of the question the same response and one question different
response.

2016 SVSU Math Olympics
Level II Solutions --- page 15 of 15
-There are 4 ways to give all 6 questions the same response.
-To give 5 questions the same response and one question a different response, one has to
first pick which of the question will receive a different response. There are 6 ways to pick.
For each of those 6 ways, there are 4 possible answers for the selected question, and for
each of the 4 answers, there are 3 possible answers to assign the remaining five questions.
Altogether there are 6 \times 4 \times 3 ways to give the same answer to exactly 5 questions.
There will be 46 -(6 \times 4 \times 3 + 4) valid responses. To simplify this, one can factor out 4 to get
4(45 -6 \times 3 -1) = 4(210 -19) = 4(1024 -19) = 4 \times 1005 = 4020",536aaa
2017_level1_solutions.pdf,1,b,"What is the last (least significant) digit of 22017?
(a) 0
(b) 2
(c) 4
(d) 6
(e) 8",": Looking at the first few powers of 2:
21 = 2
22 = 4
23 = 8
24 = 16
25 = 32
26 = 64
and thinking about how a multiplivation by 2 affects the last digit, we discover that the last
digt of 2n is
2 if n \equiv1 mod 4
4 if n \equiv2 mod 4
8 if n \equiv3 mod 4
6 if n \equiv0 mod 4
Since 2017 \equiv1 mod 4, the last digit is 2.",537aaa
2017_level1_solutions.pdf,2,c,"How many integers between 1 and 2017 are divisible by 5 but not 10?
(a) 200
(b) 201
(c) 202
(d) 403
(e) 404",": Since 2016 and 2017 are not divisible by 5, the number for 2017 will be the
same as for 2015. Since 2015 = 5 \cdot 403, the multiples of 5 less than or equal to 2015 are
1 \cdot 5, 2 \cdot 5, 3 \cdot 5, . . ., 403 \cdot 5. The even multiples of 5 are also multiples of 10. These are 2 \cdot 5,
4 \cdot 5, 6 \cdot 5, . . ., 402 \cdot 5, or 1 \cdot 10, 2 \cdot 10, 3 \cdot 10, . . ., 201 \cdot 10. So there are 403 multiples of 5,
and 201 of those are also multiples of 10. The answer is 403 -201 = 202.

2017 SVSU Math Olympics
Level I Solutions --- page 2 of 11",538aaa
2017_level1_solutions.pdf,3,c,"Given parallelogram ABCD (as shown) with area of ABCD =
24 and diagonals AC and BD intersecting at point Y . The
point M lies on AD so that the area of \bigtriangleupABM is equal to the
area of \bigtriangleupMBD. What is the area of MYCD?
B
C
Y
X
(a) 6
D
M
A
(b) 8
(c) 9
(d) 12
(e) None of the above",": Since the diagonals of a parallelogram bisect each other, the area of \bigtriangleupBYC is
equal to the area of \bigtriangleupDYC, as they have congruent bases BY and DY, and shared altitude.
For the same reason, the area of \bigtriangleupBYC is equal to the area of \bigtriangleupBYA, which is equal to the
area pf \bigtriangleupAYD. Since these four triangles have equal area and together they completely cover
the parallelogram ABCD with no overlap, the area of each of them must be 24
4 = 6.
The triangles \bigtriangleupABM and \bigtriangleupMBD have the same area and they share an altitude, so their
bases AM and MD must be congruent. Therefore the area of \bigtriangleupAYM is equal to the area of
\bigtriangleupMYD. Since those two triangles completely cover \bigtriangleupAYD with no overlap, the area of each
of them is 6
2 = 3.
The quadrilateral MYCD consists of the triangle \bigtriangleupDYC with area 6 and triangle \bigtriangleupMYD with
area 3, so the total area is 9.",539aaa
2017_level1_solutions.pdf,4,b,"Find
2017
X
k=1
ik
where i2 = -1.
(a) -1
(b) i
(c) 1
(d) -i
(e) 1 + i",": Note that i + i2 + i3 + i4 = i + (-1) + (-i) + 1 = 0 and in+1 + in+2 + in+3 + y n+4 =
in(i + i2 + i3 + i4) = 0. Then
2017
X
k=1
ik = (i + i2 + i3 + i4)
+ (i5 + i6 + i7 + i8)
+ . . .
+ (i2013 + i2014 + i2015 + i2016) + i2017
= 0 + 0 + \cdot \cdot \cdot + 0 + i2017
and i2017 = i2016 \cdot i =
 
i4504 \cdot i = 1504 \cdot i = i.

2017 SVSU Math Olympics
Level I Solutions --- page 3 of 11",540aaa
2017_level1_solutions.pdf,5,d,"Johnny, Dee Dee, Joey, Tommy, and Marky are in a band. The sums of the ages of each group
of four of them are 132, 138, 113, 131, and 126. What is the age of the oldest of the band
members?
(a) 39
(b) 43
(c) 45
(d) 47
(e) 49",": Let S be the sum of all 5 ages. Let xi, i = 1, 2, ..., 5 be the five ages. Let Si be
the sum of all the ages except xi. Then
S -x1 = 132
S -x2 = 138
S -x3 = 113
S -x4 = 131
S -x5 = 126
5S -S = 640
4S = 640
S = 160
Now that we know S, we can find any of the xis since
xi = S -Si.
We need the largest xi, so we use the smallest Si to get
x3 = 160 -113 = 47.",541aaa
2017_level1_solutions.pdf,6,b,"Determine the number of positive divisors of 18,800 that are divisible by 235.
(a) 8
(b) 10
(c) 12
(d) 14
(e) 22",": Any positive divisor of 18,800 that is divisible by 235 is of the form 235q
for some positive integer q. Thus, we want to count the number of positive integers q for
which 235q divides exactly into 18,800. For 235q to divide exactly into 18,800, we need
(235q)d = 18,800 for some positive integer d. Simplifying, we want qd = 18,800
235
= 80 for
some positive integer d. This means that we want to count the positive integers q for which
there is a positive integer d such that qd = 80. In other words, we want to count the positive
divisors of 80. We could do this using prime factorization, or since 80 is relatively small, we
can list the divisors: 1, 2, 4, 5, 8, 10, 16, 20, 40, 80. There are 10 such positive divisors, so
18,800 has 10 positive divisors that are divisible by 235.",542aaa
2017_level1_solutions.pdf,7,d,"The sum of the radii of two circles is 10 cm. The circumference of the larger circle is 3 cm
greater than the circumference of the smaller circle. Determine the difference between the
area of the larger circle and the area of the smaller circle.
(a) \pi cm2
(b)
2\pi
3 cm2
(c) 10 cm2
(d) 15 cm2
(e) 20 cm2

2017 SVSU Math Olympics
Level I Solutions --- page 4 of 11",": Let the radius of the smaller circle be r cm and let the radius of the larger circle
be R cm. Thus, the circumference of the smaller circle is 2\pir cm, the circumference of the
larger circle is 2\piR cm, the area of the smaller circle is \pir 2 cm2, and the area of the larger
circle is \piR2 cm2. Since the sum of the radii of the two circles is 10 cm, then r +R = 10. Since
the circumference of the larger circle is 3 cm larger than the circumference of the smaller
circle, then 2\piR -2\pir = 3, or 2\pi(R -r) = 3. Then the difference, in cm2, between the
area of the larger circle and the area of the smaller circle is \piR2 -\pir 2 = \pi(R -r)(R + r) =
1
2[2\pi(R -r)](R + r) = 1
2(3)(10) = 15. Therefore, the difference between the areas is 15 cm2.",543aaa
2017_level1_solutions.pdf,8,e,"The sides a, b, and c of a triangle satisfy \sqrta +
\sqrt
b = \sqrtc. Which of the following describes
the triangle?
(a) acute
(b) scalene
(c) isosceles
(d) equilateral
(e) None of the above",": Square both sides of (\sqrta +
\sqrt
b)2 = (\sqrtc)2, to obtain c = a + b + 2
\sqrt
ab, which
means that c is larger than the sum of a and b. Therefore no such triangle exists.",544aaa
2017_level1_solutions.pdf,9,b,"If the operation *is defined for all positive real numbers x and y by x *y = x+y
xy , which of
the following must be true for positive x, y, and z?
I. x *x = 2
x
II. x *y = y *x
III. x *(y *z) = (x *y) *z
(a) I only
(b) I and II only
(c) I and III only
(d) II and III only
(e) all three",": Let us verify each property:
I.
x *x = x+x
x2 = 2
x;
II. Obviously commutativity is satisfied;
III. A simple example with x = y = 1 and z = 2 gives us
2 =
1 + 3
x *(y *z) = 1 *1 + 2
2
= 1 *3
2
3
2
= 5
3
(x *y) *z = 1 + 1
1
*2 = 2 *2 = 2
2 = 1

2017 SVSU Math Olympics
Level I Solutions --- page 5 of 11",545aaa
2017_level1_solutions.pdf,10,d,"Two people who work full time and one who works half time are to work together on a
project, but their total time allotted to the project is to be the equivalent to one and a half
full time work days. If one of the full time workers is budgeted to give half of his work day
to the project, and the other is budgeted to give one third of his work day, what part of the
half-time worker's day should be given to the project?
(a) 1/6
(b) 1/3
(c) 9/5
(d) 4/3
(e) None of the above",": The three proportions that each person gives to the project should add up to
3/2 of a full time work day. For the two full time workers, the proportion of their work day
is the same as the proportion of a normal work day.
If x is the proportion of the day that the half-time worker gives to the project, then the
proportion of a normal work day that he is giving to the project is (1/2)x. So the equation
to solve is (1/2) + (1/3) + (1/2)x = 3/2",546aaa
2017_level1_solutions.pdf,11,a,"If four out of five numbers have a sum of 349 and the average of the five numbers is 70, find
the fifth number.
(a) 1
(b) -1
(c) -337
(d) 337
(e) None of the above",: Let x be the fifth number (349 + x)/5 = 70. Solving for x gives x = 1.,547aaa
2017_level1_solutions.pdf,12,a,"Elmer drives from Springfield to Lafayette in three hours. Bugs takes a route that is five
miles shorter and gets there in half the time. If r is the average rate for Elmer, which of the
following is the average rate for Bugs in terms of r ?
(a) (6r -10)/3
(b) (3r -5)/6
(c) (r -5)/2
(d) 3r/10
(e) None of the above",": Let d be the distance from Springfield to Lafayette in the route that Elmer
took. Then r = d/3. In the route that Bugs took, the distance is d -5 and the time is 3/2. So
his rate is (d -5)/(3/2). Solving for d in terms of r gives d = 3r . Putting that into Bugs' rate
and simplifying by multiplying the numerator and denominator by 2 gives: Bugs' rate
d -5
3/2 = 3r -5
3/2
= 23r -5
3
= (6r -10)/3

2017 SVSU Math Olympics
Level I Solutions --- page 6 of 11",548aaa
2017_level1_solutions.pdf,13,d,"If a ̸= b and 1/x + 1/a = 1/b then x =
(a) b -a
(b) 1/b -1/a
(c) 1/a -1/b
(d) ab/(a -b)
(e) None of the above",":
1
x + 1
y = 1
b
multiply by abx
ab + xb = xa
subtract xb
ab = x(a -b)
divide by a -b
x =
ab
a-b",549aaa
2017_level1_solutions.pdf,3,a,"Adding

2
3
2 to
both sides will complete the square:",": If 3x2 -4x + 5 = 0 then dividing by 3 gives: x2 -4
3x = -5
x2 -4
3x + 4
9 = -15
9 + 4
9
2
= -11
or

x -2
3
9",550aaa
2017_level1_solutions.pdf,15,e,"How many intersection points does the graph of y = x2 have with the circle centered at (0, 3)
with radius 2.
(a) none
(b) 1
(c) 2
(d) 3
(e) 4",": The circle centered at (0, 3) with radius 2 has equation x2 + (y -3)2 = 4.
Substitute x2 = y into this equation and simplify and you get y 2 -7y + 5 = 0. Using the
quadratic formula, this equation has two solutions: 7+
p
(29)
2
and 7-
p
(29)
2
. Since 29 is less than
49, the square root of 29 is less than 7, so both of these solutions are positive. So we can
put each of these solutions into the equation y = x2 and for each y we get two solutions for
x = \pm\sqrty, so this will give four different intersection points.

2017 SVSU Math Olympics
Level I Solutions --- page 7 of 11",551aaa
2017_level1_solutions.pdf,16,d,"27/6 -22/3 =
4(
\sqrt
2 + 1)
(b)
\sqrt
8(
\sqrt
(a)
3\sqrt
2
(c)
\sqrt
2 -1)
3\sqrt
4
\sqrt
(d)
2+1
(e) None of the above",":
2
7
6 -2
2
3 = 2
4
6 2
3
6 -2
2
3 = 2
2
3

2
1
2 -1

=
3\sqrt
4
p
2 -1

4
\sqrt
2 -1
 \sqrt
3\sqrt
3\sqrt
3\sqrt
2 + 1

4 (2 -1)
\sqrt
4
\sqrt
2 + 1
 =
=
2 + 1

=
\sqrt
2 + 1",552aaa
2017_level1_solutions.pdf,17,b,"A collection of centipedes (100 legs), spiders (8 legs) and worms (no legs) has 224 legs and
28 heads, how many worms are there, if there is at least one of each?
(a) 25
(b) 23
(c) 24
(d) 26
(e) None of the above",": There can be at most 2 centipedes because there are less than 300 legs. If
there is only one centipede, that leaves 124 legs for the spiders, but that is not divisible by",553aaa
2017_level1_solutions.pdf,18,a,"Abby, Benny, and Louie together have 100 pennies. If Abby had six times as many as she
has now and Benny had one third as many as he has now, there would still be 100 pennies.
Louie says, ``It's not fair, I have fewer than 30.'' How many pennies does Louie have?
(a) 15
(b) 25
(c) 28
(d) 29
(e) None of the above",": If A is the number of pennies Abby has and B is the number of pennies Benny
has, then A and B must satisfy A + B = 6A + 1/3B and 70 < A + B < 100. If we multiply
both sides of the equation by 3 and simplify we get 2B = 15A. Since A and B are integers,
and 2 and 15 don't share any factors, we must have A = 2k and B = 15k for some integer k.
So A + B = 17k. Since A + B has to be between 70 and 100, k has to be 5. So A + B = 85, and
Louie has 100 -85 = 15 pennies.

2017 SVSU Math Olympics
Level I Solutions --- page 8 of 11",554aaa
2017_level1_solutions.pdf,19,d,"Find the sum of the integers in the arithmetic sequence
11, 28, 45, 62, . . ., 2017
(a) 119,652
(b) 119,663
(c) 120,655
(d) 120,666
(e) None of the above",": This is an arithmetic sequnce with first term 11 and common difference 17.
First we neet to find out how many terms we are adding:
11 + 17k = 2017
17k = 2006
k = 118
so we need to add 119 terms.
118
X
118
X
118
X
k=0
(11 + 17k) =
k=0
11 + 17
k=0
k
= 119 \cdot 11 + 17
118(118 + 1)

2
= 1309 + 119,357
= 120,666",555aaa
2017_level1_solutions.pdf,20,d,"If the lines ax + by = 7 and ax -by = 9 intersect at (1, 2), what are a and b, respectively?
(a) 9 and 7
(b)
3/2 and 1/2
(c) 7 and 9
(d) 8 and -1/2
(e) None of the above",": The point (1, 2) must be a solution of both of the equations, so
a + 2b = 7
a -2b = 9
Adding the two equations together gives 2a = 16 or a = 8. Subtracting the second equation
from the first gives 4b = -2 or b = -1/2.",556aaa
2017_level1_solutions.pdf,21,c,"If AB is a number with digits (in base 10) A and B, such that when we place a decimal point
between the digits we obtain one-third of the original number minus 14, what is AB?
(a) 11
(b) 53
(c) 60
(d) 120
(e) None of the above",": Let x be the number AB, then x = 10A + B, while A + B/10 = x/3 -14. Multiplying
this equation by 10 gives us
10x
3
-140 = 10A + B
Now we have two ways how to express 10A + B using x, so we can set them equal:

2017 SVSU Math Olympics
Level I Solutions --- page 9 of 11
10
3 x = 140 = x
7
3x = 140
x = 60",557aaa
2017_level1_solutions.pdf,22,c,"In a certain class, 60% of students have competed in Math Olympics and 35% of students
partipated in the Physics Marathon. Exactly 10% of students did both. What percentage have
done neither?
(a) 5%
(b) 10%
(c) 15%
(d) 20%
(e) 0%, how could anyone possibly not participate in at least one of these cool events?",": First let us find the percent of students who participated in at least one of
the two competitions. We take the percent of students that participated in Math Olympics,
and add the percent of students who participated in the Physics Marathon, however, if we
do that, we end up double counting those that participated in both, so to fix that, we need
to subtract the percent that did both. So
60% + 35% -10% = 85%
of students partipated in at least one of the competitions. The remaining 100% -85% = 15%
participated in neither of them (hard as it is to believe).",558aaa
2017_level1_solutions.pdf,23,d,"When you divide a number by 210, you get 11. What do you get when you divide the same
number by 14?
(a) 11
(b) 66
(c) 154
(d) 165
(e) None of the above",": Since 210 = 14\cdot15, the mystery number is (14\cdot15)\cdot11 = 14\cdot(15\cdot11) = 14\cdot165.",559aaa
2017_level1_solutions.pdf,24,b,"Math Olympics has decided to branch into the snack industry. It sells two products, Pythagorean
Peanut Mix, containing 35% granola by weight, and Gauss Granola Mix, containing 85% gra-
nola by weight. A customer wants a special mixture that contains 65% granola by weight. If
they want 10 pounds of the mixture, how many pounds of each product is required?
(a) 5 pounds of each
(b) 4 pounds of Pythagorean Peanut Mix and 6 pounds of Gauss Granola Mix
(c) 6 pounds of Pythagorean Peanut Mix and 4 pounds of Gauss Granola Mix
(d) 2 pounds of Pythagorean Peanut Mix and 8 pounds of Gauss Granola Mix
(e) None of the above

2017 SVSU Math Olympics
Level I Solutions --- page 10 of 11",": Let p be the number of pounds of Pythagorean Peanut Mix and g be the number
of pounds of Gauss Granola Mix required to prepare the special mixture. Thw following two
equations must be satisfied.
The total amount of mixture must be 10 pounds:
p + g = 10
Exactly 65% of the 10 pounds must be granola:
.35p + .85g = .65 \cdot 10
Multiplying the first equation by 8.5 and the second by -10 gives us
8.5p + 8.5g = 85
-3.5p -8.5g = -65
Adding these equations together results in 5p = 20, or p = 4. The special mix needs 4
pounds of Pythagorean Peanut Mix and 6 pounds of Gauss Granola Mix.",560aaa
2017_level1_solutions.pdf,25,a,"Kenny and Meghen found a cool dart board at a garage sale. It was
a white circle in which there was inscribed a black square, in which
there was an inscribed white circle, in which there was inscribed a
black square, as shown. They were having a debate whether there
was more black than white on the dartboard. Meghen said there
was more white but Kenny was sure the black area was much larger.
He thought that the black area was at least 1.5 times larger than the
white area. Rich, who was also shopping at the same garage sale,
thought that the black area was larger than the white area, but less
than 1.5 times larger. The seller claimed the two areas were equal.
Which one of them was right?
(a) Meghen was right, the white area is larger.
(b) The seller was right, the two areas are equal.
(c) Rich was right, the black area is larger, but less than 1.5 times larger.
(d) Kenny was right, the black area is at least 1.5 times larger than the white area.
(e) It is impossible to determine without knowing the diameter of the large circle.",":

2017 SVSU Math Olympics
Level I Solutions --- page 11 of 11
Let r be the radius of the large circle. The side of the inscribed
square, according to the Pythagorean Theorem, is
p
r 2 + r 2 =
p
2r 2 =
\sqrt
2r .
The radius of the samller circle, inscribed in the large square
is
\sqrt
\sqrt
2r
2 .
The side of the small square (dashed), inscribed in the small
circle is, again using the Pythagorean Theorem,
v
u
u
t
2r
r
\sqrt
2\pi
2
\sqrt
\sqrt
s
!2
+
!2
=
2r
2
2r
2
1
2r 2 + 1
2r 2 = r
\sqrt
2\pi
2
The areas of the four regions on the dartboard are as follows:
-Large circle of radius r : area = \pir 2.
-Large square of side
\sqrt
2r : area = 2r 2.
\sqrt
2r
2 : area = \pir^2/2.
-Small circle of radius
-Small square of side r : area = r 2.
The total white area is then
Aw = \pir 2 -2r 2 + \pi
2 r 2 -r 2 =
3\pi
2 -3

r 2
and the total black area is
Ab = 2r 2 -\pi
2 r 2 + r 2 =

3 -\pi

r 2.
2
The difference between the two areas is then
Aw -Ab =
3\pi
2 -3 -3 + \pi

r 2 = (2\pi -6) r 2 > 0
2
which shows that the white area is larger.",561aaa
2017_level2_solutions.pdf,1,c,"The power set of a set S is the set of all the subsets of S. The empty set is denoted \varnothing. Which
of the following is a power set of some set?
(a) W = {{a} , {{b}} , {a, {b}}}
(b) X = {\varnothing, {a} , {b} , {a, {b}}}
(c) Y = {\varnothing, {a} , {{b}} , {a, {b}}}
(d) Z = {\varnothing, {a} , {{b}} , {a, b}}
(e) A = {\varnothing, {a} , {a, b}}",":
-W is not a power set of any set since \varnothing̸\inW .
-X is not a power set of any set since {a, {b}} is an element of X but {{b}} is not.
-Y is the power set of {a, {b}}.
-Z is not a power set of any set since {a, b} is an element of Z but {b} is not.
-A is not a power set of any set since {a, b} is an element of A but {b} is not.",562aaa
2017_level2_solutions.pdf,2,b,"At one of those leadership conferences, there is one of those icebreakers where each of the 50
participants is labeled with a distinct integer between 1 and 50, inclusive. Each odd-numbered
participant must shake hands exactly once with each of the other participants, and no even
numbered participants may shake hands with each other. How many handshakes take place?
(a) 450
(b) 925
(c) 950
(d) 1225
(e) None of the above",":
Odd-odd handshakes:
Each odd-odd handshake happen between two of the 25 odd num-
bered participants. Since the order of the two does not matter (a handshake between par-
ticipants 1 and 3 is also a handshake between participants 3 and 1), the number of odd-odd
handshakes is
 
25
2
!
= 300
Odd-even handshakes:
Each of the 25 odd numbered participants must shake hands with
each of the 25 even numbered participants. So the number of odd-even handshakes will be
25 \cdot 25 = 252 = 625
Since there will be no even-even handshakes, the total number is 300 + 625 = 925.

2017 SVSU Math Olympics
Level II Solutions --- page 2 of 14",563aaa
2017_level2_solutions.pdf,3,b,"Find
2017
X
k=1
ik
where i2 = -1.
(a) -1
(b) i
(c) 1
(d) -i
(e) 1 + i",": Note that i + i2 + i3 + i4 = i + (-1) + (-i) + 1 = 0 and in+1 + in+2 + in+3 + y n+4 =
in(i + i2 + i3 + i4) = 0. Then
2017
X
k=1
ik = (i + i2 + i3 + i4) + (i5 + i6 + i7 + i8)
+ . . . + (i2013 + i2014 + i2015 + i2016) + i2017
= 0 + 0 + \cdot \cdot \cdot + 0 + i2017
and i2017 = i2016 \cdot i =
 
i4504 \cdot i = 1504 \cdot i = i.",564aaa
2017_level2_solutions.pdf,4,a,"How many integers n with 1000 \len \le9999 have 4 distinct digits in increasing order or
decreasing order?
(a) 336
(b) 612
(c) 720
(d) 904
(e) None of the above",": There is a 1-1 correspondence between such 4-digit integers with increasing
digits and the subsets of size 4 of the set {1, 2, 3, . . ., 9}. There is a 1-1 correspondence be-
tween such 4-digit integers with decreasing digits and the 4 element subsets of {0, 1, 2, . . ., 9}.
Therefore the number of 4-digit integers with distinct digits in increasing or decreasing order
is
 
9
4
!
10
4
!
+
= 126 + 210 = 336

2017 SVSU Math Olympics
Level II Solutions --- page 3 of 14",565aaa
2017_level2_solutions.pdf,5,d,"Johnny, Dee Dee, Joey, Tommy, and Marky are in a band. The sums of the ages of each group
of four of them are 132, 138, 113, 131, and 126. What is the age of the oldest of the band
members?
(a) 39
(b) 43
(c) 45
(d) 47
(e) 49",": Let S be the sum of all 5 ages. Let xi, i = 1, 2, ..., 5 be the five ages. Let Si be the
sum of all the ages except xi. Then
S -x1 = 132
S -x2 = 138
S -x3 = 113
S -x4 = 131
S -x5 = 126
5S -S = 640
4S = 640
S = 160
Now that we know S, we can find any of the xis since
xi = S -Si.
We need the largest xi, so we use the smallest Si to get
x3 = 160 -113 = 47.",566aaa
2017_level2_solutions.pdf,6,e,"For which of the following values of \theta is 2cos \theta > 1 and 3sin \theta < 1?
I. 5\pi
6
II. 11\pi
6
III. 13\pi
8
(a) I only
(b) II only
(c) III only
(d) I and II only
(e) II and III only",": If a > 1, then ax > 1 for any positive x and ax < 1 for any negative x. Therefore
2cos \theta > 1 and 3sin \theta < 1, will be true if and only if cos \theta > 0 and sin \theta < 0, which is true exactly
when \theta is in the fourth quadrant. Out of the three given numbers, the second and third are
in the fourth quadrant.

2017 SVSU Math Olympics
Level II Solutions --- page 4 of 14",567aaa
2017_level2_solutions.pdf,7,d,"sin \pi
8 + cos \pi
8 =
\sqrt
2
4
(b)
2+
\sqrt
2-
\sqrt
2
2
(c)
q
2
4
(d)
q
1 +
1
\sqrt
(a)
2
(e) None of the above",": Let x = sin \pi
8 + cos \pi
8 Then
x2 = sin2 \pi
8 + 2 sin \pi
8 cos \pi
8 + cos2 \pi
8
x2 = 1 + sin \pi
4
\sqrt
s
2
2
x =
1 +
s
1 + 1
\sqrt
x =
2",568aaa
2017_level2_solutions.pdf,8,b,"Determine the number of positive divisors of 18,800 that are divisible by 235.
(a) 8
(b) 10
(c) 12
(d) 14
(e) 22",": Any positive divisor of 18,800 that is divisible by 235 is of the form 235q
for some positive integer q. Thus, we want to count the number of positive integers q for
which 235q divides exactly into 18,800.
For 235q to divide exactly into 18,800, we need
(235q)d = 18,800 for some positive integer d. Simplifying, we want qd =
18,800
235
= 80 for
some positive integer d. This means that we want to count the positive integers q for which
there is a positive integer d such that qd = 80. In other words, we want to count the positive
divisors of 80. We could do this using prime factorization, or since 80 is relatively small, we
can list the divisors: 1, 2, 4, 5, 8, 10, 16, 20, 40, 80. There are 10 such positive divisors, so
18,800 has 10 positive divisors that are divisible by 235.",569aaa
2017_level2_solutions.pdf,9,a,"A function f is defined so that if n is an odd integer, then f(n) = n -1 and if n is an even
integer, then f(n) = n2-1. For example, if n = 15, then f(n) = 14 and if n = -6, then f(n) = 35,
since 15 is an odd integer and -6 is an even integer. Determine the expression of f(f(n)).
(a) f(f(n)) = n2 -2 if n is even, f(f(n)) = n2 -2n if n is odd
(b) f(f(n)) = n2 -2n if n is even, f(f(n)) = n2 -2 if n is odd
(c) f(f(n)) = 2n2 -1 for all n
(d) f(f(n)) = 2n2 -2 for all n
(e) None of the above",": We consider the cases of n even and n odd:
Suppose that n is even.Then n2 is even and so f(n) = n2 -1 must be odd. Thus, f(f(n)) =
f(n2 -1) = (n2 -1) -1 = n2 -2, since f(m) = m -1 when m is odd.
Suppose that n is odd. Then f(n) = n-1 must be even. Thus, f(f(n)) = f(n-1) = (n-1)2 -1 =
n2 -2n + 1 -1 = n2 -2n.

2017 SVSU Math Olympics
Level II Solutions --- page 5 of 14",570aaa
2017_level2_solutions.pdf,10,b,"If the operation *is defined for all positive real numbers x and y by x *y = x+y
xy , which of
the following must be true for positive x, y, and z?
I. x *x = 2
x
II. x *y = y *x
III. x *(y *z) = (x *y) *z
(a) I only
(b) I and II only
(c) I and III only
(d) II and III only
(e) all three",": Let us verify each property:
I.
x *x = x+x
x2 = 2
x;
II. Obviously commutativity is satisfied;
III. A simple example with x = y = 1 and z = 2 gives us
2 =
1 + 3
x *(y *z) = 1 *1 + 2
2
= 1 *3
2
3
2
= 5
3
(x *y) *z = 1 + 1
1
*2 = 2 *2 = 2
2 = 1",571aaa
2017_level2_solutions.pdf,11,c,"What is the area of the region of the plane determined by the inequality
7 \le|x| + |y| \le13?
(a) 169
(b) 81
(c) 240
(d) 120
(e) 78",": The area is the difference of the areas of two squares with sides 13
\sqrt
2 and 7
\sqrt
2,
that is, (13
\sqrt
2)2 -(7
\sqrt
2)2 = 2(169 -49) = 240.",572aaa
2017_level2_solutions.pdf,12,d,"27/6 -22/3 =
4(
\sqrt
2 + 1)
(b)
\sqrt
8(
\sqrt
(a)
3\sqrt
2
(c)
\sqrt
2 -1)
3\sqrt
4
\sqrt
(d)
2+1
(e) None of the above",":
2
7
6 -2
2
3 = 2
4
6 2
3
6 -2
2
3 = 2
2
3

2
1
2 -1

=
3\sqrt
4
p
2 -1

4
\sqrt
2 -1
 \sqrt
3\sqrt
3\sqrt
3\sqrt
2 + 1

4 (2 -1)
\sqrt
4
\sqrt
2 + 1
 =
=
2 + 1

=
\sqrt
2 + 1

2017 SVSU Math Olympics
Level II Solutions --- page 6 of 14",573aaa
2017_level2_solutions.pdf,13,a,"If ln(sec \theta -tan \theta) = x then which of the following is true:
2
(b) csc \theta = ex
(c) sec \theta + tan \theta = ex -e-x
(a) sec \theta = ex+e-x
(d) cos \theta = ex -e-x
(e) None of the above",":
ln(sec \theta -tan \theta) = x
exponential form:
sec \theta -tan \theta = ex
add reciprocal to both sides
sec \theta -tan \theta +
1
sec \theta-tan \theta = ex + e-x
multiply and divide by conjugate
sec \theta -tan \theta +
1
sec \theta-tan \theta
sec \theta+tan \theta
sec \theta+tan \theta = ex + e-x
simplify (sec\theta -tan2 \theta = 1)
1
= ex + e-x
sec \theta -tan \theta + sec \theta+tan \theta
simplify more
2 sec \theta = ex + e-x
divide by 2
sec \theta = ex+e-x
2",574aaa
2017_level2_solutions.pdf,14,c,"If f (x -1/2) = 1/2f(x) + 3 and f(0) = 0, what is f(2)?
(a)
45/8
(b)
9/2
(c) -90
(d) -18
(e) None of the above",": 0 = f(0) = f(1/2 -1/2) = 1/2f(1/2) + 3. Solving for f(1/2) gives f(1/2) = -6.
Then -6 = f(1/2) = f(1 -1/2) = 1/2f(1) + 3. Solving for f(1) gives f(1) = -18.
Then -18 = f(1) = f(3/2 -1/2) = 1/2f(3/2) + 3. solving for f(3/2) gives f(3/2) = -42.
Finally, -42 = f(3/2) = f(2 -1/2) = 1/2f(2) + 3, and solving for f(2) gives f(2) = -90.",575aaa
2017_level2_solutions.pdf,15,d,"cos
 
2 sin-1(x)

is equivalent to which of the following?
(a) 2
p
1 -x2
(b) 2x
p
1 -x2
(c)
p
1 -x2
(d) 1 -2x2, |x| \le1
(e) None of the above",": Let \alpha = sin-1(x), which means x = sin \alpha. We want to find cos(2\alpha).
cos(2\alpha) = 1 -2 sin2(\alpha) = 1 -2x2

2017 SVSU Math Olympics
Level II Solutions --- page 7 of 14",576aaa
2017_level2_solutions.pdf,16,b,"What condition on c will guarantee that the equation ex + ce-x = 2 has two solutions?
(a) c < 1
(b) 0 < c < 1
(c) c < 0
(d) c > 1
(e) c > 0",": Multiplying both sides of the equation by ex and subtracting 2ex from both
sides gives us the equation of quadratic type: (ex)2 -2ex +c = 0. Completing the square gives
us
(ex -1)2 = 1 -c
or ex = 1 \pm
p
1 -c
The right side will have two real values if 1-c > 0, or c < 1. On the other hand, since ex must
be positive, 1 -
\sqrt
1 -1 > 0, so
\sqrt
1 -c < 1, or 1 -c < 1, or c > 0.",577aaa
2017_level2_solutions.pdf,17,c,"Write
(-1)2017 + i2017
5 -
\sqrt
-5
as a + bi where a and b are real numbers.
(a)
-5-
\sqrt
5
20
+ 5-
\sqrt
5
20 i
(b)
-5+
\sqrt
5
20
-5-
\sqrt
5
20 i
(c)
-5-
\sqrt
5
30
+ 5-
\sqrt
5
30 i
(d)
-5+
\sqrt
5
30
-5-
\sqrt
5
30 i
(e) None of the above",": Since (-1)2017 = -1 and i2017 = i2016i = (i4)504i = i, we get
5i \cdot 5 +
\sqrt
(-1)2017 + i2017
-5
= -1 + i
5i = -1 + i
5i
5 +
\sqrt
5 -
\sqrt
5 -
\sqrt
5 -
\sqrt
5i
= (-1 + i)(5 +
\sqrt
5i)
25 + 5
= -5 -
\sqrt
5i + 5i -
\sqrt
5
30
= -5 -
\sqrt
5
30
+ 5 -
\sqrt
5
30
i

2017 SVSU Math Olympics
Level II Solutions --- page 8 of 14",578aaa
2017_level2_solutions.pdf,18,c,"If 6 sec2 \theta + 7 tan \theta -16 = 0, where -\pi
2 < \theta < \pi
2 , what are possible values of sin \theta?
(a)
5
\sqrt
5
5
(c)
5
\sqrt
61
61
and 1/2
(b)
1/3 and -2
\sqrt
61
61
and -2
\sqrt
5
5
(d)
1/3 and 1/6
(e) None of the above",": Let x = sin \theta. Using the Pythagorean identity for sec and tan, rewrite the equa-
tion as
6(tan2 \theta + 1) + 7 tan \theta -16 = 0
or 6 tan2 \theta + 7 tan \theta -10 = 0
or (6 tan \theta -5)(tan \theta + 2) = 0
so tan \theta = 5/6 or tan \theta = -2. Then
tan2 \theta = sin2 \theta
cos2 \theta =
sin2 \theta
1 -sin2 \theta =
x2
1 -x2
-If tan \theta = 5/6, we get
x2
1 -x2 = 25
36
36x2 = 25 -25x2
61x2 = 25
61 = \pm5
\sqrt
x = \pm
5
\sqrt
61
61
Since tan \theta > 0, \theta is in the first quadrant and sin \theta > 0, so sin \theta = 5
\sqrt
61
61
-If tan \theta = -2, we get
x2
1 -x2 = 4
x2 = 4 -4x2
5x2 = 4
5 = \pm2
\sqrt
x = \pm 2
\sqrt
5
5
Since tan \theta < 0, \theta is in the fourth quadrant and sin \theta < 0, so sin \theta = -2
\sqrt
5
5

2017 SVSU Math Olympics
Level II Solutions --- page 9 of 14",579aaa
2017_level2_solutions.pdf,19,d,"Find the sum of the integers in the arithmentic sequence
11, 28, 45, 62, . . ., 2017
(a) 119,652
(b) 119,663
(c) 120,655
(d) 120,666
(e) None of the above",": This is an arithmetic sequnce with first term 11 and common difference 17.
First we neet to find out how many terms we are adding:
11 + 17k = 2017
17k = 2006
k = 118
so we need to add 119 terms.
118
X
118
X
118
X
k=0
(11 + 17k) =
k=0
11 + 17
k=0
k
= 119 \cdot 11 + 17
118(118 + 1)

2
= 1309 + 119,357
= 120,666
\sqrt",580aaa
2017_level2_solutions.pdf,20,a,"Let f(x) =

1
2 +
3
2 i

x for a complex number x. Define f (n)(x) as the n-times composition of
f , i.e. f (1)(x) = f(x) and f (n)(x) = f
 
f (n-1)(x)

. What is f (2017)(x)?
\sqrt
\sqrt
(a)

1
2 +
3
2 i

x
(b) x
(c)

1
2 -
3
2 i

x
(d) -x
(e) None of the above
\sqrt
3
2 i = cos
 \pi/3

+i sin
 \pi/3

is a sixth root of unity, A2017 = A2016\cdotA =
(A6)336 \cdot A = 1336 \cdot A = A.
Since f (1)(x) = Ax and f (n)(x) = Af (n-1)(x), we can see by induction that f (n)(x) = Anx, and so
f (2017)(x) = A2017x = Ax.",": Since A = 1
2+

2017 SVSU Math Olympics
Level II Solutions --- page 10 of 14",581aaa
2017_level2_solutions.pdf,21,a,"In a drawer, Isaac has 10 socks, with two of each of 5 different colors. On Monday, Isaac
selects two individual socks at random from the 10 socks in the drawer. On Tuesday, Isaac
selects 2 of the remaining 8 socks at random and on Wednesday two of the remaining 6 socks
at random. What is the probability that Wednesday is the first day Isaac selects 2 socks of the
same color?
(a)
26/315
(b)
8/9
(c)
24/53
(d)
10/189
(e) None of the above",": Count backwards: First, choose the color of the two socks you pick on Wednes-
day in 5 ways. Then there are 4 colors of socks for you to pick two of on Tuesday, but you
don't want to two of the same color. Since there are 4 possible colors, the number of ways to
do this is

8
2

-4. Let's call the color of the socks picked on Wednesday Color 1. Then there
are 6 socks left, with 2 of, say, Color 2, 2 of Color 3, and 1 each of colors 4 and 5. Since you
don't want to pick a two of the same color, the number of ways to do this is

6
2

-2. Thus the
answer is:
5

8
2

-4
 
6
2

-2


10
2

8
2

6
2

= 5 \cdot 24 \cdot 13
45 \cdot 28 \cdot 15 = 26
315",582aaa
2017_level2_solutions.pdf,22,e,"Which of the following statements are true?
I. For every real number x, there exists a real number y such that x + y = 0.
II. There exists a real number x such that for every real number y, x + y = 0.
III. There exists a real number x such that for every real number y, xy = y.
(a) I only
(b) II only
(c) III only
(d) I and II only
(e) I and III only",":
I.
Given a real number x, choose y = -x. Then x + y = x + (-x) = 0. True.
II. Assume there is such real number x. Choose y = 0. Then x + y = 0 becomes x + 0 = 0, in
other words, x must be 0. But if we choose y = 1, then x + y = 0 + 1 ̸= 0, therefore such x
cannot exist.
III. Choose x = 1. Then for any y, xy = 1 \cdot y = y. True.

2017 SVSU Math Olympics
Level II Solutions --- page 11 of 14",583aaa
2017_level2_solutions.pdf,23,c,"Given that alog3 7 = 27, blog7 11 = 49, and c log11 25 =
\sqrt
11, find
a
 
log3 7
2 + b
 
log7 11
2 + c
 
log11 25
2
(a) 272 + 492 + 11
(b) 54 + 98 + 2
\sqrt
11
(c) 73 + 112 + 5
(d) 73 + 117 + 253
(e) None of the above",": Let's look at the three individual terms:
a
 
log3 7
2 = a
 
log3 7
 
log3 7

=

a
 
log3 7
 
log3 7

= 27
 
log3 7

=
 
33 
log3 7

=
 
3log3 73 = 73
Similarly
b
 
log7 11
2 = b
 
log7 11
 
log7 11

=

b
 
log7 11
 
log7 11

= 49
 
log7 11

=
 
72 
log7 11

=
 
7log7 112 = 112
Finally,
c
 
log11 25
2 = c
 
log11 25
 
log11 25

=

b
 
log11 25
 
log11 25

=
\sqrt
 
log11 25

11
=

11
1/2
 
log11 25

=
 
11log11 251/2 = 5

2017 SVSU Math Olympics
Level II Solutions --- page 12 of 14
Y",584aaa
2017_level2_solutions.pdf,24,a,"An equilateral triangle \bigtriangleupABC with side length 12 is folded in
such a way that the vertex C touches the side AB at a point that
is 9 units away from A and 3 units away from B, as shown. Find
the length XY .
X
A
9
3
B
6
35
(c) 3
\sqrt
7
(d) 4
\sqrt
(a)
39
\sqrt
39
35
(b)
78
\sqrt
3
(e) None of the above",": Label the triangle as shown on the
left. The triangles \bigtriangleupXYC and \bigtriangleupXYC' are con-
gruent. Using the law of cosines on the triangle
\bigtriangleupXAC' gives us
C
\pi/3
y
x2 = 92 + (12 -x)2 -2 \cdot 9 \cdot (12 -x) \cdot cos \pi
x
3
Y
x2 = 81 + 144 -24x + x2 -2 \cdot 9 \cdot (12 -x) \cdot 1
z
2
X
x2 = 81 + 144 -24x + x2 -108 + 9x
y
12 -y
12 -x
x
0 = 117 -15x
\pi/3
\pi/3
\pi/3
x = 117
15 = 39
A
9
C'
3
B
5
Doing the same with the triangle \bigtriangleupYBC' gives
y 2 = 32 + (12 -y)2 -2 \cdot 3 \cdot (12 -y) \cdot cos \pi
3
y 2 = 9 + 144 -24y + y 2 -2 \cdot 3 \cdot (12 -y) \cdot 1
2
y 2 = 9 + 144 -24y + y 2 -36 + 3y
0 = 117 -21y
y = 117
21 = 39
7
Finally, using the law of cosines on the triangle \bigtriangleupXC'Y (or \bigtriangleupXCY ) gives us
 1
2
+
39
2
-2 \cdot
39
z2 = x2 + y 2 -2xy cos \pi
3 =
39
 39
5
7
5
7
2
= 392
 1

= 392
 
52
!
52 \cdot 72 +
72
52 \cdot 72 -
5 \cdot 7
52 \cdot 72
49 + 1
25 -1
35
2
(25 + 49 -35) = 393
=
39
352
35
and so z = 39
\sqrt
39
35
.

2017 SVSU Math Olympics
Level II Solutions --- page 13 of 14",585aaa
2017_level2_solutions.pdf,25,a,"Kenny and Meghen found a cool dart board at a garage sale. It was a white
circle in which there was inscribed a black square, in which there was an
inscribed white circle, in which there was inscribed a black square, as shown.
They were having a debate whether there was more black than white on the
dartboard. Meghen said there was more white but Kenny was sure the black
area was much larger. He thought that the black area was at least 1.5 times
larger than the white area. Rich, who was also shopping at the same garage
sale, thought that the black area was larger than the white area, but less than 1.5 times larger.
The seller claimed the two areas were equal. Which one of them was right?
(a) Meghen was right, the white area is larger.
(b) The seller was right, the two areas are equal.
(c) Rich was right, the black area is larger, but less than 1.5 times larger.
(d) Kenny was right, the black area is at least 1.5 times larger than the white area.
(e) It is impossible to determine without knowing the diameter of the large circle.",":
Let r be the radius of the large circle. The side of the inscribed
square, according to the Pythagorean Theorem, is
p
r 2 + r 2 =
p
2r 2 =
\sqrt
2r .
The radius of the samller circle, inscribed in the large square
is
\sqrt
\sqrt
2r
2 .
The side of the small square (dashed), inscribed in the small
circle is, again using the Pythagorean Theorem,
v
u
u
t
2r
r
\sqrt
2\pi
2
\sqrt
\sqrt
s
!2
+
!2
=
2r
2
2r
2
1
2r 2 + 1
2r 2 = r
\sqrt
2\pi
2
The areas of the four regions on the dartboard are as follows:
-Large circle of radius r : area = \pir 2.
-Large square of side
\sqrt
2r : area = 2r 2.
\sqrt
2r
2 : area = \pir^2/2.
-Small circle of radius
-Small square of side r : area = r 2.
The total white area is then
Aw = \pir 2 -2r 2 + \pi
2 r 2 -r 2 =
3\pi
2 -3

r 2
and the total black area is

2017 SVSU Math Olympics
Level II Solutions --- page 14 of 14
Ab = 2r 2 -\pi
2 r 2 + r 2 =

3 -\pi

r 2.
2
The difference between the two areas is then
Aw -Ab =
3\pi
2 -3 -3 + \pi

r 2 = (2\pi -6) r 2 > 0
2
which shows that the white area is larger.",586aaa
level1_solutions.pdf,1,d,"Consider the equation p(x) : ax2 + bx + c = 0 whose coefficients a, b and c are all non-zero,
and each of them satisfies an equation that results from removing the term containing that
coefficent from the equation p(x); for example, the coefficient b is a solution of the equation
ax2 + c = 0. What is the sum of all solutions of p(x)?
(a) Always 1
(b) Always -1
(c) Always 2
(d) 1 or -1
(e) 1 or 2",": This is what we know about the coefficients a, b and c:
-a is a solution of bx + c = 0, so ab + c = 0.
-b is a solution of ax2 + c = 0, so ab2 + c = 0.
-c is a solution of ax2 + bx = 0, so ac2 + bc = 0.
-a, b and c are all non-zero.
From the first two equalities we get ab = ab2, and since a and b are non-zero, we get b = 1.
-With b = 1, the first two equations both become a + c = 0
-The third equation becomes ac2 + c = 0.
From these two equalities we get ac2 = a and since a ̸= 0, we get c2 = 1 or c = \pm1. Since
a + c = 0, a = -c = \mp1.
That gives us only two possibilities for p(x):
-One is p(x) : x2 + x -1 = 0. The solutions are
-1 \pm
\sqrt
1 + 4
2
= -1 \pm
\sqrt
5
2
The sum of these two solutions is -1.
-The other is p(x) : -x2 + x + 1 = 0. Then the solutions are
-1 \pm
\sqrt
1 + 4
-2
= -1 \pm
\sqrt
5
-2
The sum of these two solutions is 1.
Alternatively, instead of discussing the two possibilities for p(x), we can rewrite the equation
as x2 + b
ax + c
a = 0. Since c
a = -1 < 0, the equation must have two real solutions. The sum of
the two solutions is -b
a = \pm1.",587aaa
level1_solutions.pdf,2,b,"A marching band has 150 members. One day only part of them show up, but nobody wants
to take the time to count how many there are. They first line up in rows with 5 members each,
but there is one left over. Then they try rows with 6 members each, but there is still one left
over. Then they try rows of 7, but there are two left over. How many people should line up in
each row so no members will be left over?

2022 SVSU Math Olympics
Level I Solutions --- page 2 of 12
(a) 4
(b) 11
(c) 13
(d) 17
(e) None of the above",": There is 1 person left over with both rows of 5 and 6. If we removed this one
person, the resulting number would be a multiple of both 5 and 6, and therefore a multiple
of 30. Therefore the original number must be one more than a multiple of 30.
At the same time, there cannot be more than 150 people, so the possible numbers are 1, 31,
61, 91 and 121.
The number also must give the remainder of 2 when divided by 7. Out of the 5 candidate
numbers, only 121 saisfies this condition.
Out of the suggested solutions, 11 is the only one that divides 121.",588aaa
level1_solutions.pdf,3,b,"Which one of the following is the only true statement?
(a) The graph of a horizontal line can't have any x-intercepts.
(b) The graph of a horizontal line can't have a unique x-intercept, but may have more than
one x-intercept.
(c)
The graph of a parabola can't have a unique x-intercept, but may have more than one
x-intercept.
(d) The graph of a polynomial of degree three or higher must have at least one x-intercept.
(e) Either none are true or more than one are true.",": The graph of a horizontal line has no x-intercepts if it is the graph of the
equation y = b, where b is a nonzero real number, but it has infinitely many x-intercepts if it
is the line y = 0.
The graph of a parabola will have a unique x-intercept if the vertex is on the x-axis (in other
words, if th equadratic function we are graphing is a perfect square).
Graph of a polynomial of degree three or higher can have no x-intercepts if it is of even degree,
for example y = x4 + 1.",589aaa
level1_solutions.pdf,4,b,"Which of the following is equal to 10!? (If you are not familiar with the notation, the number
n! is defined for any non-negative integer using the following recursive formula:
0! = 1
n! = n \cdot ((n -1)!) for n > 0)
(a) 5! \cdot 2!
(b) 7! \cdot 5! \cdot 3!
(c) 7! \cdot 5! \cdot 2!
(d) 7! \cdot 5! \cdot 3! \cdot 2!
(e) None of the above or more than one of the above.",": 10! = 1 \cdot 2 \cdot 3 \cdot 4 \cdot 5 \cdot 6 \cdot 7 \cdot 8 \cdot 9 \cdot 10. 7! = 1 \cdot 2 \cdot 3 \cdot 4 \cdot 5 \cdot 6 \cdot 7, 5! = 1 \cdot 2 \cdot 3 \cdot 4 \cdot 5 \equiv
(2\cdot4)\cdot3\cdot5 = 8\cdot3\cdot5, and 3! = 1\cdot2\cdot3, so 7!\cdot5!\cdot3! = 1\cdot2\cdot3\cdot4\cdot5\cdot6\cdot7\cdot8\cdot(3\cdot3)\cdot(5\cdot2) = 10!.
To see that the others don't work: 5! \cdot 2! will not have a factor of 7, 7! \cdot 5! \cdot 2! does not have
another factor of 3 to give a factor of 9, and 7! \cdot 5! \cdot 3! \cdot 2! has too many factors of 2, making
it equal to 2(10!).

2022 SVSU Math Olympics
Level I Solutions --- page 3 of 12",590aaa
level1_solutions.pdf,5,b,"The base 6 expansion of one number is 550. The base 5 expansion of another number is 3440.
What is their greatest common divisor expanded in base 4?
(a) 24
(b) 33
(c) 113
(d) 223
(e) None of the above",": The first number is 5506 = 5\times62+5\times6+0 = 18010+3010 = 21010 = 2\times3\times5\times7.
The second number is 34405 = 3 \times 53 + 4 \times 52 + 4 \times 5 + 2 = 37510 + 10010 + 2010 = 49510 =
3 \times 3 \times 5 \times 1110. So their greatest common divisor is 3 \times 5 = 1510 = 3 \times 4 + 3 = 334.",591aaa
level1_solutions.pdf,6,c,"A person walks along a beach, starting at point A, at
a rate of 3 mi/h and at point B, goes into the water
and swims at a rate of 2 mi/h diagonally out to an is-
land that is a distance of
\sqrt
Island
3 mi from point C, directly
across from the island on the shore, as shown in the
picture. The total distance from point A to point C is
3 mi. There are two different choices for the distance,
in miles, from point A to point B that will result in a
total time for walking and swimming of one hour and
40 minutes; what is the sum of those numbers?
\sqrt
3 miles
A
C
B
3 miles
(a) 2
(b) 4
(c)
14
5
(d)
16
5
(e) None of the above",": Let x be the distance from A to B. Then the distance from B to C is 3 -x, and
from the Pythagorean Theorem, the distance from B to the island is
p
12 -6x + x2.
The total time from A to the island is then
\sqrt
Island
12 -6x + x2
x
3 +
(3 -x)2 + 3
2
\sqrt
3
This must be equal to 1 hour and 40 minutes, or 5
q
3 of an hour.
\sqrt
A
C
B
x
3 -x
12 -6x + x2
x
3 +
2
= 5
3
2x + 3
q
12 -6x + x2 = 10
3
q
12 -6x + x2 = 10 -2x
9
 
12 -6x + x2
= 100 -40x + 4x2
108 -54x + 9x2 = 100 -40x + 4x2
5x2 -14x + 8 = 0
(5x -4)(x -2) = 0
and so the solutions are 2 and 4",592aaa
level1_solutions.pdf,7,e,"Which of the following is equal to ||
\sqrt
2022 -45||?
(a)
\sqrt
3
(b)
\sqrt
1977
(c)
\sqrt
2022 -45
(d)
\sqrt
2022 + 45
(e) 45 -
\sqrt
2022",": Since 452 = (40 + 5)2 = 1600 + 2 \cdot 40 \cdot 5 + 25 = 2025 > 2022, we know that
\sqrt
2022 -45 < 0 and so ||
\sqrt
2022 -45|| = -
 \sqrt
2022 -45

= 45 -
\sqrt
2022.
s5 9\sqrts for all non-negative values of s?",593aaa
level1_solutions.pdf,8,d,"Which of the following is equal to
6p
(a)
3\sqrts
(b)
5p
s5
(d)
18p
s2
(c)
54p
s17
(e) None of the above",": Rewriting the radicals using fractional exponents, we get
5
6 x
1
9 = x
5
6 + 1
9 .
x
Adding the fractions will give us
5
6 + 1
9 = 15
18 + 2
18 = 17",594aaa
level1_solutions.pdf,9,c,"If 73 cubes are stacked to form a 7 \times 7 \times 7 cube, how many small cubes are on the surface of
the large cube?
(a) 127
(b) 134
(c) 218
(d) 294
(e) 327",": The cubes that are not on the surface form a smaller, 5 \times 5 \times 5 cube, which
means that there are 125 of them. Therefore there are 343 -125 = 218 cubed on the surface.",595aaa
level1_solutions.pdf,10,c,"Each side of the cube depicted on the right is numbered with a positive
integer in such a way that the products of the numbers on each pair of
opposite sides are all the same. Find the lowest possible sum of all the
numbers on the sides of the cube.
10
15
14
(a) 78
(b) 80
(c) 89
(d) 107
(e) None of the above",": Since the products of the numbers on the opposite sides must be the same,
they must be a multiple of 10, 14 and 15. The get the lowest possible sum, we must use the
least common multiple. Since 10 = 2 \cdot 5, 14 = 2 \cdot 7 and 15 = 3 \cdot 5, we need 2 \cdot 3 \cdot 5 \cdot 7 = 210.
So the number opposite to 10 is 21, opposite to 14 is 15, and opposite to 15 is 14. The sum
of all the numbers is 10 + 21 + 14 + 15 + 15 + 14 = 89.

2022 SVSU Math Olympics
Level I Solutions --- page 5 of 12
s
r
22 +
q
22 +
p
22 +",596aaa
level1_solutions.pdf,22,b,"(a) 4
(b) 5
(c) 9
(d) 20
(e) 25
s
r
22 +
q
22 >
q
22 +
p
22 +
p
22 >
p",": First,
22 + 4 > 5.
Then, if we define a recursive sequence a0 =
\sqrt
22 +
22, an+1 =
p
22 + an for n \ge0, our number is
a3. Clearly a0 < 6. If an < 6, then an+1 =
p
22 + an <
\sqrt
22 + 6 < 6. That means an < 6 for all
n \ge0. So our number is greater than 5, but less than 6.",597aaa
level1_solutions.pdf,12,c,"Pat and Mat were trying to calculate the average of two numbers a and b using their calcu-
lator. First, Pat took the calculator and typed in a + b \div 2 and got 30. Then Mat took the
same calculator and typed in b + a \div 2 and got 18. What was the correct average of the two
numbers?
(a) 28
(b) 24
(c) 16
(d) 12
(e) None of the above",": We know that
a + 1
2b = 30
1
2a + b = 18
Adding both equations together gives us
3
2a + 3
2b = 48.
Dividing both sides by 3 gives us
a + b
2
= 48
3 = 16.

2022 SVSU Math Olympics
Level I Solutions --- page 6 of 12",598aaa
level1_solutions.pdf,13,b,"How many pairs of integers (x, y) are solutions of the equation
3x2y -10xy -8y -17 = 0?
(a) none
(b) one
(c) two
(d) four
(e) None of the above",": We can rewrite the equation as
(3x2 -10x -8)y = 17
If x is an integer, so is 3x2 -10x -8. There are only four ways to write 17 as a product of
two integers: 17 \cdot 1, 1 \cdot 17, (-17) \cdot (-1) and (-1) \cdot (-17), which gives us four possibilities for
3x2 -10x -8:
-3x2 -10x -8 = 17, or 3x2 -10x -25 = 0. The left side factors: (3x + 5)(x -5) = 0, so we
have an integer solution x = 5.
-3x2 -10x -8 = 1, or 3x2 -10x -9 = 0. The left side does not factor using integers, there
are no integer solutions.
-3x2 -10x -8 = -17, or 3x2 -10x + 9 = 0. The left side does not factor using integers,
there are no integer solutions.
-3x2 -10x-8 = -1, or 3x2 -10x-7 = 0. The left side does not factor using integers, there
are no integer solutions.
Therefore the only pair of integer solutions is (5, 1).",599aaa
level1_solutions.pdf,14,d,"For how many integers is 11n + 14
n -2
an integer?
(a) 3
(b) 6
(c) 9
(d) 18
(e) None of the above",": Rewrite
11n + 14
n -2
= 11n -22 + 22 + 14
n -2
= 11(n -2) + 36
n -2
= 11 +
36
n -2
The above will be an integer if and only if n-2 is a factor of 36. Since 36 = 22 \cdot32, each factor
of 36 looks like \pm1 \cdot 2k2 \cdot 3k3 where k2 = 0, 1, 2 and k3 = 0, 1, 2. That means there are 3 \times 3
positive and 3 \times 3 negative factors of 36. Altogether there are 18 of them.",600aaa
level1_solutions.pdf,15,d,"A fair coin is tossed 100 times and it lands on heads all 100 times. What is the probability
that it will land on heads on the 101st toss?
(a) 1
(b)
1
2100
(c)
1
2101
(d)
1
2
(e) None of the above",": For a fair coin, the probability that it lands on heads is always 1
2, regardless
of what the results of any previous tosses were. Of course if I saw a coin land on heads 100
times in a row, I would very much doubt it was a fair coin!

2022 SVSU Math Olympics
Level I Solutions --- page 7 of 12",601aaa
level1_solutions.pdf,16,b,"If two woodchucks would chuck 32 lb of wood in 12 min, how much wood would 3 wood-
chucks chuck in 8 min?
(a) 21 1
3 lb
(b) 32 lb
(c) 64 lb
(d) 80 lb
(e) None of the above",": Assuming all woodchucks chuck wood at the same uniform speed:
-One woodchuck would chuck 16 lb of wood in 12 min.
-One woodchuck would chuck = of wood in 1 min.
-One woodchuck would chuck = of wood in 1 min.
-Three woodchucks would chuck 3 = 4 lb of wood in 1 min.
-Three woodchucks would chuck 8 = 32 lb of wood in 8 min.

2022 SVSU Math Olympics
Level I Solutions --- page 8 of 12",602aaa
level1_solutions.pdf,17,d,"Assuming that 'wigglers' are those who wiggle, 'wobblers' are those that wobble, and 'wag-
glers' are those who waggle, which of the following sets of premises will necessarily lead to
the conclusion that ""Wilbur is not a weeble""?
(a) All weebles wobble.
No wobblers wiggle.
Some wigglers waggle.
Wilbur waggles.
(b) Some weebles wobble.
No wobblers wiggle.
Some wagglers wiggle.
Wilbur waggles.
(c) All weebles wobble.
No wobblers wiggle.
All wigglers waggle.
Wilbur waggles.
(d) All weebles wobble.
No wobblers wiggle.
All wagglers wiggle.
Wilbur waggles.
(e) None of the above",": These are all arguments involving four sets: wigglers, wagglers, wobblers and
weebles. We can visualize the premises using Venn diagrams with four sets. For each premise,
we will shade the area that is guaranteed empty by that premise. Possible locations of Wilbur
will be indicated by a dot.
First set of premises:
-""All weebles wobble."" Shade the area of weebles that
is ouside of wobblers with
wagglers
wobblers
-""No wobblers wiggle."" Shade the area of wobblers
that is inside of wigglers with
-""Some wigglers waggle."" This just guarantees that
certain areas of the diagram will be non-empty, and
has no relevance for Wilbur, as long as it is consis-
tent with the other premises.
wigglers
weebles
-""Wilbur waggles."" There are four non-shaded areas
inside the wagglers where Wilbur can be, as indi-
cated by the dots.
We can see that Wilbur can be a weeble.
Second set of premises:
-""Some weebles wobble."" This just guarantees that
certain areas of the diagram will be non-empty, and
has no relevance for Wilbur, as long as it is consis-
tent with the other premises.
wagglers
wobblers
-""No wobblers wiggle."" Shade the area of wobblers
that is inside of wigglers with
wigglers
weebles
-""Some wigglers waggle."" This just guarantees that
certain areas of the diagram will be non-empty, and
has no relevance for Wilbur, as long as it is consis-
tent with the other premises.

2022 SVSU Math Olympics
Level I Solutions --- page 9 of 12
-""Wilbur waggles."" There are six non-shaded areas inside the wagglers where Wilbur can be,
as indicated by the dots.
We can see that Wilbur can be a weeble.
Third set of premises:
-""All weebles wobble."" Shade the area of weebles that
is ouside of wobblers with
wagglers
wobblers
-""No wobblers wiggle."" Shade the area of wobblers
that is inside of wigglers with
-""All wigglers waggle."" Shade the area of wigglers
that is ouside of wagglers with
wigglers
weebles
-""Wilbur waggles."" There are four non-shaded areas
inside the wagglers where Wilbur can be, as indi-
cated by the dots. Some of these dots are inside
weebles.
We can see that Wilbur can be a weeble.
Fourth set of premises:
-""All weebles wobble."" Shade the area of weebles that
is ouside of wobblers with
wagglers
wobblers
-""No wobblers wiggle."" Shade the area of wobblers
that is inside of wigglers with
-""All wagglers wiggle."" Shade the area of wagglers
that is ouside of wigglers with
wigglers
weebles
-""Wilbur waggles."" There is only one non-shaded area
inside the wagglers where Wilbur can be, as indi-
cated by the dot.
We can see that with this set of premises, Wilbur can
not be a weeble.",603aaa
level1_solutions.pdf,18,a,"Which of the expressions is equal to 0 for every x?
(a) (x + 1)(x -1) -x2 + 1
(b) x0 -1
(c)
p
x2 -x
(d) None of them is equal to 0 for every x.
(e) More than one of them is 0 for every x.",":
-(x + 1)(x -1) -x2 + 1 = x2 -1 -x2 + 1 = 0 for every x.
-x0 -1 is undefined when x = 0.
x2 -x is only equal to 0 when x \ge0.
-
p

2022 SVSU Math Olympics
Level I Solutions --- page 10 of 12",604aaa
level1_solutions.pdf,19,a,"The vertices of an equilateral triangle lie on a circle with radius 2. The area of the triangle is
(a) 3
\sqrt
3
(b) 2
\sqrt
3
(c) 5
\sqrt
3
(d) 4
\sqrt
3
(e) None of the above",": Draw the triangle and the circle. Lable the vertices of the triangle A, B and C,
and the center of the circle O.
Let T be the midpoint of AC. Let x = |TA| and y = |TO|.
The triangle \bigtriangleupTAO is a right triangle, and so x2+y2 = 4. Similarly,
the triangle \bigtriangleupTAB is a right triangle, and so x2 + (2 + y)2 = 4x2, or
(2 + y)2 = 3x2. Combining the equations together we get
B
2
2x
(2 + y)2 = 3(4 -y2)
O
2
2
y
(2 + y)2 = 3(2 + y)(2 -y)
T
x
C
A
2 + y = 3(2 -y)
2 + y = 6 -3y
4y = 4
y = 1
4 -y2 =
\sqrt
3, and the area of the triangle is A = x(y + 2) =
\sqrt
3(1 + 2) = 3
\sqrt
Then x =
q",605aaa
level1_solutions.pdf,20,b,"How many 7-digit positive integers are made up of the digits 0 and 1 only and are divisible
by 6?
(a) 10
(b) 11
(c) 16
(d) 21
(e) 33",": Let n be a 7-digit positive integer made up of the digits 0 and 1 only, and that
is divisible by 6. The leftmost digit of n cannot be 0, so must be 1.
Since n is divisible by 6, then n is even, which means that the rightmost digit of n cannot be
1, and so must be 0.
Therefore, n has the form 1pqrst0 for some digits p, q, r, s, t each equal to 0 or 1.
Now, n is divisible by 6 exactly when it is divisible by 2 and by 3.
Since the ones digit of n is 0, then it is divisible by 2.
n is divisible by 3 exactly when the sum of its digits is divisible by 3. The sum of the digits of
n is 1 + p + q + r + s + t. Since each of p, q, r, s, t is 0 or 1, then 1 \le1 + p + q + r + s + t \le6.
Thus, n is divisible by 3 exactly when 1 + p + q + r + s + t is equal to 3 or to 6.
That is, n is divisible by 3 exactly when either 2 of p, q, r, s, t are 1s or all 5 of p, q, r, s, t are 1s.
There are 10 ways for 2 of these to be 1s.
These correspond to the pairs pq, pr, ps, pt, qr, qs, qt, rs, rt, st.
There is 1 way for all 5 of p, q, r, s, t to be 1s. Thus, there are 1 + 10 = 11 such 7-digit integers.

2022 SVSU Math Olympics
Level I Solutions --- page 11 of 12",606aaa
level1_solutions.pdf,21,b,"Suppose that x and y satisfy x-y
x+y = 9 and
xy
x+y = -60. The value of (x + y) + (x -y) + xy is
(a) -50
(b) -150
(c) -14310
(d) 210
(e) 14160",": Let V = (x + y) + (x -y) + xy. Then
V
x + y = x + y
x + y + x -y
x + y +
xy
x + y = 1 + 9 -60 = -50
and so V = -50(x + y). Let n = x + y. Then x -y = 9(x + y) = 9n. Squaring both sides gives
us x2 -2xy + y2 = 81n2. Since x + y = n, we also get x2 + 2xy + y2 = n2. Subtracting the two
equations will give us -4xy = 80n2 or xy = -20n2.
At the same time we know that xy
n = -60. So
n = -20n2
-60 = xy
n
= -20n
which means that n = 3.
Then V = -50n = -150.",607aaa
level1_solutions.pdf,22,c,"A total of n points are equally spaced around a circle and are labeled with the integers 1 to
n, in order. Two points are called diametrically opposite if the line segment joining them
is a diameter of the circle. If the points labeled 7 and 35 are diametrically opposite, then n
equals
(a) 54
(b) 55
(c) 56
(d) 57
(e) None of the above",": The number of points on the circle equals the number of spaces between the
points around the circle. Moving from the point labeled 7 to the point labeled 35 requires
moving 35 -7 = 28 points and so 28 spaces around the circle.
Since the points labeled 7 and 35 are diametrically opposite, then moving along the circle
from 7 to 35 results in traveling halfway around the circle.
Since 28 spaces makes half of the circle, then 2 \cdot 28 = 56 spaces make the whole circle. Thus,
there are 56 points on the circle, and so n = 56.",608aaa
level1_solutions.pdf,23,a,"What is the area of a rhombus that has sides of length 10 cm and diagonals that differ in
length by 4 cm?
(a) 96 cm2
(b) 100 cm2
(c) 100
\sqrt
2 cm2
(d) Not enough information given.
(e) None of the above",": Start by drawing the rhombus and the two diagonals.

2022 SVSU Math Olympics
Level I Solutions --- page 12 of 12
Note that in a rhombus, the diagonals bisect each other and
meet at a right angle. Label the length of each half of the
shorter diagonal as x cm. Each half of the longer diagonal
will then be x + 2 cm. The rhombus will then consists of 4
congruent right triangles, each with hypotenuse 10 cm and
sides x cm and x + 2 cm. From the Pythagorean Theorem,
x2 +(x+2)2 = 100. This equation has one positive solution,
x = 6. Then the area of each of the four right triangle that
form the rhombus is 1
C
10 cm
D
x
x + 2
10 cm
10 cm
x
x + 2
A
10 cm
B
2\cdot6\cdot8 = 24cm2. The area of the rhombus is 4\cdot24cm2 = 96cm2.
2x(x+2) = 1",609aaa
level1_solutions.pdf,24,a,"Point P lies inside an equilateral triangle whose sides are of length 2. If the distances from P
to each side of the triangle are x, y and z, what is x + y + z?
(a)
\sqrt
3
(b) 2
\sqrt
3
(c) 3
\sqrt
3
(d) Not enough information given.
(e) None of the above",": The picture below shows an equilateral triangle \bigtriangleupABC with the point P.
The area of the \bigtriangleupABC is equal to
B
1
22h = h =
q
22 -12 =
p
3
The same area can be computed as the sum of the areas
of triangles \bigtriangleupBPC, \bigtriangleupAPC and \bigtriangleupAPB.
The area of \bigtriangleupAPC is 1
h
x
2
2
22y = y.
The area of \bigtriangleupBPC is 1
P
22x = x.
The area of \bigtriangleupAPB is 1
z
22z = z.
Therefore x + y + z = h =
\sqrt
y",610aaa
level1_solutions.pdf,25,b,"A rectangle is given with length l and width w, where l > w. One of them is increased by 20%,
while the other is decreased by 20%. What happens to the area of the rectangle?
(a) It stays the same.
(b) It always decreases.
(c) It always increases.
(d) It increases only if the l is increased.
(e) It increases only if the w is increased.",": Let's call one of the dimensions a and the other b. Since the area is A = ab
and multiplication is commutative, it does not matter which one is which! If we increase a by
20%, the new dimension will be 1.2a. If we decrease b by 20%, the new dimension will be 0.8b.
Then the new area will be (1.2a)(0.8b) = 1.2 \cdot 0.8ab = 0.96ab. The area will always decrease
by 4%.",611aaa
level2_solutions.pdf,1,a,"For n \ge2, let kn be the product 5 \cdot 10 \cdot 17 \cdot 26 \cdot \cdot \cdot \cdot \cdot (n2 + 1), and let
Sn =

1 -1
 
1 -1

\cdot \cdot \cdot

1 -1

.
24
34
n4
What is Sn/kn?
n4 + 1
(c) n4 + 1
n2
(a) 1
2
1
(n!)2

1 + 1

(b)
1
kn
2n + 2 \cdot 1
n
n!
(d)
1
kn
1
n4
1
((n -1)!)4
(e) None of the above",": Rewrite
Sn =

1 -1
 
1 + 1
 
1 -1
 
1 + 1

\cdot \cdot \cdot

1 -1
 
1 + 1

22
22
32
32
n2
n2
  5
 n2 + 1
=

1 -1
 
1 -1
 10

\cdot \cdot \cdot

1 -1

22
22
32
32
n2
n2
Dividing by kn and canceling gives us
  1
  1
  1
Sn
kn
=

1 -1
 
1 -1

\cdot \cdot \cdot

1 -1

22
22
32
32
n2
n2
=
1
(n!)2

1 -1
 
1 -1

\cdot \cdot \cdot

1 -1

22
32
n2
because 22 \cdot 32\cdot \cdot \cdotn2 = (2 \cdot 3\cdot \cdot \cdotn)2 = (n!)2.
Using the difference of squares again,
Sn
kn
=
1
(n!)2

1 -1
 
1 + 1
 
1 -1
 
1 + 1

\cdot \cdot \cdot

1 -1
 
1 + 1

2
2
3
3
n
n
2 -1
 2 + 1
 3 -1
 3 + 1

\cdot \cdot \cdot
n -1
 n + 1
=
1
(n!)2

2
2
3
3
n
n

\cdot \cdot \cdot
n -1 + 1
 n -1
 n + 1
=
1
(n!)2
1
 3
 2
 4
 3
 5
 4

n -1
2
2
3
3
4
4
5
n
n
! 3
! 5
!
 3
!
!
!
!
! n + 1
n -1
2
4
4
n
=
1
(n!)2
1

\cdot \cdot \cdot
n
n -1
5
4
4
3
3
2
2
n
 n + 1
=
1
(n!)2
1

2
n

2022 SVSU Math Olympics
Level II Solutions --- page 2 of 23",612aaa
level2_solutions.pdf,2,e,"Consider the following equation:
x
.
3x -6x = 12x -
3
2
Which of the following is NOT a solution?
(a) 3\pii
ln 2
(b) 0
(c) 6\pii
ln 2
(d) 27\pii
ln 2
(e) All are solutions",": Rewrite
x
3x -6x = 12x -
3
2
as
x
= 0.
3x -6x -12x +
3
2
Dividing both sides by 3x gives us
x
= 0.
1 -2x -4x +
1
2
We can then multiply by 2x to get
2x -4x -8x + 1 = 0
which can be written as
2x -(2x)2 -(2x)3 + 1 = 0
The equation
u -u2 -u3 + 1 = 0
has two easy to guess solutions, u = 1 and u = -1. We can substitute 2x for u:
-If u = 1, then 2x = 1. This can be written as
ex ln 2 = 1
which is equaivalent to
x ln 2 = 2k\pii for any integer k
Therefore any number x in the form 2k\pii
ln 2 is a solution of the original equation.
-If u = -1, then 2x = -1. This can be written as
ex ln 2 = -1
which is equaivalent to
x ln 2 = (2k + 1)\pii for any integer k

2022 SVSU Math Olympics
Level II Solutions --- page 3 of 23
Therefore any number x in the form (2k+1)\pii
ln 2
is a solution of the original equation.
Since any even integer can be written as 2k for some integer k, and any odd integer can be
written as 2k + 1 for some integer k, all numbers in the form
n\pii
ln 2
are solutions of the original equation.",613aaa
level2_solutions.pdf,3,d,"Consider the equation p(x) : ax2 + bx + c = 0 whose coefficients a, b and c are all non-zero,
and each of them satisfies an equation that results from removing the term containing that
coefficent from the equation p(x); for example, the coefficient b is a solution of the equation
ax2 + c = 0. What is the sum of all solutions of p(x)?
(a) Always 1
(b) Always -1
(c) Always 2
(d) 1 or -1
(e) 1 or 2",": This is what we know about the coefficients a, b and c:
-a is a solution of bx + c = 0, so ab + c = 0.
-b is a solution of ax2 + c = 0, so ab2 + c = 0.
-c is a solution of ax2 + bx = 0, so ac2 + bc = 0.
-a, b and c are all non-zero.
From the first two equalities we get ab = ab2, and since a and b are non-zero, we get b = 1.
-With b = 1, the first two equations both become a + c = 0
-The third equation becomes ac2 + c = 0.
From these two equalities we get ac2 = a and since a ̸= 0, we get c2 = 1 or c = \pm1. Since
a + c = 0, a = -c = \mp1.
That gives us only two possibilities for p(x):
-One is p(x) : x2 + x -1 = 0. The solutions are
-1 \pm
\sqrt
1 + 4
2
= -1 \pm
\sqrt
5
2
The sum of these two solutions is -1.
-The other is p(x) : -x2 + x + 1 = 0. Then the solutions are
-1 \pm
\sqrt
1 + 4
-2
= -1 \pm
\sqrt
5
-2
The sum of these two solutions is 1.
Alternatively, instead of discussing the two possibilities for p(x), we can rewrite the equation
as x2 + b
ax + c
a = 0. Since c
a = -1 < 0, the equation must have two real solutions. The sum of
the two solutions is -b
a = \pm1.

2022 SVSU Math Olympics
Level II Solutions --- page 4 of 23",614aaa
level2_solutions.pdf,4,d,"Find the sum of the first five terms of the series
2
3, 4
9, 8
27, . . .

.
(a) 64
81
(b) 550
243
(c) 32
81
(d) 422
243
(e) None of the above",": The terms of this series form a geometric sequence with first term a0 = 2
3 and
common ratio r = 2",615aaa
level2_solutions.pdf,5,c,"Suppose f is a function such that f(n + 1) = f(n) + 3f(n -1), for all integers n. If f(4) = 151 and
f(1) = 1, what is f(-1)?
(a) 12
(b) 4
(c) -11
3
(d)
13
3
(e) None of the above",": f(4) = f(3) + 3f(2).
f(2) = f(1) + 3f(0) = 1 + 3f(0) and f(3) = f(2) + 3f(1) = 1 + 3f(0) + 3 \cdot 1 = 4 + 3f(0).
Putting these into f(4) and simplifying we get
151 = 4 + 3f(0) + 3(1 + 3f(0)) = 7 + 12f(0).
So 144 = 12f(0) and f(0) = 12. Then since f(1) = f(0) + 3f(-1) we get f(-1) = (f(1) -f(0))/3 =
(1 -12)/3 = -11/3.

2022 SVSU Math Olympics
Level II Solutions --- page 5 of 23",616aaa
level2_solutions.pdf,6,b,"Rationalize the denominator:
1
25/6 + 21/2 + 21/3 + 1
(a) 1
 
21/2 + 21/3 -21/6
(b) 1
 
21/2 -1
  
22/3 -21/3 + 1

6
3
(c) 1
 
27/6 -25/6 + 1

(d)
 
21/2 -1
  
22/3 -21/3 + 1

2
(e) None of the above",": We can factor the denominator by grouping:
25/6 + 21/2 + 21/3 + 1 = 25/6 + 23/6 + 22/6 + 1
= 23/6  
22/6 + 1

+ 22/6 + 1
=
 
23/6 + 1
  
22/6 + 1

=
 
21/2 + 1
  
21/3 + 1

The first factor can be rationalized using the difference of squares identity (a + b)(a -b) =
a2 -b2, with a = 21/2 and b = 1:
 
21/2 + 1
  
21/2 -1

=
 
21/22 -12 = 1.
The second factor can be rationalized using the sum of cubes identity (a + b)(a2 -ab + b2) =
a3 + b3, with a = 21/3 and b = 1:
 
21/3 + 1
  
21/32 -21/3 + 1

=
 
21/33 + 13 = 3.
Putting it all together:
1
25/6 + 21/2 + 21/3 + 1 =
1
 
21/2 + 1
  
21/3 + 1

 
21/2 -1
  
22/3 -21/3 + 1

 
21/2 -1
  
22/3 -21/3 + 1

 
21/2 -1
  
22/3 -21/3 + 1

=
1 \cdot 3
= 1
 
21/2 -1
  
22/3 -21/3 + 1

.
3

2022 SVSU Math Olympics
Level II Solutions --- page 6 of 23",617aaa
level2_solutions.pdf,7,c,"What is the value of the following series?
2022! \cdot (-1)k 2k
2022
X
k! \cdot (2022 -k)!
k=0
(a) 1 -(-2)2023
3
(b) -1
(c) 1
(d) 32022
(e) None of the above",": Using the binomial Theorem,
2022! (-1)k 2k
2022
X
2022
X
2022!
k! \cdot (2022 -k)! (-2)k
k! \cdot (2022 -k)! =
k=0
k=0
2022
X
2022
k
!
(-2)k 12022-k
=
k=0
2022
X
2022
k
!
12022-k (-2)k
=
k=0
= (1 + (-2))2022
= (-1)2022 = 1

2022 SVSU Math Olympics
Level II Solutions --- page 7 of 23",618aaa
level2_solutions.pdf,8,a,"Which of the following is equal to
3 + 1
2?

4p
27 +
p
3 +
4p
(a)
4
\sqrt
3 + 4
(c) 2
4p
3 + 1
(b) 4
p
27 + 2
4p
3 + 6
p
3 -2
4\sqrt
3 + 6
(d)
16
\sqrt
3 + 2
4\sqrt
3 + 1
(e) None of the above",": Since
x4 -1 = (x -1)
 
x3 + x2 + x + 1

(which can be derived by repeated use of the difference of squares identity followed by ex-
panding (x + 1)(x2 + 1) = x3 + x2 + x + 1),
3
4 -1 =

4p
3
3 +
4p
3
2 +
4p
2 = 3 -1 =

4p
3 -1
 
4p
3 + 1

.
This gives us
2 =

4p
3 -1
 
4p
3 + 1

.
27 +
p
3 +
4p
Dividing both sides by
  4\sqrt
3 -1

and squaring both sides gives us
2
=
4
\sqrt
3 + 1
2 =

2

4p
27 +
p
3 +
4p
4\sqrt
3 -2
4\sqrt
3 -1
3 + 1

2022 SVSU Math Olympics
Level II Solutions --- page 8 of 23",619aaa
level2_solutions.pdf,9,d,"Which of the following expressions are equivalent to
1
2

1
3

(2x + 3)-2
1
3

1
2

(3x + 2)-1
2 (3)
h
(3x + 2)
3 (2) -(2x + 3)
(3x + 2)
1
2
i2
4
3 (3x + 2)2
(b) 2
\sqrt
3x + 2 -3
3\sqrt
(a)
-5
2x + 3
(2x + 3)2
(c) 0
6
q
(3x + 2)3 3q
6 (2x + 3)
(d) -
6x + 19
3
2
(e) None of the above
2
3 (3x + 2)
6 (2x + 3)",": Start by factoring the smallest power of each factor from the numerator:
3

(3x + 2)
3
 
1
2

(3)

2
 
1
3

(2) -(2x + 3)
1
2 -

-1
1
3 -

-2
(3x + 2)-1
2 (2x + 3)-2
1
2
i2
h
(3x + 2)
That can be further simplified:
(3x + 2)-1
2 (2x + 3)-2
3
h
(3x + 2)

2
3

-(2x + 3)

3
2
i
1
2
i2
.
h
(3x + 2)
Factoring 1
6 from the numerator and moving factors with negative exponents to the denomi-
nator gives us
4 (3x + 2) -9 (2x + 3)
2
3
= 12x + 8 -18x -27
2
3
=
-6x -19
2
3
= -
6x + 19
1
2
i3 (2x + 3)
3
2 (2x + 3)
3
2 (2x + 3)
3
2 (2x + 3)
2
3
6
h
(3x + 2)
6 (3x + 2)
6 (3x + 2)
6 (3x + 2)",620aaa
level2_solutions.pdf,10,c,"A person walks along a beach, starting at point A, at a rate
of 3 mi/h and at point B, goes into the water and swims at a
rate of 2 mi/h diagonally out to an island that is a distance
of
\sqrt
Island
3 mi from point C, directly across from the island on
the shore, as shown in the picture. The total distance from
point A to point C is 3 mi. There are two different choices
for the distance, in miles, from point A to point B that will
result in a total time for walking and swimming of one hour
and 40 minutes; what is the sum of those numbers?
\sqrt
3 miles
A
C
B
3 miles
(a) 2
(b) 4
(c)
14
5
(d)
16
5
(e) None of the above",": Let x be the distance from A to B. Then the distance from B to C is 3 -x, and
from the Pythagorean Theorem, the distance from B to the island is
p
12 -6x + x2.

2022 SVSU Math Olympics
Level II Solutions --- page 9 of 23
The total time from A to the island is then
\sqrt
Island
12 -6x + x2
x
3 +
(3 -x)2 + 3
2
\sqrt
3
This must be equal to 1 hour and 40 minutes, or 5
q
3 of an hour.
\sqrt
A
C
B
x
3 -x
12 -6x + x2
x
3 +
2
= 5
3
2x + 3
q
12 -6x + x2 = 10
3
q
12 -6x + x2 = 10 -2x
9
 
12 -6x + x2
= 100 -40x + 4x2
108 -54x + 9x2 = 100 -40x + 4x2
5x2 -14x + 8 = 0
(5x -4)(x -2) = 0
and so the solutions are 2 and 4",621aaa
level2_solutions.pdf,11,a,"Which of the following is the solution set to the inequality
1
|x -3| +
2
x -3 \le5?
(a) (-\infty, 3) \cup
h
18
5 , \infty

(b)

-\infty, 16
5
i
\cup
h
18
5 , \infty

(c) (-\infty, 3] \cup
h
18
5 , \infty

(d)
h
16
5
i
(e) None of the above
5 , 18",": We break this up into cases:
-Case x > 3, or x -3 > 0: Then |x -3| = x -3, and the inequality becomes
1
x -3 +
2
x -3 \le5
or
3
x -3 \le5
Since x -3 > 0, multiplying by x -3 gives us
3 \le5(x -3)
3 \le5x -15
18 \le5x
x \ge18
5
-Case x < 3, or x -3 < 0: Then |x -3| = -(x -3), and the inequality becomes
-
1
x -3 +
2
x -3 \le5
or
1
x -3 \le5
Since x -3 < 0, multiplying by x -3 gives us
1 \ge5(x -3)
1 \ge5x -15
16 \ge5x
x \le16
5
Since x < 3 < 16
5 , this will be automatically true in this case.
Combining the two cases together will tell us that either x < 3 or x \ge18
5 .
The soltution is the set (-\infty, 3) \cup
h
18
5 , \infty

.

2022 SVSU Math Olympics
Level II Solutions --- page 11 of 23",622aaa
level2_solutions.pdf,12,a,"A game comes with a set of three fair six-sided dice. In one particular set, while two of the
dice are regular, labeled with numbers 1 through 6, due to a manufacturing error, on the third
die the side that is supposed to be labeled with 1 got labeled with 6 (so there are exactly two
sides labeled 6 on the die).
Suppose two of the dice are chosen at random and rolled once. What is the probability that
both land with a side labeled 6 facing up?
(a)
5
108
(b)
1
24
(c)
1
18
(d)
1
6
(e) None of the above",": Define the following two events:
-Event R: selecting two regular dice (labeled 1 - 6).
-Event S: rolling two sixes.
Then
P(S) = P(R) P(S | R) + P(R) P(S | R)
There are several different ways to calculate P(R):
-Supopse we label the three dice as 1,2 and 3, with 3 being the label of the mis-labeld die.
Then there are 6 ways to select two dice: (1, 2), (1, 3), (2, 1), (2, 3), (3, 1) and (3, 2). Four
of the six ways include the mis-labeled die, so there are 2 out of 6 ways to select the two
regular dice. So P(R) = 2/6 = 1/3.
-Another way is to instead keep track of the die that is left out. There are three dice than
can be left out, and one of them is the mis-labeled one, so in one of the three cases you
end up selecting the two regular dice. Again, P(R) = 1/3.
For the conditional probability P(S | R), we are rolling two dice, each with probability of rolling
six equal to 1/6. The rolls are independent, so P(S | R) = 1
6 =
1",623aaa
level2_solutions.pdf,13,b,"Evaluate (1 + i)2022.
(a) 1
(b) -21011i
(c) 21011i
(d) 1011 -2022i
(e) None of the above",": (Note that on the actual exam, there was a typo, so that both (b) and (c) were
correct. When grading the exam, both of these answers were accepted.)
Since 1+i =
\sqrt
2e\pii/4, (1+i)2022 = 22022/2e2022\pii/4 = 21011e1011\pii/2. Further e1011\pii/2 =
 
e\pii/21011 =
i1011.
Since 1011 = 1008 + 3 = 4 \cdot 252 + 3, i1011 = i3 = -1.
Putting all this together gives us
(1 + i)2022 = 21011(-i) = -21011i

2022 SVSU Math Olympics
Level II Solutions --- page 13 of 23",624aaa
level2_solutions.pdf,14,c,"Which of the following is equal to sin

\pi
8

?
2 -
\sqrt
2 +
\sqrt
2 -
\sqrt
2 +
\sqrt
s
s
p
p
2
2
(b)
2
2
(c)
2
2
(d)
2
2
(e) None of the above
(a)",": There are several ways one can proceed:
Using half angle formula
The half angle formula for the sine function says

= (-1)k
s
1 -cos(\theta)
sin
\theta
2
2
where k is such that k\pi \le\theta
2 < (k + 1)\pi.
When \theta
2 = \pi
8 , we have k = 0 and \theta = \pi
4 . Then
v
u
u
t1 -cos

\pi
4

sin
\pi

= (-1)0
8
2
\sqrt
v
u
u
t1 -
2
2
2
=
2 -
\sqrt
s
2
4
=
2 -
\sqrt
p
2
2
=
Using the law of cosines
In the triangle on the right, sin

\pi
8

= y.
Applying the law of cosines, we get
1
y
(2y)2 = 12 + 12 -2 \cdot 1 \cdot 1 \cdot cos
\pi

\pi/8
\pi/8
2y
4
y
1
which will simplify to
4y2 = 2 -
p
2
Then y2 = 2-
\sqrt
2-
\sqrt
p
2
4
and y =
2
2
.
Using complex numbers
Let
z = cos
\pi

+ i sin
\pi

= e
\pii
8
8
8
To shorten things up, lets denote the real part of z as c and the imaginary part as s. We want
to find s.
We know that z2 = c2 -s2 + 2csi. At the same time,
\sqrt
\sqrt
4 = cos
\pi

+ i sin
\pi
2
2 +
2
2 i

=
z2 = e
\pii
4
4
Comparing the real and imaginary parts, we get

2022 SVSU Math Olympics
Level II Solutions --- page 14 of 23
\sqrt
2
2
c2 -s2 =
\sqrt
2
2
2cs =
\sqrt
2
4s . Substituting to the first
equation will give us
We are trying to solve for s. From the second equation, c =
\sqrt
1
8s2 -s2 =
2
2
1 -8s4 = 4
p
2s2
8s4 + 4
p
2s2 -1 = 0
The last equation is a quadratic equation in s2, and so using the quadratic formula
s2 =
-4
\sqrt
2 \pm
r
4
\sqrt
2
2 -4 \cdot 8 \cdot (-1)
2 \cdot 8
= -4
\sqrt
2 \pm
\sqrt
64
16
= -4
\sqrt
2 + 8
16
= -
\sqrt
2 + 2
4
Note that we droped the -since s2 cannot be negative.
Then, since sin

\pi
4

is positive, we get
2 -
\sqrt
2 -
\sqrt
s
p
2
4
=
2
2
s =",625aaa
level2_solutions.pdf,15,b,"Which of the following is a one-to-one function on the given domain?
2
(c) x3 -x, -1 \lex \le1
(a) cos(x), -\pi
2 \lex \le\pi
2
(b) sin(x), -\pi
2 \lex \le\pi
(d) |x + 2|, -4 \lex \le2
(e) None of the above",":
-The function cos(x) is an even function, so cannot be one-to-one on any interval that con-
tains 0 in its interior.
-The function sin(x) is one-to-one on any interval that corresponds to the left or to the right
semicircle. Interval
h
-\pi
2
i
corresponds to the right semicircle.
2 , \pi
-The function x3 -x has zero at -1, 0 and 1, so it is not one-to-one on [-1, 1],
-Finally, the function |x + 2| has value 2 for x = -4 and x = 0, so it is not one-to-one on the
given domain.

2022 SVSU Math Olympics
Level II Solutions --- page 15 of 23",626aaa
level2_solutions.pdf,16,e,"The matrix C is the product of two given matrices:


b
2
-3
1
2
5
2
3
1
1
3
2
5
a
1
!


C =
\cdot
If c2,1 = -5 and c2,3 = 1, what are a and b?
(a) a = 3 and b = 2
(b) a = 2 and b = -2
(c) a = 5 and b = 1
(d) a = 3 and b = 1
(e) None of the above",": If we call the first of the given matrices A and the second one B, then
c2,1 = a2,1b1,1 + a2,2b2,1 + a2,3b3,1
= 5 \cdot b + a \cdot 1 + 1 \cdot 2
= 5b + a + 2
and
c2,3 = a2,1b1,3 + a2,2b2,3 + a2,3b3,3
= 5 \cdot (-3) + a \cdot 5 + 1 \cdot 1
= -15 + 5a + 1
= 5a -14
This gives us two equations
a + 5b + 2 = -5
5a -14 = 1
From the second equation, a = 3. Substituting into the first equation gives 5b + 5 = -5 or
b = -2.

2022 SVSU Math Olympics
Level II Solutions --- page 16 of 23",627aaa
level2_solutions.pdf,17,d,"The function F, which takes functions as inputs and returns functions, is defined by
F(f)(x) = f(20x) + 22
If f is a linear function such that f(5) = 16 and F(f)(5) = 323, find the formula for F(f)(x).
(a) F(f)(x) = 2x + 8
(b) F(f)(x) = 20x2 -40x + 23
(c) F(f)(x) = 80x -89
(d) F(f)(x) = 60x + 23
(e) None of the above",": Since f is linear, f(x) = ax + b for some a and b. Then F(f)(x) = f(20x) + 22 =
a \cdot (20x) + b + 22. Plugging in 5 into both f and F(f) will give us two equations
5a + b = 16
100a + b + 22 = 323
This system of equations has a unique solution a = 3 and b = 1, so f(x) = 3x + 1, and
F(f)(x) = 60x + 23.

2022 SVSU Math Olympics
Level II Solutions --- page 17 of 23",628aaa
level2_solutions.pdf,18,a,"The functions p and q are defined by the following table, in which some values are missing,
which is indicated by a question mark. The table also contains some values of the function
r, which is defined by the equation r(x) = q(p(x)). Again some values have been replaced by
question marks.
x
0
1
2
3
4
5
p(x)
4
?
?
2
1
0
q(x)
?
2
?
0
5
1
r(x)
?
1
0
4
?
3
What is the sum of all the missing values in the table?
(a) 22
(b) 15
(c) 20
(d) 17
(e) Impossible to determine with given information.",": First, we can find r(0) and r(4) by referring to the table:
r(0) = q(p(0)) = q(4) = 5 because p(0) = 4.
Similarly,
r(4) = q(p(4)) = q(1) = 2 because p(4) = 1.
Next, we find p(1) and p(2):
r(1) = q(p(1)) = 1 and since q(5) = 1 we get p(1) = 5.
Similarly,
r(2) = q(p(2)) = 0 gives us p(2) = 3,
since q(3) = 0.
To find q(0) and q(2), we need to find for which x is p(x) = 0 or 5:
p(5) = 0 which means q(0) = q(p(5)) = r(5) = 3,
and
p(3) = 2 which means q(2) = q(p(3)) = r(3) = 4.
Now we need to add all the values:
r(0) + r(4) + p(1) + p(2) + q(0) + q(2) = 5 + 2 + 5 + 3 + 3 + 4 = 22.

2022 SVSU Math Olympics
Level II Solutions --- page 18 of 23",629aaa
level2_solutions.pdf,19,c,"The set N0 = {0, 1, 2, . . .} of all whole numbers has an associative operation of addition, de-
noted by +. It also contains a special object, 0, with the property that for any whole number
n, n + 0 = 0 + n = n. We say that the set N is a monoid with operation + and identity object 0.
Another example of a monoid is the set B = {0, 1} with the operation \vee(pronounced 'or')
defined by the equations 0 \vee0 = 0, 0 \vee1 = 1 \vee0 = 1 and 1 \vee1 = 1. The identity object in this
monoid is also 0.
A function f from N0 to B is a monoid morphism if it satisfies the following two properties:
-For any two numbers m and n from the set N0, the equation f(m + n) = f(m) \veef(n) is true
(we say that f preserves the monoid operations).
-f(0) = 0 (we say that f preserves the identity objects).
Is the function f defined by
(
0
if n is even
1
if n is odd
f(n) =
a monoid morphism between the two examples of monoids described above?
(a) f is a monoid morphism.
(b) f preserves the monoid operation but not the identity objects.
(c) f preserves the identity objects but not the monoid operation.
(d) f preserves neither the identity objects nor the monoid operation.
(e) f is not a function from N0 to B.",": First f is a function from N0 to B: since every element of N0 is either even or
odd, f assigns to it a unique element of B.
Since the identity object in N0 is 0, which is even, f(0) = 0, which is the identity element in B.
Therefore f preserved the identity objects.
However, since f(1 + 1) = f(2) = 0, while f(1) \veef(1) = 1 \vee1 = 1, we see that f(1 + 1) ̸= f(1) \veef(1),
so the function f does not preserve the monoid operation.",630aaa
level2_solutions.pdf,20,c,"Each side of the cube depicted on the right is numbered with a positive
integer in such a way that the products of the numbers on each pair of
opposite sides are all the same. Find the lowest possible sum of all the
numbers on the sides of the cube.
10
15
14
(a) 78
(b) 80
(c) 89
(d) 107
(e) None of the above",": Since the products of the numbers on the opposite sides must be the same,
they must be a multiple of 10, 14 and 15. The get the lowest possible sum, we must use the
least common multiple. Since 10 = 2 \cdot 5, 14 = 2 \cdot 7 and 15 = 3 \cdot 5, we need 2 \cdot 3 \cdot 5 \cdot 7 = 210.
So the number opposite to 10 is 21, opposite to 14 is 15, and opposite to 15 is 14. The sum
of all the numbers is 10 + 21 + 14 + 15 + 15 + 14 = 89.

2022 SVSU Math Olympics
Level II Solutions --- page 19 of 23
s
r
22 +
q
22 +
p
22 +",631aaa
level2_solutions.pdf,22,b,"(a) 4
(b) 5
(c) 6
(d) 9
(e) 22
s
r
22 +
q
22 >
q
22 +
p
22 +
p
22 >
p",": First,
22 + 4 > 5.
Then, if we define a recursive sequence a0 =
\sqrt
22 +
22, an+1 =
p
22 + an for n \ge0, our number is
a3. Clearly a0 < 6. If an < 6, then an+1 =
p
22 + an <
\sqrt
22 + 6 < 6. That means an < 6 for all
n \ge0. So our number is greater than 5, but less than 6.",632aaa
level2_solutions.pdf,22,b,"How many pairs of integers (x, y) are solutions of the equation
3x2y -10xy -8y -17 = 0?
(a) none
(b) one
(c) two
(d) four
(e) None of the above",": We can rewrite the equation as
(3x2 -10x -8)y = 17
If x is an integer, so is 3x2 -10x -8. There are only four ways to write 17 as a product of
two integers: 17 \cdot 1, 1 \cdot 17, (-17) \cdot (-1) and (-1) \cdot (-17), which gives us four possibilities for
3x2 -10x -8:
-3x2 -10x -8 = 17, or 3x2 -10x -25 = 0. The left side factors: (3x + 5)(x -5) = 0, so we
have an integer solution x = 5.
-3x2 -10x -8 = 1, or 3x2 -10x -9 = 0. The left side does not factor using integers, there
are no integer solutions.
-3x2 -10x -8 = -17, or 3x2 -10x + 9 = 0. The left side does not factor using integers,
there are no integer solutions.
-3x2 -10x-8 = -1, or 3x2 -10x-7 = 0. The left side does not factor using integers, there
are no integer solutions.
Therefore the only pair of integer solutions is (5, 1).

2022 SVSU Math Olympics
Level II Solutions --- page 20 of 23",633aaa
level2_solutions.pdf,23,e,"A diagram consists of a set of nodes and a set of arrows be-
tween nodes. Two diagrams are shown on the right, first with
the set of nodes A = {1, 2}, the second with the set of nodes
B =

\alpha, \beta, \gamma, \delta, \epsilon, \omega
 
. In the first diagram, you can get from 1 to
2 by following arrows, but not from 2 to 1. In the second dia-
gram, you can for example get from \alpha to every node except \alpha by
following arrows. Two other extremes in the second diagram are
\epsilon, from which you can only get to itself, and \omega from which you
cannot get anywhere by following arrows.
A function f from the set A to the set B is called a diagram mapping if for every two nodes a
and b from the set A such that you can get from a to b by following arrows, you can also get
from f(a) to f(b) by following arrows.
How many diagram mappings are there from the first diagram to the second diagram?
\alpha
1
\beta
\gamma
\delta
2
\epsilon
\omega
(a) 6
(b) 17
(c) 18
(d) 20
(e) 21",": Each function from the set A = {1, 2} can be uniquely defined by specifying f(1)
and f(2). Let's divide the problem into cases:
-Suppose f(1) = \alpha. Since we can get from \alpha to any other node of the second diagram, f(2)
can be any node of the second diagram except \alpha. So f(2) = \beta, f(2) = \gamma, f(2) = \delta, f(2) = \epsilon
and f(2) = \omega are all valid choices if we want f to be a diagram mapping. Therefore there
are 5 diagram mapping from the first diagram to the second one that map 1 to \alpha.
-Suppose f(1) = \beta. Since we can get from \beta to any node of the second diagram except \alpha
(including \beta itself), f(2) can be any node of the second diagram except \alpha. So f(2) = \beta,
f(2) = \gamma, f(2) = \delta, f(2) = \epsilon and f(2) = \omega are all valid choices if we want f to be a diagram
mapping. Again, there are 5 diagram mapping from the first diagram to the second one
that map 1 to \beta.
-Suppose f(1) = \gamma. Again, we can get from \gamma to any node of the second diagram except \alpha
(including \gamma itself), so there are 5 diagram mapping from the first diagram to the second
one that map 1 to \gamma.
-Suppose f(1) = \delta. The same reasoning can be applied to see that there are 5 diagram
mapping from the first diagram to the second one that map 1 to \delta.
-Now suppose f(1) = \epsilon. There is only one node in the second diagram that can be accessed
from \epsilon by following arrows, and that is \epsilon itself. Therefore if f(1) = \epsilon, f(2) must also be \epsilon,
and there is only one diagram mapping such that f(1) = \epsilon.
-Finally, suppose f(1) = \omega. There is no node in the second diagram accessible from \omega by
folowing arrows, se we do not have any node to map 2 to. There is no diagram mapping
that would map 1 to \omega.
Therefore the total number of diagram mappings from the first diagram to the second diagram
is 5 + 5 + 5 + 5 + 1 + 0 = 21.

2022 SVSU Math Olympics
Level II Solutions --- page 21 of 23",634aaa
level2_solutions.pdf,24,d,"Assuming that 'wigglers' are those who wiggle, 'wobblers' are those that wobble, and 'wag-
glers' are those who waggle, which of the following sets of premises will necessarily lead to
the conclusion that ""Wilbur is not a weeble""?
(a) All weebles wobble.
No wobblers wiggle.
Some wigglers waggle.
Wilbur waggles.
(b) Some weebles wobble.
No wobblers wiggle.
Some wagglers wiggle.
Wilbur waggles.
(c) All weebles wobble.
No wobblers wiggle.
All wigglers waggle.
Wilbur waggles.
(d) All weebles wobble.
No wobblers wiggle.
All wagglers wiggle.
Wilbur waggles.
(e) None of the above",": These are all arguments involving four sets: wigglers, wagglers, wobblers and
weebles. We can visualize the premises using Venn diagrams with four sets. For each premise,
we will shade the area that is guaranteed empty by that premise. Possible locations of Wilbur
will be indicated by a dot.
First set of premises:
-""All weebles wobble."" Shade the area of weebles that
is ouside of wobblers with
wagglers
wobblers
-""No wobblers wiggle."" Shade the area of wobblers
that is inside of wigglers with
-""Some wigglers waggle."" This just guarantees that
certain areas of the diagram will be non-empty, and
has no relevance for Wilbur, as long as it is consis-
tent with the other premises.
wigglers
weebles
-""Wilbur waggles."" There are four non-shaded areas
inside the wagglers where Wilbur can be, as indi-
cated by the dots.
We can see that Wilbur can be a weeble.
Second set of premises:
-""Some weebles wobble."" This just guarantees that
certain areas of the diagram will be non-empty, and
has no relevance for Wilbur, as long as it is consis-
tent with the other premises.
wagglers
wobblers
-""No wobblers wiggle."" Shade the area of wobblers
that is inside of wigglers with
wigglers
weebles
-""Some wigglers waggle."" This just guarantees that
certain areas of the diagram will be non-empty, and
has no relevance for Wilbur, as long as it is consis-
tent with the other premises.

2022 SVSU Math Olympics
Level II Solutions --- page 22 of 23
-""Wilbur waggles."" There are six non-shaded areas inside the wagglers where Wilbur can be,
as indicated by the dots.
We can see that Wilbur can be a weeble.
Third set of premises:
-""All weebles wobble."" Shade the area of weebles that
is ouside of wobblers with
wagglers
wobblers
-""No wobblers wiggle."" Shade the area of wobblers
that is inside of wigglers with
-""All wigglers waggle."" Shade the area of wigglers
that is ouside of wagglers with
wigglers
weebles
-""Wilbur waggles."" There are four non-shaded areas
inside the wagglers where Wilbur can be, as indi-
cated by the dots. Some of these dots are inside
weebles.
We can see that Wilbur can be a weeble.
Fourth set of premises:
-""All weebles wobble."" Shade the area of weebles that
is ouside of wobblers with
wagglers
wobblers
-""No wobblers wiggle."" Shade the area of wobblers
that is inside of wigglers with
-""All wagglers wiggle."" Shade the area of wagglers
that is ouside of wigglers with
wigglers
weebles
-""Wilbur waggles."" There is only one non-shaded area
inside the wagglers where Wilbur can be, as indi-
cated by the dot.
We can see that with this set of premises, Wilbur can
not be a weeble.

2022 SVSU Math Olympics
Level II Solutions --- page 23 of 23",635aaa
level2_solutions.pdf,25,b,"Suppose that x and y satisfy x-y
x+y = 9 and
xy
x+y = -60. The value of (x + y) + (x -y) + xy is
(a) -50
(b) -150
(c) -14310
(d) 210
(e) 14160",": Let V = (x + y) + (x -y) + xy. Then
V
x + y = x + y
x + y + x -y
x + y +
xy
x + y = 1 + 9 -60 = -50
and so V = -50(x + y). Let n = x + y. Then x -y = 9(x + y) = 9n. Squaring both sides gives
us x2 -2xy + y2 = 81n2. Since x + y = n, we also get x2 + 2xy + y2 = n2. Subtracting the two
equations will give us -4xy = 80n2 or xy = -20n2.
At the same time we know that xy
n = -60. So
n = -20n2
-60 = xy
n
= -20n
which means that n = 3.
Then V = -50n = -150.",636aaa
solution1_2007.pdf,1,c,"A middle school has 100 lockers numbered 1 to 100, and 100 students. The first student goes down
the row of lockers and opens every locker. Then the second student goes down the row of lockers and
closes every locker that is numbered with a multiple of two. Then the third student goes down the row
of lockers, and for every locker that is numbered with a multiple of 3, if it is open, she closes it, but if
it is already closed, she opens it again. The fourth student then does the same thing for the lockers
numbered with multiple of 4, and so on, down to the hundredth student. In the end, how many lockers
are still open?
(a) 1
(b) all of the lockers that are not numbered with prime numbers
(c) 10
(d) 15
(e) None of the above",": Consider locker number n. Notice that student m will touch the locker only if n is a
multiple of m. So we want to consider all factors of n, including 1 and n. The complete list of factors
represents all students who will touch the locker.
If n has an even number of factors, then an even number of students will touch the locker. Since the
first student opens it, the nth student will close it and it will remain closed. If n has an odd number of
factors, then similarly we see that the nth student will open the locker and it will remain open.
It remains to count how many n have an odd number of factors. Each factorization n = ab with a ̸= b
gives us a pair of factors, keeping the count of factors even. So the only way to get an odd number of
factors is if n = c2 for some c, that is if n is a perfect square.
There are 10 perfect squares (12, 22, . . . , 102) between 1 and 100, and so 10 lockers will remain open.",637aaa
solution1_2007.pdf,2,d,"Which of the following equations describes the set of all points that are equidistant from the points
P(-1, 3) and Q(3, 5)?
(a) x -2y = -7
(b) (x -1)2 + (y -4)2 = 5
(c) (x + 1)2 + (x -3)2 = 5
(d) 2x + y = 6
(e) None of the above",": We are looking for points (x, y) that have the same distance from (-1, 3) as from (3, 5).
Using the distance formula, this gives us the equation
q
(x + 1)2 + (y -3)2 =
q
(x -3)2 + (y -5)2
Squaring both sides and simplifying gives
x2 + 2x + 1 + y2 -6y + 9 = x2 -6x + 9 + y2 -10y + 25
2x -6y + 10 = -6x -10y + 34
8x + 4y = 24
2x + y = 6
Another solution: The described set is the perpendicular bisector of the segment PQ. It must be a
line perpendicular to the segment PQ passing through the midpoint of the segment. The slope of the
segment PQ is
m1 = 5 -3
3 + 1 = 1
2
2

= (1, 4). The perpendicular bisector is the line with slope -2 passing
through (1, 4), which has an equation y -4 = -2(x -1). Simplifying this will give us 2x + y = 6.
and the midpoint is

-1+3
2
, 3+5

SVSU -- 2007 Math Olympics Solutions
Level I -- Page 2",638aaa
solution1_2007.pdf,3,b,"y
Which of the following expressions is a factored form of the third degree polynomial
function f(x) whose graph is given?
18
(a) 18(x -1)(x -3)2
(b) -2(x -1)(x -3)2
(c) 18(x -1)2(x -3)
(d) -6(x -1)2(x -3)
(e) None of the above
1 2 3 4
x",": The third degree polynomial has a single root at 1 and a double root
at 3. Therefore it will be in the form
f (x) = k(x -1)(x -3)2.
We also know that f(0) = k(-1)(-3)2 = -9k = 18, which means k = -2.",639aaa
solution1_2007.pdf,4,b,"Find the length of a chord that is 5 cm from the center of a circle with radius 13 cm.
(a) 12 cm
(b) 24 cm
(c) 13 cm
(d) Not enough information given
(e) None of the above",": The triangle ABC is a right triangle with hypotenuse 13 cm and the
shorter leg 5 cm. Using the Pythagorean Theorem, we obtain the other leg, which is
a half of the chord. Therefore the chord is 24 cm long.
12 cm
B
C
13 cm
5 cm
A",640aaa
solution1_2007.pdf,5,c,"Find the area of a triangle (in square units) bounded by the coordinate axes and the line x+3y-12 = 0.
(a) 12
(b) 18
(c) 24
(d) 48
(e) None of the above",": The x-intercept of the line is (12, 0) and the y-intercept is (0, 4). The triangle has
vertices (0, 0), (12, 0) and (0, 4). It is a right triangle with legs 4 units and 12 units long, so its area is
1
2 \cdot 4 \cdot 12 = 24 square units.",641aaa
solution1_2007.pdf,6,b,"Augustus, Benedict, Claudio, and Diana have been accused of stealing the golden mean. It is known
that one of these four people must have done it. Augustus says ""Benedict did it"". Benedict says ""Diana
did it"". Claudio says ""I didn't do it"". Diana says ""Benedict is lying when he says I did it"". If it is known
that exactly one of them is lying, which one did it?
(a) Augustus
(b) Benedict
(c) Claudio
(d) Diana
(e) More than one person must be lying",": Since Benedict and Diana contradict each other, one of them must be lying. We know that
only one person is lying, therefore Augustus (and Claudio, but that is not important) must be telling
the truth.

SVSU -- 2007 Math Olympics Solutions
Level I -- Page 3",642aaa
solution1_2007.pdf,7,b,"The function f has graph
1
-2
-1
1
2
-1
Which of the following could be the graph of f (x + 1) -1?
1
1
-2
-1
1
2
-2
-1
1
2
(a)
(b)
-1
-1
1
1
-2
-1
1
2
-2
-1
1
2
(c)
(d)
-1
-1
(e) None of the above",": The graph of f(x + 1) -1 is obtained from the graph of y = f (x) by shifting it one unit
to the left and one unit down. The only graph that could match this is (b).",643aaa
solution1_2007.pdf,8,d,"The sum of the real solutions to the equation
 
x3 -1
3 -7
 
x3 -1
2 -4
 
x3 -1

+ 28 = 0 is
(a) 7
(b)
3\sqrt
7
(c) 2 +
3\sqrt
3
(d) 1 +
3\sqrt
3
(e) None of the above",": First substitute y = x3 -1. Factor the left side of the resulting equation by grouping:
y3 -7y2 -4y + 28 = 0
y2(y -7) -4(y -7) = 0
(y2 -4)(y -7) = 0
(y -2)(y + 2)(y -7) = 0
Solving for y gives us y = 2, -2, 7. Thus
x3 -1 = 2
x3 -1 = -2
x3 -1 = 7
x3 = 3
x3 = -1
x3 = 8
x =
3p
3
x = -1
x = 2
The sum is
3\sqrt
3 -1 + 2 = 1 +
3\sqrt",644aaa
solution1_2007.pdf,10,b,"You can paint your living room in 6 hours and your friend would take 8 hours to do the same job. How
long will it take the two of you to paint the living room if you work together?
(a) 21 minutes
(b) 3 3
7 hours
(c) 3 hours and 24 minutes
(d) 3 1
2 hours
(e) None of the above",": Let x be the time it takes you and your friend to paint the living room if you work
together. The following table shows which fraction of the living room can be painted in one hour:
People working
The whole room takes
Portion of the room painted in 1 hour
Only you
6 hours
1
6 of the room
Only your friend
8 hours
1
8 of the room
Both together
x hours
1
x of the room
If you work together, you paint 1
6 of the room and your friend paints 1
8 of the room in one hour.
Therefore 1
6 + 1
8 = 1
x . Multiplying both sides by the common denominator 24x, we get 4x + 3x = 24, or
7 = 3 4
x = 24
7 hours.
-3",645aaa
solution1_2007.pdf,11,b,"Assume X, Y and Z represent positive real numbers. The expression

16X-6Y 8
4
is equivalent to
Z
4
3
(a) 8X
9
2 Z
Y 6
(b) ZX4\sqrt
X
8Y 6
(c)
Y
32
9
(d) -8X
9
2 Y 6
3
Z
(e) None of the above
16X8Z
16",": Using properties of exponents:
-1

4

!-3
! 3
!-1
16Y 8
16X-6Y 8
8Y 6
4
=
=


Z
4
3
X6Z
4
3
X
9
2 Z
= X
9
2 Z
8Y 6 = ZX4\sqrt
X
8Y 6

SVSU -- 2007 Math Olympics Solutions
Level I -- Page 5",646aaa
solution1_2007.pdf,12,b,"10% of a high school senior class participate in Math Olympics. 95% of the seniors that participate in
Math Olympics get into the college of their choice. Only 50% of the seniors who don't participate in
Math Olympics get into the college of their choice. What percentage of seniors from that high school
get into the college of their choice?
(a) 9.5%
(b) 54.5%
(c) 59.5%
(d) 60%
(e) None of the above",": Out of 100 students, 10 participate in Math Olympics. Out of the 10 students, 95%, which
is 9.5 students, get into the college of their choice.
Out of the 90 students who do not participate in the Math Olympics, 50%, which is 45 students, get into
the college of their choice.
Altogether, out of 100 students, 9.5 + 45 = 54.5 students get into the college of their choice.",647aaa
solution1_2007.pdf,13,c,"How many two digit numbers are such that when the tens digit and the ones digit are interchanged, the
resulting two digit number is 9 more than the original two digit number? (Note that 0 cannot be the
first digit of a two digit number.)
(a) 0
(b) 1
(c) 8
(d) 9
(e) None of the above",": Let d be the tens digit and e the ones digit of the number. Then the number is 10d + e
and the number with interchanged digits is 10e + d. Then we get
10d + e + 9 = 10e + d
9d -9e = -9
e -d = 1
e = d + 1
Since d cannot be 0, the possible two digit numbers are 12, 23, 34, 45, 56, 67, 78 and 89.",648aaa
solution1_2007.pdf,14,a,"Which of the following is an equation of a circle with diameter that has endpoints P(2, 5) and Q(6, -3).
(a) (x -4)2 + (y -1)2 = 20
(b) (x -4)2 + (y -1)2 = 40
(c) (x -2)2 + (y -4)2 = 20
(d) (x -2)2 + (y -4)2 = 40
(e) None of the above",": The center of the circle must be the midpoint of P and Q, which is

2+6
2

= (4, 1).
The radius is a half of the distance between the two points:
2 , 5-3
\sqrt
\sqrt
(6 -2)2 + (-3 -5)2
p
16 + 64
80
2
r =
2
=
2
=
which means that r 2 =
80
4
= 20. The equation of the circle is then (x -h)2 + (y -k)2 = r 2, or
(x -4)2 + (y -1)2 = 20.

SVSU -- 2007 Math Olympics Solutions
Level I -- Page 6",649aaa
solution1_2007.pdf,15,b,"Rationalize the denominator:
4
\sqrt
3
2 +
\sqrt
3 +
\sqrt
7
7
(c) -4
 
2 -
\sqrt
3 + 4 + 4
\sqrt
(a)
4
7
(b) 2 +
\sqrt
3 -
\sqrt
3
(d) 2
\sqrt
7

21
7
(e) None of the above",":
4
\sqrt
7 \cdot 2 +
\sqrt
3 -
\sqrt
 
4
\sqrt
3
  
2 +
\sqrt
3 -
\sqrt
7

3
2 +
\sqrt
7
2 +
\sqrt
3 +
\sqrt
3 -
\sqrt
7 =
 
2 +
\sqrt
3
2 -7
 
4
\sqrt
3
  
2 +
\sqrt
3 -
\sqrt
7

4 + 4
\sqrt
=
3 + 3 -7
3 -
\sqrt
= 2 +
p
7",650aaa
solution1_2007.pdf,16,b,"Find the value(s) of the parameter b, if possible, such that the linear system



x + 2y = 1
3x + by = 3
has infinitely many solutions.
(a) b = -2 only
(b) b = 6 only
(c) Both b = -2 and b = 6
(d) There are infinitely many such choices of b
(e) There is no such choice of b",": The system will have infinitely many solutions only if one of the equations is a multiple
of the other. Multiplying the first equation by 3 gives us 3x + 6y = 3, which will be the same as the
second equation if b = 6.

SVSU -- 2007 Math Olympics Solutions
Level I -- Page 7",651aaa
solution1_2007.pdf,2,a,"ft and 4
ft. Assuming that the area that can be colored depends only on the amount of paint (and no other
factors), what is the minimal number of cans of paint we need to buy to paint the interior of a 6 ft by 9
ft rectangle?
(a) 6 cans
(b) 7 cans
(c) 8 cans
(d) 9 cans
(e) None of the above",: The square of side r ft and the right triangle with legs (r + 3,652aaa
solution1_2007.pdf,18,c,"Suppose that f(x) = 2 (f(x + 1) + f (x -1)) for all x. If f (2) = 2 and f (4) = -2, what is f (7)?
(a) -1
(b)
3
2
(c)
7
4
(d) -5
8
(e) None of the above",": First, f(3) = 2(f(4)+f (2)) = 2(2-2) = 0. Solving the relation f (x) = 2 (f (x + 1) + f (x -1))
for f (x + 1) gives us
f (x + 1) = 1
2f (x) -f (x -1)
Therefore
f(5) = 1
2f (4) -f (3) = -1 -0 = -1
f(6) = 1
2f (5) -f (4) = -1
2 + 2 = 3
2
f(7) = 1
2f (6) -f (5) = 3
4 + 1 = 7
4",653aaa
solution1_2007.pdf,19,c,"The radius of a circle inscribed in an equilateral triangle is 2
\sqrt
3 in. Find the exact area of the triangle.
(a) 12\pi in2
(b) 36 in2
(c) 36
\sqrt
3 in2
(d) 18
\sqrt
3 in2
(e) None of the above",":

SVSU -- 2007 Math Olympics Solutions
Level I -- Page 8
The triangle ADH is a 30-60-90 triangle, with the leg DH of length 2
\sqrt
3
in. Therefore the other leg is 2
\sqrt
C
3
\sqrt
3 = 6 in long, and the hypotenuse
AH is 4
\sqrt
3 in long. The triangle CEH is congruent to ADH, therefore
CH = AH = 4
\sqrt
3 in. Therefore the equilateral triangle ABC has base
AB = 12 in and height CD = 6
\sqrt
E
2 \cdot 12 \cdot 6
\sqrt
3 = 36
\sqrt
3 in. Its area is 1
3
square inches.
H
A
B
D",654aaa
solution1_2007.pdf,20,c,"The lengths of the three sides of a triangle are 13 cm, 14 cm and 15 cm. Find the length of the altitude
to the 14 cm side.
(a) 5 cm
(b) 9 cm
(c) 12 cm
(d) Not enough information given
(e) None of the above",": We need to find the length x. According to the
Pythagorean theorem, x2 = 152 -y2 and x2 = 132 -(14 -y)2.
This gives us the equation
C
13 cm
15 cm
x
225 -y2 = 169 -196 + 28y -y2
14 cm
B
A
C1
y
14 -y
225 = 28y -27
252 = 28y
y = 9
Then x =
\sqrt
225 -81 =
\sqrt
152 -92 =
\sqrt
144 = 12 cm.",655aaa
solution1_2007.pdf,21,d,"A farmer needs to shorten the width of a bean field by 20% to make room for a storage shed. He would
like the bean field to keep the same area. By what percent should he increase the length of the field?
(a) 15%
(b) 20%
(c) 24%
(d) 25%
(e) None of the above",": Let's say the farmer needs to increase the length of the field by p%. We need to find the
value of p. Let l and w be the original length and width, respectively. The original area of the field was
l \cdot w. The new width will be w -.2w = .8w. The new length will be l +
p
100l =

1 +
p
100

l, and the new
area will be l(1 +
p
100) \cdot .8w. The farmer wants the two areas to be equal, therefore
.8

1 +
p
100

lw = lw
.8

1 +
p
100

= 1
1 +
p
100 = 1.25
p
100 = .25
p = 25

SVSU -- 2007 Math Olympics Solutions
Level I -- Page 9
C
D",656aaa
solution1_2007.pdf,22,a,"Given:
AB \parallelDC, CE \parallelDA
m\angle A = m\angle B = 48{\textopenbullet}
E
F
48{\textopenbullet}
48{\textopenbullet}
CF bisects \angle DCB
Find:
m\angle FCE
A
B
(a) 18{\textopenbullet}
(b) 33{\textopenbullet}
(c) 42{\textopenbullet}
(d) Not enough information given
(e) None of the above",": In the parallelogram AECD, the measures of \angle A and \angle DCE are both 48{\textopenbullet}, while the
measures of \angle D and \angle E are both 180{\textopenbullet}-48{\textopenbullet}= 132{\textopenbullet}. Since ABCD is an isosceles trapezoid, m\angle DCB =
m\angle D = 132{\textopenbullet}. Since CF bisects \angle DCB, the measure of \angle DCF is half of the measure of \angle DCB, or
132{\textopenbullet}
2
= 66{\textopenbullet}. Then m\angle FCE = m\angle DCF -m\angle DCE = 66{\textopenbullet}-48{\textopenbullet}= 18{\textopenbullet}.",657aaa
solution1_2007.pdf,23,a,"Let F be a function such that F

8
\sqrt

= x for all x \ge0. What is F(4)?
1+\sqrtx
(a) 9
(b)
8
\sqrt
3
3
(c)
-12+8
\sqrt
3
3
(d)
9
16
(e) None of the above",": We are looking for x such that 4 =
8
\sqrt
1+\sqrtx . Then F(4) = x.
4 =
8
p
1 + \sqrtx
q
1 +
\sqrt
x = 2
1 +
\sqrt
x = 4
\sqrt
x = 3
x = 9
Therefore F(4) = 9.

SVSU -- 2007 Math Olympics Solutions
Level I -- Page 10",658aaa
solution1_2007.pdf,24,c,"The solution to the inequality x -1
x -2 \ge3 is
(a) x \le5
2, x \ne2
(b) x < 2 or x \ge5
2
(c) 2 < x \le5
2
(d) 2 \lex \le5
2
(e) None of the above",": First subtract 3 from both sides of the inequality and simplify the left side:
x -1
x -2 -3 \ge0
x -1
x -2 -3x -6
x -2 \ge0
x -1 -(3x -6)
x -2
\ge0
5 -2x
x -2 \ge0
which means that 5-2x
x-2 must be either positive or 0. The fraction on the left is 0 if x = 5
2 and is
undefined if x = 2. If x < 5
2, the numerator 5-2x is positive, while for x > 5
2 the numerator is negative.
If x < 2, the denominator x -2 is negative, while for x > 2, the denominator is positive. The fraction
will only be positive if the numerator and the denominator have the same sign, which will only happen
for 2 < x < 5
2 (when they are both negative). Since the fraction can be equal to 0, 5
2 should be included.",659aaa
solution1_2007.pdf,25,c,"A right triangle with sides 6, 8 and 10 is inscribed in a circle C1.
The legs of the right triangle are the diameters of the half circles
that lie outside the triangle as shown. Find the area of the shaded
region.
C
C2
C3
C1
8
6
10
(a) 28
B
A
(b) 28\pi
(c) 24
(d) 24\pi
(e) None of the above",": When a right triangle is inscribed in a circle, its hypotenuse is always a diameter of the
circle. Therefore the radius of the large circle is 5, while the radii of the two smaller circles are 4 and 3.
The area of the shaded region is the combined area of the two small semicircles and the triangle, minus
the area of the large semicircle:
1
2\pi42 + 1
2\pi32 + 1
2 \cdot 6 \cdot 8 -1
2\pi52 = 1
2\pi(16 + 9 -25) + 24 = 24
(which happens to be the area of the triangle. Would this happen for every right triangle?)",660aaa
solution2_2007.pdf,1,d,"For which x is log2
 
x2 -2x -2

\le0?
(a) (-1, 3)
(b) [-1, 3]
3

\cup
 
1 +
\sqrt
3, \infty

(d)

-1, 1 -
\sqrt
3

\cup
 
1 +
\sqrt
(c)
 
-\infty, 1 -
\sqrt
3, 3

(e) None of the above",": First of all, in order for the log2 to be even defined, x2 -2x -2 > 0. The parabola with
equation y = x2 -2x -2 opens up and has for x-intercepts x = 1 \pm
\sqrt
3 (for example using quadratic
formula). The parabola will be above the x-axis if x < 1 -
\sqrt
3 or if x > 1 +
\sqrt",661aaa
solution2_2007.pdf,2,c,"The exact value of the expression sin-1

sin 2\pi

is
3
\sqrt
3
(d)
\sqrt
(a)
2\pi
3
2
(c)
\pi
3
(b)
3
(e) None of the above",": The range of sin-1 is
h
-\pi
2
i
. The angle 2\pi
2 , \pi
3 is in the second quadrant, sin is positive,
and the corresponding reference angle is \pi -2\pi
3 = \pi
3 .",662aaa
solution2_2007.pdf,3,b,"Augustus, Benedict, Claudio, and Diana have been accused of stealing the golden mean. It is known
that one of these four people must have done it. Augustus says ""Benedict did it"". Benedict says ""Diana
did it"". Claudio says ""I didn't do it"". Diana says ""Benedict is lying when he says I did it"". If it is known
that exactly one of them is lying, which one did it?
(a) Augustus
(b) Benedict
(c) Claudio
(d) Diana
(e) More than one person must be lying",": Since Benedict and Diana contradict each other, one of them must be lying. We know that
only one person is lying, therefore Augustus (and Claudio, but that is not important) must be telling
the truth.

SVSU -- 2007 Math Olympics Solutions
Level II -- Page 2",663aaa
solution2_2007.pdf,4,c,"Which of the following equations expresses the correct relationship
between the angles \alpha and \beta as defined in the figure?
y
2 sin-1 
1-5 sin2(\alpha)
1+3 sin2(\alpha)

(a) \beta = 1
2 cos-1 
1-5 sin2(\alpha)
1+3 sin2(\alpha)
2 cos-1 
1-5 cos2(\alpha)
1+3 cos2(\alpha)

(c) \beta = 1

(b) \beta = 1
\alpha
\beta
x
x
2 sin-1 
1-5 cos2(\alpha)
1+3 cos2(\alpha)

(e) None of the above
(d) \beta = 1",": Without loss of generality we can assume that the hypotenuse of the larger triangle is 1
unit long. Then y = sin\alpha and x = 1
2 cos \alpha. The hypotenuse of the short triangle is then
s
cos2 \alpha
4
+ sin2 \alpha = 1
cos2 \alpha + 4 sin2 \alpha = 1
q
q
1 + 3 sin2 \alpha
2
2
Then
cos \beta =
cos \alpha
p
1 + 3 sin2 \alpha
and
1 + 3 sin2 \alpha
= 1 -sin2 \alpha
cos2 \beta =
cos2 \alpha
1 + 3 sin2 \alpha
Finally
cos 2\beta = 2 cos2 \beta -1 = 1 -sin2 \alpha
1 + 3 sin2 \alpha
-1 = 1 -5 sin2 \alpha
1 + 3 sin2 \alpha
Applying inverse cosine and dividing by 2 we get
2 cos-1
 
1 -5 sin2 \alpha
!
\beta = 1
1 + 3 sin2 \alpha",664aaa
solution2_2007.pdf,5,c,"The number of solutions to the equation 2x + 4 (2-x) = 5 is
(a) 0
(b) 1
(c) 2
(d) 3
(e) More than 3",": Substituting u = 2x the equation becomes
u + 4
u = 5
u2 + 4 = 5u (since u = 2x is never 0)
u2 -5u + 4 = 0
(u -4)(u -1) = 0
therefore u = 4 and x = 2 or u = 1 and x = 0. Therefore the equation has 2 solutions.

SVSU -- 2007 Math Olympics Solutions
Level II -- Page 3",665aaa
solution2_2007.pdf,6,a,"The expression 1 + cos \theta
sin \theta
+
sin \theta
1 + cos \theta is equivalent to which of the following? (Assume \theta \ne\pi + 2\pin
for any integer n.)
(a) 2 csc \theta
(b) 2 cot \theta
(c) 2 sec \theta
(d) csc \theta sec \theta
(e) None of the above",":
sin \theta
+
sin \theta
1 + cos \theta = (1 + cos \theta)2 + sin2 \theta
1 + cos \theta
sin \theta(1 + cos \theta)
=
2(1 + cos \theta)
sin \theta(1 + cos \theta) = 2 csc \theta",666aaa
solution2_2007.pdf,7,c,"10 % of a high school senior class participate in Math Olympics. 95 % of the seniors that participate in
Math Olympics get into the college of their choice. Only 50 % of the seniors who don't participate in
Math Olympics get into the college of their choice. If a senior from that high school got into the college
of his or her choice, what is the probability that this senior participated in Math Olympics?
(a) .095
(b) .545
(c)
19
109
(d) .95
(e) None of the above",": The probability that a student got into the college of his or her choice and participated in
Math Olympics is .1\cdot.95 = .095. the probability that a student got into a college of his or her choice and
did not participate in Math Olympics is .9 \cdot .5 = .45. the probability that a student got into a college of
his or her choice, regardless of participation in Math Olympics is the .095 + .45 = .545. The conditional
probability that a student participated in Math Olympics provided he or she got into a college of his or
her choice is
.095
.545 = 95
545 = 19
109",667aaa
solution2_2007.pdf,8,a,"Let F be a function such that F

8
\sqrt

= x for all x \ge0. What is F(4)?
1+\sqrtx
(a) 9
(b)
8
\sqrt
3
3
(c)
-12+8
\sqrt
3
3
(d)
9
16
(e) None of the above",": We are looking for x such that 4 =
8
\sqrt
1+\sqrtx . Then F(4) = x.
4 =
8
p
1 + \sqrtx
q
1 +
\sqrt
x = 2
1 +
\sqrt
x = 4
\sqrt
x = 3
x = 9
Therefore F(4) = 9.

SVSU -- 2007 Math Olympics Solutions
Level II -- Page 4",668aaa
solution2_2007.pdf,3,c,"3
ft
(d) 800
 \sqrt
3 -1

ft
(e) None of the above",": Let h be the height of the building itself and let x be the height of the sign. Then
\sqrt
3
3
h
800 = tan 30{\textopenbullet}=
and
x + h
800
= tan(30{\textopenbullet}+ 15{\textopenbullet}) = tan 45{\textopenbullet}= 1
Therefore
\sqrt
3
3 +
x
800 = 1
and
3 -
\sqrt
!
3
3
x = 800",669aaa
solution2_2007.pdf,10,c,"A middle school has 100 lockers numbered 1 to 100, and 100 students. The first student goes down
the row of lockers and opens every locker. Then the second student goes down the row of lockers and
closes every locker that is numbered with a multiple of two. Then the third student goes down the row
of lockers, and for every locker that is numbered with a multiple of 3, if it is open, she closes it, but if
it is already closed, she opens it again. The fourth student then does the same thing for the lockers
numbered with multiple of 4, and so on, down to the hundreth student. In the end, how many lockers
are still open?
(a) 1
(b) all of the lockers that are not numbered with prime numbers
(c) 10
(d) 15
(e) None of the above",": Consider locker number n. Notice that student m will touch the locker only if n is a
multiple of m. So we want to consider all factors of n, including 1 and n. The complete list of factors
represents all students who will touch the locker.
If n has an even number of factors, then an even number of students will touch the locker. Since the
first student opens it, the nth student will close it and it will remain closed. If n has an odd number of
factors, then similarly we see that the nth student will open the locker and it will remain open.
It remains to count how many n have an odd number of factors. Each factorization n = ab with a ̸= b
gives us a pair of factors, keeping the count of factors even. So the only way to get an odd number of
factors is if n = c2 for some c, that is if n is a perfect square.
There are 10 perfect squares (12, 22, . . . , 102) between 1 and 100, and so 10 lockers will remain open.

SVSU -- 2007 Math Olympics Solutions
Level II -- Page 5",670aaa
solution2_2007.pdf,12,d,"The line 3x + y = b and the equation 2x2 + y2 = 1 are graphed on an (x, y)-rectangular coordinate
system. For what values of b will the graph of the line 3x + y = b be tangent to the graph of the
equation 2x2 + y2 = 1?
(a) The graph of the line 3x + y = b is not tangent to the graph of 2x2 + y2 = 1 for any b.
(b) The graph of the line 3x + y = b is tangent to the graph of 2x2 + y2 = 1 for all b.
\sqrt
22
2
(e) None of the above
(c) b = \pm1
(d) b = \pm",": The line will be tangent to the ellipse if the two curve intersect at exactly one point. So
we are looking for the values of the parameter b such that the system of equations
(
2x2 + y2
= 1
3x + y
= b
has exactly one solution. Solving the second equation for y and plugging into the first equation gives
us
2x2 + (b -3x)2 = 1
11x2 -6bx + b2 -1 = 0
Using the quadratic formula
22
= 6b \pm
\sqrt
36b2 -4 \cdot 11 \cdot (b2 -1)
x = 6b \pm
p
44 -8b2
22
To have exactly one solution, 44 -8b2 must be 0. Therefore
b2 = 22
4
\sqrt
22
2
b = \pm

SVSU -- 2007 Math Olympics Solutions
Level II -- Page 6",671aaa
solution2_2007.pdf,13,c,"Consider all three digit numbers for which the tens digit is the sum of the ones digit and the hundreds
digit. How many such numbers are divisible by 11? (Note that 0 cannot be the first digit of a three digit
number.)
(a) 9
(b) 10
(c) 45
(d) 55
(e) None of the above",": Let h be the hundreds digit and o the ones digit. Then the tens digit must be h + o and
the number will be
100h + 10(h + o) + o = 100h + 10h + 10o + o = 110h + 11o = 11(10h + o)
therefore all such numbers are divisible by 11. We will get one such number for each pair or h and o
such that h + o \le9.
If h = 1, there is 9 choices for o: 0, 1, 2, . . . 8, if h = 2, we only have 8 choices for o etc. All together we
have 9 + 8 + 7 + \cdot \cdot \cdot + 2 + 1 = 9\cdot10
2
= 45 such numbers.",672aaa
solution2_2007.pdf,14,c,"Simplify
 
1
\sqrta +
\sqrt


s
!
a + 1
a -1
a + 1 +
1
\sqrta -
\sqrt
\div
1 +
where a > 1
a -1
(a) \sqrta +
\sqrt
a-1
(c)
\sqrt
a + 1
(b)
1
\sqrta-
\sqrt
a -1
(d)
1
\sqrt
a+1
(e) None of the above",":
\sqrta-
\sqrt
a+1
a-(a+1) +
\sqrta+
\sqrt
1
\sqrta+
\sqrt
a+1 +
1
\sqrta-
\sqrt
a-1
a-(a-1)
\sqrt
a-1
a+1
a-1
=
a-1+
\sqrt
1 +
q
a+1
\sqrt
a-1
a + 1 +
\sqrt
\sqrt
a -1
\sqrt
=
a+1+
\sqrt
a-1
\sqrt
a-1
=
p
a -1

SVSU -- 2007 Math Olympics Solutions
Level II -- Page 7",673aaa
solution2_2007.pdf,15,b,"Find the sum of all irreducible fractions with a denominator 3 that are between the positive integers m
and n, where m < n.
3
(b) n2 -m2
(c)
n2-m2
3
(d) n2 -m2 -2m
(a)
m(n-m)
(e) None of the above",": All fractions with denominator 3 that are between the positive integers m and n are:
m
3m+1
3
3m+2
3m
3
3(m+1)
3
3(m+1)+1
3
3(m+1)+2
3
...
...
...
3(n-1)
3
3(n-1)+1
3
3(n-1)+2
3
3n
3
The fractions in the first column are reducible. Combining all the fractions in the second and third
column we get
2 \cdot 3 \cdot [m + \cdot \cdot \cdot + (n -1)] + 3 \cdot [n -1 -m + 1]
3
= 2
(n -1)n
2
-(m -1)

+ n -m
2
which after simplifying gives us n2 -m2.",674aaa
solution2_2007.pdf,16,b,"C
The heights (altitudes) AA1, BB1, CC1 in the triangle ABC intersect at the point H
so that CH = HC1. If \alpha = \angle CAB and \beta = \angle CBA then tan \alpha tan \beta is
A1
B1
H
B
(a)
1
2
(b) 2
(c)
1
4
(d) 4
(e) None of the above
C1
A",": The triangles BA1A and HC1A are similar. Therefore m\angle ABA1 = m\angle AHC1 = \beta. Then
tan \alpha tan \beta = CC1
C1A
AC1
C1H = CC1
C1H = 2.",675aaa
solution2_2007.pdf,17,d,"A license plate code consists of two letters followed by three digits. The letters cannot repeat, but the
numbers can. What is the probability that a randomly chosen plate has at least one zero?
(a)
3
10
(b)
1
10
(c)
729
1000
(d)
271
1000
(e) None of the above",": Since none of the letters can be zero, the letters do not matter. We are looking for the
probability of at lest one zero in three digits.
P(at least one zero) = 1 -P(no zero) = 1 -9
10
9
10
9
10 = 271
1000

SVSU -- 2007 Math Olympics Solutions
Level II -- Page 8",676aaa
solution2_2007.pdf,18,d,"How many integers between 1 and 1000 inclusive are neither multiples of 4 nor multiples of 7?
(a) 357
(b) 663
(c) 608
(d) 643
(e) None of the above",": Since 1000/4 = 250, there are exactly 250 multiples of 4 between 1 and 1000: 1 \cdot 4, 2 \cdot 4,
. . . 250 \cdot 4. Since 1000/7 \approx142.9, there are exactly 142 multiples of 7 between 1 and 1000. However,
all the multiples of 28 were on both lists. Since 1000/28 \approx35.7, there are exactly 35 such multiples.
Therefore there are 250 + 142 -35 = 357 numbers between 1 and 1000 that are multiple of 4 or
multiples of 7. Therefore there are 1000 -357 = 643 numbers between 1 and 1000 that are neither
multiples of 4 nor multiples of 7.",677aaa
solution2_2007.pdf,19,c,"Suppose that f(x) = 2 (f(x + 1) + f (x -1)) for all x. If f (2) = 2 and f (4) = -2, what is f (7)?
(a) -1
(b)
3
2
(c)
7
4
(d) -5
8
(e) None of the above",": First, f(3) = 2(f(4)+f (2)) = 2(2-2) = 0. Solving the relation f (x) = 2 (f (x + 1) + f (x -1))
for f (x + 1) gives us
f (x + 1) = 1
2f (x) -f (x -1)
Therefore
f(5) = 1
2f (4) -f (3) = -1 -0 = -1
f(6) = 1
2f (5) -f (4) = -1
2 + 2 = 3
2
f(7) = 1
2f (6) -f (5) = 3
4 + 1 = 7
4",678aaa
solution2_2007.pdf,20,c,"Suppose p(x) is a degree 4 polynomial with rational coefficients. If 1 is the only real root of p(x), but
p(x) is not a multiple of (x -1)4, which of the following must also be true?
(a) 1 must be a root of multiplicity one.
(b) p(x) has two roots of multiplicity two.
(c) 1 is the only root of p(x) of multiplicity two.
(d) 1 must be a root of multiplicity three.
(e) Not enough information is given.",": Any polynomial of degree 4 must have exactly 4 roots, when counted with multiplicity.
Since p(x) is not a multiple of (x -1)4, 1 is not the only root of the polynomial. It is the only real root,
though, so all other roots must be non-real complex number. Since p(x) has only real coefficient, its
non-real roots come in complex conjugate pairs. Therefore there must be an even number of them, in
this case two, each of them of multiplicity one. Therefore 1 must have multiplicity 2.",679aaa
solution2_2007.pdf,22,c,"The equation log x2 =
 
log x
2 has
(a) no solution
(b) one solution
(c) two solutions
(d) three solutions
(e) more than three solutions",": Using properties of logarithms, the equation can be rewritten as 2 log x = (log x)2.
Substituting u = log x gives us 2u = u2 or 2u -u2 = 0 or u(2 -u) = 0, which means that u = 0 or
u = 2. That gives us x = 1 or x = 200.",680aaa
